id_global,tema_id,sub_id,nombre_subtema,resumen_subtema,top_terminos,n_palabras,n_aristas,densidad,peso_total
T00_S00,0,0,"Secretario, reunion, recursos, hidraulicos","Subtema T00.S00 centrado en secretario, reunion, recursos, hidraulicos, consejo, francisco; conecta tambien alvarez, marco, gerente.","secretario, reunion, recursos, hidraulicos, consejo, francisco, alvarez, marco, gerente",9,30,0.833,64.0
T00_S01,0,1,"Maria, macias, cuyo, estacionamiento","Subtema T00.S01 centrado en maria, macias, cuyo, estacionamiento, recuperacion, aire; conecta tambien union.","maria, macias, cuyo, estacionamiento, recuperacion, aire, union",7,15,0.714,57.0
T00_S02,0,2,"Venta, escenario, restaurante, cultura","Subtema T00.S02 centrado en venta, escenario, restaurante, cultura, solucion, recuerdo; conecta tambien cocina, seguido, garza.","venta, escenario, restaurante, cultura, solucion, recuerdo, cocina, seguido, garza",9,23,0.639,45.0
T00_S03,0,3,"Situacion, titular, perdida, comunicacion","Subtema T00.S03 centrado en situacion, titular, perdida, comunicacion, fuga, agregar; conecta tambien celular.","situacion, titular, perdida, comunicacion, fuga, agregar, celular",7,13,0.619,37.0
T00_S04,0,4,"Integrante, decidir, expectativa, ganado","Subtema T00.S04 centrado en integrante, decidir, expectativa, ganado, rural, distancia; conecta tambien afectado, salida, planta.","integrante, decidir, expectativa, ganado, rural, distancia, afectado, salida, planta",9,22,0.611,35.0
T00_S05,0,5,"Sector, empresarial, panorama, sello","Subtema T00.S05 centrado en sector, empresarial, panorama, sello, ambiental, comapa; conecta tambien honor.","sector, empresarial, panorama, sello, ambiental, comapa, honor",7,13,0.619,32.0
T00_S06,0,6,"Revisar, cadena, elevar, revision","Subtema T00.S06 centrado en revisar, cadena, elevar, revision, reto.","revisar, cadena, elevar, revision, reto",5,8,0.8,27.0
T00_S07,0,7,"Administracion, plan, establecimiento, yucatan","Subtema T00.S07 centrado en administracion, plan, establecimiento, yucatan.","administracion, plan, establecimiento, yucatan",4,4,0.667,9.0
T00_S08,0,8,"Requerir, suministro, invertir, inmobiliario","Subtema T00.S08 centrado en requerir, suministro, invertir, inmobiliario.","requerir, suministro, invertir, inmobiliario",4,5,0.833,8.0
T01_S00,1,0,"Millon, pesos, inversion, informe","Subtema T01.S00 centrado en millon, pesos, inversion, informe, carga, reyes.","millon, pesos, inversion, informe, carga, reyes",6,12,0.8,129.0
T01_S01,1,1,"Iniciar, compartir, mexicana, dif","Subtema T01.S01 centrado en iniciar, compartir, mexicana, dif, registro, capacitacion; conecta tambien infancia, docente.","iniciar, compartir, mexicana, dif, registro, capacitacion, infancia, docente",8,16,0.571,63.0
T01_S02,1,2,"Proyecto, construccion, estrategico, otorgar","Subtema T01.S02 centrado en proyecto, construccion, estrategico, otorgar, cmic.","proyecto, construccion, estrategico, otorgar, cmic",5,9,0.9,52.0
T01_S03,1,3,"Importante, formar, encargado, conectar","Subtema T01.S03 centrado en importante, formar, encargado, conectar, tampiquena, pasion; conecta tambien esperado, tamaulipa, revivir.","importante, formar, encargado, conectar, tampiquena, pasion, esperado, tamaulipa, revivir",9,16,0.444,50.0
T01_S04,1,4,"Norte, grupo, radio, pronto","Subtema T01.S04 centrado en norte, grupo, radio, pronto, pilar, posteriormente; conecta tambien coahuila, completamente, emocion.","norte, grupo, radio, pronto, pilar, posteriormente, coahuila, completamente, emocion",9,20,0.556,49.0
T01_S05,1,5,"Region, fronterizo, kilometro, noreste","Subtema T01.S05 centrado en region, fronterizo, kilometro, noreste.","region, fronterizo, kilometro, noreste",4,6,1.0,30.0
T01_S06,1,6,"Seguro, estacion, contemplar, comun","Subtema T01.S06 centrado en seguro, estacion, contemplar, comun, querido.","seguro, estacion, contemplar, comun, querido",5,6,0.6,29.0
T01_S07,1,7,"Sumar, agradecer, actuacion, actor","Subtema T01.S07 centrado en sumar, agradecer, actuacion, actor, dinamica.","sumar, agradecer, actuacion, actor, dinamica",5,10,1.0,29.0
T02_S00,2,0,"Nacional, evento, nivel, consolidar","Subtema T02.S00 centrado en nacional, evento, nivel, consolidar, aspecto, crear; conecta tambien television, reafirmar, sonar, finalizar.","nacional, evento, nivel, consolidar, aspecto, crear, television, reafirmar, sonar, finalizar",10,28,0.622,156.0
T02_S01,2,1,"Presidente, torre, octavio, tren","Subtema T02.S01 centrado en presidente, torre, octavio, tren, canaco, firma; conecta tambien eduardo, pacto, manzur, steffano, guardar, materia.","presidente, torre, octavio, tren, canaco, firma, eduardo, pacto, manzur, steffano, guardar, materia",15,46,0.438,145.0
T02_S02,2,2,"Turistico, visitante, gonzalez, destino","Subtema T02.S02 centrado en turistico, visitante, gonzalez, destino, atraer, erasmo; conecta tambien rafael, record.","turistico, visitante, gonzalez, destino, atraer, erasmo, rafael, record",8,17,0.607,83.0
T02_S03,2,3,"Mes, cuidar, volver, forma","Subtema T02.S03 centrado en mes, cuidar, volver, forma, similar, recuperar; conecta tambien patrimonio, significar, instalar, sospechoso, preparado, traer.","mes, cuidar, volver, forma, similar, recuperar, patrimonio, significar, instalar, sospechoso, preparado, traer",12,36,0.545,82.0
T02_S04,2,4,"Estrategia, imagen, identificar, brindar","Subtema T02.S04 centrado en estrategia, imagen, identificar, brindar, urbano, coordinado; conecta tambien autobus, aunado, lara, diputado, saldo, destinado.","estrategia, imagen, identificar, brindar, urbano, coordinado, autobus, aunado, lara, diputado, saldo, destinado",14,39,0.429,59.0
T02_S05,2,5,"Comercial, plaza, diverso, aumentar","Subtema T02.S05 centrado en comercial, plaza, diverso, aumentar, reunir, armas.","comercial, plaza, diverso, aumentar, reunir, armas",6,13,0.867,40.0
T02_S06,2,6,"Puerto, identidad, trabajador, sabor","Subtema T02.S06 centrado en puerto, identidad, trabajador, sabor, barda, sorprender; conecta tambien omar, servicios.","puerto, identidad, trabajador, sabor, barda, sorprender, omar, servicios",8,18,0.643,34.0
T02_S07,2,7,"Senalar, funcionario, activo, cabe","Subtema T02.S07 centrado en senalar, funcionario, activo, cabe, deportesmiercol, nunez.","senalar, funcionario, activo, cabe, deportesmiercol, nunez",6,8,0.533,26.0
T02_S08,2,8,"Delgado, aduana, emprender, impuesto","Subtema T02.S08 centrado en delgado, aduana, emprender, impuesto, porteno, franquicia.","delgado, aduana, emprender, impuesto, porteno, franquicia",6,8,0.533,17.0
T03_S00,3,0,"Doenitz, presunto, violencia, ocurrido","Subtema T03.S00 centrado en doenitz, presunto, violencia, ocurrido, exalumno, senalamiento; conecta tambien casodafne, recurrir.","doenitz, presunto, violencia, ocurrido, exalumno, senalamiento, casodafne, recurrir",8,22,0.786,113.0
T03_S01,3,1,"Abrir, llamado, sentir, gustar","Subtema T03.S01 centrado en abrir, llamado, sentir, gustar, frente, aprovechar; conecta tambien opcion, juego, dema, aprendizaje, tecnologia, preparacion.","abrir, llamado, sentir, gustar, frente, aprovechar, opcion, juego, dema, aprendizaje, tecnologia, preparacion",15,48,0.457,92.0
T03_S02,3,2,"Video, carpeta, cdmx, comentario","Subtema T03.S02 centrado en video, carpeta, cdmx, comentario, garcia, morenista; conecta tambien senado, periodista, postura, augusto, suspender.","video, carpeta, cdmx, comentario, garcia, morenista, senado, periodista, postura, augusto, suspender",11,32,0.582,80.0
T03_S03,3,3,"Suceder, favor, dolor, miedo","Subtema T03.S03 centrado en suceder, favor, dolor, miedo, agarrar, actuar; conecta tambien tranquilo, acusacion, agente, descartar.","suceder, favor, dolor, miedo, agarrar, actuar, tranquilo, acusacion, agente, descartar",10,34,0.756,71.0
T03_S04,3,4,"Mensaje, retiro, profesional, ochoa","Subtema T03.S04 centrado en mensaje, retiro, profesional, ochoa, trayectoria, describir; conecta tambien guillermo, disputar.","mensaje, retiro, profesional, ochoa, trayectoria, describir, guillermo, disputar",8,17,0.607,70.0
T03_S05,3,5,"Madre, muerte, amenaza, morelos","Subtema T03.S05 centrado en madre, muerte, amenaza, morelos, tijuana.","madre, muerte, amenaza, morelos, tijuana",5,6,0.6,63.0
T03_S06,3,6,"Expresar, doctor, practicamente, visita","Subtema T03.S06 centrado en expresar, doctor, practicamente, visita, canal, adelantar; conecta tambien seguidor, preocupacion.","expresar, doctor, practicamente, visita, canal, adelantar, seguidor, preocupacion",8,16,0.571,25.0
T03_S07,3,7,"Fisico, voz, psicologico, mecanismo","Subtema T03.S07 centrado en fisico, voz, psicologico, mecanismo, aleman, comparacion; conecta tambien escala.","fisico, voz, psicologico, mecanismo, aleman, comparacion, escala",7,12,0.571,19.0
T04_S00,4,0,"Asegurar, elemento, federal, carretera","Subtema T04.S00 centrado en asegurar, elemento, federal, carretera, policia, arma; conecta tambien altura, fuego, movilizacion, originario, intervencion, fallecido.","asegurar, elemento, federal, carretera, policia, arma, altura, fuego, movilizacion, originario, intervencion, fallecido",12,48,0.727,144.0
T04_S01,4,1,"Pasar, denunciar, familiar, homicidio","Subtema T04.S01 centrado en pasar, denunciar, familiar, homicidio, quitar, irregularidad; conecta tambien mover.","pasar, denunciar, familiar, homicidio, quitar, irregularidad, mover",7,17,0.81,75.0
T04_S02,4,2,"Ley, derecho, pena, protocolo","Subtema T04.S02 centrado en ley, derecho, pena, protocolo, violar, incrementar; conecta tambien congreso, humanos, relevancia, deportes.","ley, derecho, pena, protocolo, violar, incrementar, congreso, humanos, relevancia, deportes",10,24,0.533,72.0
T04_S03,4,3,"Comenzar, historia, acompanar, abril","Subtema T04.S03 centrado en comenzar, historia, acompanar, abril, detras, aparecer; conecta tambien pareja, pie, arbol, solido, raiz.","comenzar, historia, acompanar, abril, detras, aparecer, pareja, pie, arbol, solido, raiz",11,27,0.491,63.0
T04_S04,4,4,"Delito, detener, relacionado, judicial","Subtema T04.S04 centrado en delito, detener, relacionado, judicial, fgr, prevenir.","delito, detener, relacionado, judicial, fgr, prevenir",6,14,0.933,59.0
T04_S05,4,5,"Proceso, determinar, legal, vigente","Subtema T04.S05 centrado en proceso, determinar, legal, vigente, probable, disposicion; conecta tambien febrero.","proceso, determinar, legal, vigente, probable, disposicion, febrero",7,13,0.619,50.0
T04_S06,4,6,"Informar, indicar, declarar, marca","Subtema T04.S06 centrado en informar, indicar, declarar, marca, anadir, edicion.","informar, indicar, declarar, marca, anadir, edicion",6,12,0.8,37.0
T04_S07,4,7,"Enfrentar, resultar, extradicion, cambio","Subtema T04.S07 centrado en enfrentar, resultar, extradicion, cambio, consumo, reduccion; conecta tambien locallunes.","enfrentar, resultar, extradicion, cambio, consumo, reduccion, locallunes",7,15,0.714,23.0
T04_S08,4,8,"Control, juez, ilegal, lleno","Subtema T04.S08 centrado en control, juez, ilegal, lleno, ceremonia.","control, juez, ilegal, lleno, ceremonia",5,6,0.6,21.0
T04_S09,4,9,"Cabeza, vaca, negar","Subtema T04.S09 centrado en cabeza, vaca, negar.","cabeza, vaca, negar",3,3,1.0,13.0
T05_S00,5,0,"Militarizado, secretaria, educacion, formacion","Subtema T05.S00 centrado en militarizado, secretaria, educacion, formacion, sep, permiso; conecta tambien publica, detectar, directora.","militarizado, secretaria, educacion, formacion, sep, permiso, publica, detectar, directora",9,32,0.889,164.0
T05_S01,5,1,"Resultado, poblacion, unicamente, promedio","Subtema T05.S01 centrado en resultado, poblacion, unicamente, promedio, positivo, convivencia; conecta tambien revelar, conflicto, enfermedad.","resultado, poblacion, unicamente, promedio, positivo, convivencia, revelar, conflicto, enfermedad",9,31,0.861,76.0
T05_S02,5,2,"Voto, martinez, laura, juana","Subtema T05.S02 centrado en voto, martinez, laura, juana, modalidad.","voto, martinez, laura, juana, modalidad",5,7,0.7,43.0
T05_S03,5,3,"Autoridad, inmediato, supervision, oficina","Subtema T05.S03 centrado en autoridad, inmediato, supervision, oficina, detallar, ortega.","autoridad, inmediato, supervision, oficina, detallar, ortega",6,10,0.667,41.0
T05_S04,5,4,"Recordar, tratar, fallecer, escribir","Subtema T05.S04 centrado en recordar, tratar, fallecer, escribir, herida, batalla; conecta tambien especie, regalar.","recordar, tratar, fallecer, escribir, herida, batalla, especie, regalar",8,18,0.643,33.0
T05_S05,5,5,"Dia, terminar, presentacion, facultad","Subtema T05.S05 centrado en dia, terminar, presentacion, facultad, quintana, roo; conecta tambien deportiva.","dia, terminar, presentacion, facultad, quintana, roo, deportiva",7,11,0.524,31.0
T05_S06,5,6,"Institucion, plantel, agresion","Subtema T05.S06 centrado en institucion, plantel, agresion.","institucion, plantel, agresion",3,3,1.0,28.0
T05_S07,5,7,"Encontrar, medio, real, documentar","Subtema T05.S07 centrado en encontrar, medio, real, documentar.","encontrar, medio, real, documentar",4,5,0.833,23.0
T05_S08,5,8,"Afirmar, entrevista, comision, grave","Subtema T05.S08 centrado en afirmar, entrevista, comision, grave.","afirmar, entrevista, comision, grave",4,5,0.833,16.0
T05_S09,5,9,"Ingresar, instituto, modelo, verificar","Subtema T05.S09 centrado en ingresar, instituto, modelo, verificar, localdomingo.","ingresar, instituto, modelo, verificar, localdomingo",5,6,0.6,14.0
T06_S00,6,0,"Escuela, militar, nina, disciplina","Subtema T06.S00 centrado en escuela, militar, nina, disciplina, abuso, tortura; conecta tambien estricto, sedena, perez, preguntar, acusado.","escuela, militar, nina, disciplina, abuso, tortura, estricto, sedena, perez, preguntar, acusado",11,36,0.655,178.0
T06_S01,6,1,"Querer, culpable, carcel, viejo","Subtema T06.S01 centrado en querer, culpable, carcel, viejo, mentira, supuesto; conecta tambien chivo, expiatorio, notar.","querer, culpable, carcel, viejo, mentira, supuesto, chivo, expiatorio, notar",9,23,0.639,94.0
T06_S02,6,2,"Deber, hijo, ojala, meter","Subtema T06.S02 centrado en deber, hijo, ojala, meter, pagar, manos.","deber, hijo, ojala, meter, pagar, manos",6,14,0.933,85.0
T06_S03,6,3,"Director, ponce, alumno, abusar","Subtema T06.S03 centrado en director, ponce, alumno, abusar, castigo, llamar; conecta tambien estrella.","director, ponce, alumno, abusar, castigo, llamar, estrella",7,19,0.905,68.0
T06_S04,6,4,"Asesino, muerto, matar, inocente","Subtema T06.S04 centrado en asesino, muerto, matar, inocente, chica, ala; conecta tambien culpar, violento, dana, marino.","asesino, muerto, matar, inocente, chica, ala, culpar, violento, dana, marino",10,32,0.711,61.0
T06_S05,6,5,"Entender, cosa, alguien, pobre","Subtema T06.S05 centrado en entender, cosa, alguien, pobre, golpear, golpe; conecta tambien alli.","entender, cosa, alguien, pobre, golpear, golpe, alli",7,17,0.81,47.0
T06_S06,6,6,"Colegio, mando, maldito, castigar","Subtema T06.S06 centrado en colegio, mando, maldito, castigar, chico, papa; conecta tambien impune, siquiera, jovencita.","colegio, mando, maldito, castigar, chico, papa, impune, siquiera, jovencita",9,25,0.694,43.0
T06_S07,6,7,"Campamento, derechos, hijos, triste","Subtema T06.S07 centrado en campamento, derechos, hijos, triste, regular, jamas; conecta tambien padres.","campamento, derechos, hijos, triste, regular, jamas, padres",7,16,0.762,39.0
T06_S08,6,8,"Dejar, nombre, lamentable, inepto","Subtema T06.S08 centrado en dejar, nombre, lamentable, inepto, anual.","dejar, nombre, lamentable, inepto, anual",5,8,0.8,29.0
T06_S09,6,9,"Victima, existir, mal, ensenar","Subtema T06.S09 centrado en victima, existir, mal, ensenar.","victima, existir, mal, ensenar",4,6,1.0,28.0
T06_S10,6,10,"Senora, cerrar, aplicar, causar","Subtema T06.S10 centrado en senora, cerrar, aplicar, causar, loco.","senora, cerrar, aplicar, causar, loco",5,9,0.9,21.0
T06_S11,6,11,"Investigar, mano, culpa","Subtema T06.S11 centrado en investigar, mano, culpa.","investigar, mano, culpa",3,3,1.0,14.0
T06_S12,6,12,"Hija, inscribir, torturar, abuelita","Subtema T06.S12 centrado en hija, inscribir, torturar, abuelita.","hija, inscribir, torturar, abuelita",4,6,1.0,11.0
T07_S00,7,0,"Villarreal, monica, anaya, alcaldesa","Subtema T07.S00 centrado en villarreal, monica, anaya, alcaldesa, cdvictoria, minibasquet.","villarreal, monica, anaya, alcaldesa, cdvictoria, minibasquet",6,13,0.867,364.0
T07_S01,7,1,"Bienestar, vida, atencion, unidad","Subtema T07.S01 centrado en bienestar, vida, atencion, unidad, comunidad, semana; conecta tambien movil, ruta, quinto, autonoma, merecer.","bienestar, vida, atencion, unidad, comunidad, semana, movil, ruta, quinto, autonoma, merecer",11,39,0.709,213.0
T07_S02,7,2,"Leer, nota, completo, click","Subtema T07.S02 centrado en leer, nota, completo, click, invitamos, dando; conecta tambien link, web, somoslared, estamosentodaspart, vacacional, cdmadero.","leer, nota, completo, click, invitamos, dando, link, web, somoslared, estamosentodaspart, vacacional, cdmadero",12,30,0.455,203.0
T07_S03,7,3,"Tampico, local, exito, unir","Subtema T07.S03 centrado en tampico, local, exito, unir, emblematico, propuesta; conecta tambien increible, cortadura, profundo, enorme, rescatar, autoridades.","tampico, local, exito, unir, emblematico, propuesta, increible, cortadura, profundo, enorme, rescatar, autoridades",13,32,0.41,181.0
T07_S04,7,4,"Jornada, victoria, inaugurar, guadalupe","Subtema T07.S04 centrado en jornada, victoria, inaugurar, guadalupe, cancha, col.","jornada, victoria, inaugurar, guadalupe, cancha, col",6,15,1.0,73.0
T07_S05,7,5,"Via, vocacion, porcentaje, diaz","Subtema T07.S05 centrado en via, vocacion, porcentaje, diaz, incremento, iglesia.","via, vocacion, porcentaje, diaz, incremento, iglesia",6,9,0.6,29.0
T07_S06,7,6,"Terreno, refineria, clandestino, piso","Subtema T07.S06 centrado en terreno, refineria, clandestino, piso, incendio.","terreno, refineria, clandestino, piso, incendio",5,7,0.7,20.0
T08_S00,8,0,"Americo, principal, beneficio, puesto","Subtema T08.S00 centrado en americo, principal, beneficio, puesto, involucrado, coordinacion; conecta tambien vision, transmitir, advertir.","americo, principal, beneficio, puesto, involucrado, coordinacion, vision, transmitir, advertir",9,27,0.75,80.0
T08_S01,8,1,"Creer, corrupto, criminal, dificil","Subtema T08.S01 centrado en creer, corrupto, criminal, dificil, conocimiento, razon.","creer, corrupto, criminal, dificil, conocimiento, razon",6,14,0.933,66.0
T08_S02,8,2,"Pensar, servir, amlo, serio","Subtema T08.S02 centrado en pensar, servir, amlo, serio, raro, hugo; conecta tambien ahorita.","pensar, servir, amlo, serio, raro, hugo, ahorita",7,16,0.762,40.0
T08_S03,8,3,"Santo, tradicion, acompanado, religioso","Subtema T08.S03 centrado en santo, tradicion, acompanado, religioso, tradicional, celebracion.","santo, tradicion, acompanado, religioso, tradicional, celebracion",6,14,0.933,37.0
T08_S04,8,4,"Operar, crimen, ejercito, bastar","Subtema T08.S04 centrado en operar, crimen, ejercito, bastar, papel, ganancia; conecta tambien cierre, infierno.","operar, crimen, ejercito, bastar, papel, ganancia, cierre, infierno",8,18,0.643,35.0
T08_S05,8,5,"Jesus, mora, jueza, justiciaparadafne","Subtema T08.S05 centrado en jesus, mora, jueza, justiciaparadafne, durar, escandalo.","jesus, mora, jueza, justiciaparadafne, durar, escandalo",6,12,0.8,34.0
T08_S06,8,6,"Grande, tecnico, pinche, afectar","Subtema T08.S06 centrado en grande, tecnico, pinche, afectar, cambiar.","grande, tecnico, pinche, afectar, cambiar",5,8,0.8,20.0
T08_S07,8,7,"Necesitar, leon, cuantos, electrico","Subtema T08.S07 centrado en necesitar, leon, cuantos, electrico, apuesta, ejecutar.","necesitar, leon, cuantos, electrico, apuesta, ejecutar",6,10,0.667,19.0
T08_S08,8,8,"Sacar, vista, pescador, silencio","Subtema T08.S08 centrado en sacar, vista, pescador, silencio.","sacar, vista, pescador, silencio",4,5,0.833,11.0
T08_S09,8,9,"Ojo, belleza, argumento, pretender","Subtema T08.S09 centrado en ojo, belleza, argumento, pretender, busca.","ojo, belleza, argumento, pretender, busca",5,6,0.6,8.0
T09_S00,9,0,"Persona, ocurrir, vehiculo, accidente","Subtema T09.S00 centrado en persona, ocurrir, vehiculo, accidente, emergencia, detencion; conecta tambien lesionado, trasladar, operador, conocido, conductor, percance.","persona, ocurrir, vehiculo, accidente, emergencia, detencion, lesionado, trasladar, operador, conocido, conductor, percance",20,115,0.605,351.0
T09_S01,9,1,"Justicia, gobernador, exigir, abuela","Subtema T09.S01 centrado en justicia, gobernador, exigir, abuela, peso.","justicia, gobernador, exigir, abuela, peso",5,9,0.9,178.0
T09_S02,9,2,"Quintos, zapata, alejandra, estrellita","Subtema T09.S02 centrado en quintos, zapata, alejandra, estrellita, esclarecer, familiares; conecta tambien prometer.","quintos, zapata, alejandra, estrellita, esclarecer, familiares, prometer",7,16,0.762,102.0
T09_S03,9,3,"Lograr, registrar, ubicado, evitar","Subtema T09.S03 centrado en lograr, registrar, ubicado, evitar, puente, impactar; conecta tambien estructura, trafico, derivado, velocidad.","lograr, registrar, ubicado, evitar, puente, impactar, estructura, trafico, derivado, velocidad",10,29,0.644,65.0
T09_S04,9,4,"Menor, perder, jueves, exigencia","Subtema T09.S04 centrado en menor, perder, jueves, exigencia, manifestacion, identificado; conecta tambien preliminar.","menor, perder, jueves, exigencia, manifestacion, identificado, preliminar",7,16,0.762,56.0
T09_S05,9,5,"Pesca, coordinador, infantil, competencia","Subtema T09.S05 centrado en pesca, coordinador, infantil, competencia, categoria, jetl.","pesca, coordinador, infantil, competencia, categoria, jetl",6,13,0.867,51.0
T09_S06,9,6,"Familia, marina, confianza, controlar","Subtema T09.S06 centrado en familia, marina, confianza, controlar.","familia, marina, confianza, controlar",4,5,0.833,44.0
T09_S07,9,7,"Tomar, sitio, protesta, circulacion","Subtema T09.S07 centrado en tomar, sitio, protesta, circulacion, auxilio, vial; conecta tambien carril, bomberos.","tomar, sitio, protesta, circulacion, auxilio, vial, carril, bomberos",8,19,0.679,33.0
T09_S08,9,8,"Continuar, permanecer, avanzar","Subtema T09.S08 centrado en continuar, permanecer, avanzar.","continuar, permanecer, avanzar",3,3,1.0,22.0
T10_S00,10,0,"Actividad, perro, industria, capacidad","Subtema T10.S00 centrado en actividad, perro, industria, capacidad, compania, mascota; conecta tambien cual, inteligencia, productivo, distinguir, ocupar, energia.","actividad, perro, industria, capacidad, compania, mascota, cual, inteligencia, productivo, distinguir, ocupar, energia",14,55,0.604,126.0
T10_S01,10,1,"Estatal, reynosa, guardia, frontera","Subtema T10.S01 centrado en estatal, reynosa, guardia, frontera, mayo, concentrar; conecta tambien esposa, ampliar, implicado, interno.","estatal, reynosa, guardia, frontera, mayo, concentrar, esposa, ampliar, implicado, interno",10,32,0.711,99.0
T10_S02,10,2,"Mexico, responsable, robar, particular","Subtema T10.S02 centrado en mexico, responsable, robar, particular, gobernar, diario; conecta tambien titulo, cuanto, top.","mexico, responsable, robar, particular, gobernar, diario, titulo, cuanto, top",9,19,0.528,88.0
T10_S03,10,3,"Agua, recurso, generacion, cuidado","Subtema T10.S03 centrado en agua, recurso, generacion, cuidado, garantizar, aprender; conecta tambien reciente, alimento, sesion, instruccion, habitar.","agua, recurso, generacion, cuidado, garantizar, aprender, reciente, alimento, sesion, instruccion, habitar",11,32,0.582,78.0
T10_S04,10,4,"Desarrollo, crecimiento, promover, hogar","Subtema T10.S04 centrado en desarrollo, crecimiento, promover, hogar, liderazgo, industrial; conecta tambien integrar.","desarrollo, crecimiento, promover, hogar, liderazgo, industrial, integrar",7,12,0.571,42.0
T10_S05,10,5,"Resolver, entrar, reiterar, cantidad","Subtema T10.S05 centrado en resolver, entrar, reiterar, cantidad, extorsion, efecto; conecta tambien mental, obligar, decena, localsabado.","resolver, entrar, reiterar, cantidad, extorsion, efecto, mental, obligar, decena, localsabado",10,21,0.467,31.0
T10_S06,10,6,"Representar, tamaulipeco, estudio, america","Subtema T10.S06 centrado en representar, tamaulipeco, estudio, america, caribe, integrado.","representar, tamaulipeco, estudio, america, caribe, integrado",6,12,0.8,27.0
T10_S07,10,7,"Entidad, objetivo, asimismo, seleccion","Subtema T10.S07 centrado en entidad, objetivo, asimismo, seleccion, territorial, debajo; conecta tambien difundido.","entidad, objetivo, asimismo, seleccion, territorial, debajo, difundido",7,13,0.619,27.0
T10_S08,10,8,"Empresario, hombre, armado, formal","Subtema T10.S08 centrado en empresario, hombre, armado, formal, directamente, instancia; conecta tambien color.","empresario, hombre, armado, formal, directamente, instancia, color",7,17,0.81,24.0
T10_S09,10,9,"Pequeno, competitividad, mediano, innovacion","Subtema T10.S09 centrado en pequeno, competitividad, mediano, innovacion, proveedor, tamano.","pequeno, competitividad, mediano, innovacion, proveedor, tamano",6,9,0.6,22.0
T10_S10,10,10,"Permitir, actual, minuto, territorio","Subtema T10.S10 centrado en permitir, actual, minuto, territorio, poderoso.","permitir, actual, minuto, territorio, poderoso",5,7,0.7,19.0
T10_S11,10,11,"Complejo, producir, dolares, realmente","Subtema T10.S11 centrado en complejo, producir, dolares, realmente, posterior.","complejo, producir, dolares, realmente, posterior",5,8,0.8,13.0
T11_S00,11,0,"Equipo, veracruz, jaiba, apertura","Subtema T11.S00 centrado en equipo, veracruz, jaiba, apertura, brava, liga; conecta tambien domingo, jugar, gol, empatar, estadio, piratas.","equipo, veracruz, jaiba, apertura, brava, liga, domingo, jugar, gol, empatar, estadio, piratas",13,55,0.705,239.0
T11_S01,11,1,"Buscar, fuerza, fondo, talento","Subtema T11.S01 centrado en buscar, fuerza, fondo, talento, testimonio, cobrar; conecta tambien comentar, salto, proyectar, volar, ave, amor.","buscar, fuerza, fondo, talento, testimonio, cobrar, comentar, salto, proyectar, volar, ave, amor",14,34,0.374,110.0
T11_S02,11,2,"Medida, cargo, codigo, establecer","Subtema T11.S02 centrado en medida, cargo, codigo, establecer, presidencia, vincular; conecta tambien federacion, asunto, sentencia, suficiente, nacion, cautelar.","medida, cargo, codigo, establecer, presidencia, vincular, federacion, asunto, sentencia, suficiente, nacion, cautelar",18,65,0.425,105.0
T11_S03,11,3,"Pedir, san, juicio, campana","Subtema T11.S03 centrado en pedir, san, juicio, campana, basico, ciudadania; conecta tambien campos, romper, expediente, valle, relacion, caracter.","pedir, san, juicio, campana, basico, ciudadania, campos, romper, expediente, valle, relacion, caracter",15,47,0.448,101.0
T11_S04,11,4,"Futbol, mundo, futbolista, historico","Subtema T11.S04 centrado en futbol, mundo, futbolista, historico, torneo, impresocompartirsigueno; conecta tambien jugador, division, linkarticulo, oscar, lider.","futbol, mundo, futbolista, historico, torneo, impresocompartirsigueno, jugador, division, linkarticulo, oscar, lider",11,35,0.636,90.0
T11_S05,11,5,"Partido, electoral, eleccion, comida","Subtema T11.S05 centrado en partido, electoral, eleccion, comida, politica, ietam; conecta tambien nacer, alcaldia, restriccion, septiembre, ramos.","partido, electoral, eleccion, comida, politica, ietam, nacer, alcaldia, restriccion, septiembre, ramos",11,30,0.545,74.0
T11_S06,11,6,"Francia, tour, correr, tercer","Subtema T11.S06 centrado en francia, tour, correr, tercer, toro, logro; conecta tambien oficialmente.","francia, tour, correr, tercer, toro, logro, oficialmente",7,17,0.81,69.0
T11_S07,11,7,"Participar, ganar, cabo, festival","Subtema T11.S07 centrado en participar, ganar, cabo, festival, culminar, minibasket; conecta tambien deportesdomingo, incidente.","participar, ganar, cabo, festival, culminar, minibasket, deportesdomingo, incidente",8,18,0.643,54.0
T11_S08,11,8,"Alto, convertir, acto, definitivo","Subtema T11.S08 centrado en alto, convertir, acto, definitivo, ejecutivo, contratar; conecta tambien enero.","alto, convertir, acto, definitivo, ejecutivo, contratar, enero",7,15,0.714,31.0
T11_S09,11,9,"Sur, mostrar, practica, raul","Subtema T11.S09 centrado en sur, mostrar, practica, raul, pagina, financiero.","sur, mostrar, practica, raul, pagina, financiero",6,10,0.667,29.0
T12_S00,12,0,"Exposicion, experiencia, disfrutar, humano","Subtema T12.S00 centrado en exposicion, experiencia, disfrutar, humano, bodies, recorrer; conecta tambien viaje, visitar, temporal, galeria, alas, ciencia.","exposicion, experiencia, disfrutar, humano, bodies, recorrer, viaje, visitar, temporal, galeria, alas, ciencia",12,45,0.682,161.0
T12_S01,12,1,"Verano, recibir, vacacion, playa","Subtema T12.S01 centrado en verano, recibir, vacacion, playa, oferta, superar; conecta tambien atractivo, totalmente, turista, junio, meta.","verano, recibir, vacacion, playa, oferta, superar, atractivo, totalmente, turista, junio, meta",11,36,0.655,141.0
T12_S02,12,2,"Ofrecer, producto, escolar, precio","Subtema T12.S02 centrado en ofrecer, producto, escolar, precio, regreso, feria; conecta tambien amplio, agrupacion, adquirir, potosi, proposito.","ofrecer, producto, escolar, precio, regreso, feria, amplio, agrupacion, adquirir, potosi, proposito",11,38,0.691,99.0
T12_S03,12,3,"Manana, martes, noche, carlos","Subtema T12.S03 centrado en manana, martes, noche, carlos, horas, confiar; conecta tambien llamada, asistente, robles, definir, intervenir.","manana, martes, noche, carlos, horas, confiar, llamada, asistente, robles, definir, intervenir",11,35,0.636,85.0
T12_S04,12,4,"Entrada, gratuito, expo, jardin","Subtema T12.S04 centrado en entrada, gratuito, expo, jardin, libre, teatro; conecta tambien salon, gobernadores.","entrada, gratuito, expo, jardin, libre, teatro, salon, gobernadores",8,21,0.75,80.0
T12_S05,12,5,"Llegar, unico, cuerpo, linea","Subtema T12.S05 centrado en llegar, unico, cuerpo, linea, carpintero, dormir; conecta tambien convocar, lamentar.","llegar, unico, cuerpo, linea, carpintero, dormir, convocar, lamentar",8,17,0.607,66.0
T12_S06,12,6,"Vivir, descubrir, especial, natural","Subtema T12.S06 centrado en vivir, descubrir, especial, natural, copa, gomez; conecta tambien afuera, presumir, ideal, fotografia, magico, turistica.","vivir, descubrir, especial, natural, copa, gomez, afuera, presumir, ideal, fotografia, magico, turistica",12,30,0.455,60.0
T12_S07,12,7,"Recorrido, naturaleza, paisaje, licenciatura","Subtema T12.S07 centrado en recorrido, naturaleza, paisaje, licenciatura, tranquilidad, recinto; conecta tambien ingenieria, interesado.","recorrido, naturaleza, paisaje, licenciatura, tranquilidad, recinto, ingenieria, interesado",8,13,0.464,32.0
T12_S08,12,8,"Internacional, reconocido, concierto, victor","Subtema T12.S08 centrado en internacional, reconocido, concierto, victor.","internacional, reconocido, concierto, victor",4,4,0.667,12.0
T13_S00,13,0,"Temperatura, maximo, ambiente, lluvia","Subtema T13.S00 centrado en temperatura, maximo, ambiente, lluvia, grado, minimo; conecta tambien viento, pronostico, caluroso, racha, posibilidad, cercano.","temperatura, maximo, ambiente, lluvia, grado, minimo, viento, pronostico, caluroso, racha, posibilidad, cercano",15,76,0.724,231.0
T13_S01,13,1,"Esperar, mama, valer, consecuencia","Subtema T13.S01 centrado en esperar, mama, valer, consecuencia, respeto, maltrato; conecta tambien hermano, presencia, caida, asesinar, metar, trato.","esperar, mama, valer, consecuencia, respeto, maltrato, hermano, presencia, caida, asesinar, metar, trato",17,81,0.596,160.0
T13_S02,13,2,"Antonio, sol, regresar, sosa","Subtema T13.S02 centrado en antonio, sol, regresar, sosa, macay, mariela; conecta tambien despedir, abierto, hector, publicar, marzo, localviernes.","antonio, sol, regresar, sosa, macay, mariela, despedir, abierto, hector, publicar, marzo, localviernes",15,43,0.41,137.0
T13_S03,13,3,"Zona, hora, mantener, bloqueo","Subtema T13.S03 centrado en zona, hora, mantener, bloqueo, especializado, cargado.","zona, hora, mantener, bloqueo, especializado, cargado",6,13,0.867,76.0
T13_S04,13,4,"Mante, mario, marcha, justo","Subtema T13.S04 centrado en mante, mario, marcha, justo, pacifico, mil; conecta tambien memoria.","mante, mario, marcha, justo, pacifico, mil, memoria",7,16,0.762,65.0
T13_S05,13,5,"Sheinbaum, acudir, distinto, entrenar","Subtema T13.S05 centrado en sheinbaum, acudir, distinto, entrenar, gimnasio, diferencia; conecta tambien companero, soler, difundir.","sheinbaum, acudir, distinto, entrenar, gimnasio, diferencia, companero, soler, difundir",9,22,0.611,59.0
T13_S06,13,6,"Condicion, calor, sabado, clima","Subtema T13.S06 centrado en condicion, calor, sabado, clima, marcado, meteorologico; conecta tambien intenso.","condicion, calor, sabado, clima, marcado, meteorologico, intenso",7,17,0.81,46.0
T14_S00,14,0,"Investigacion, fiscalia, orden, instalacion","Subtema T14.S00 centrado en investigacion, fiscalia, orden, instalacion, dato, aprehension; conecta tambien denuncia, aclarar, fgj, cometer, ninas, voluntario.","investigacion, fiscalia, orden, instalacion, dato, aprehension, denuncia, aclarar, fgj, cometer, ninas, voluntario",13,51,0.654,264.0
T14_S01,14,1,"Dafne, caso, feminicidio, sexual","Subtema T14.S01 centrado en dafne, caso, feminicidio, sexual, nieta.","dafne, caso, feminicidio, sexual, nieta",5,9,0.9,247.0
T14_S02,14,2,"Academia, militarizada, morir, adolescente","Subtema T14.S02 centrado en academia, militarizada, morir, adolescente, milenio, madrugada.","academia, militarizada, morir, adolescente, milenio, madrugada",6,14,0.933,178.0
T14_S03,14,3,"Yanina, danna, prision, preventivo","Subtema T14.S03 centrado en yanina, danna, prision, preventivo, abogado, penal; conecta tambien defensor, imponer, dictar.","yanina, danna, prision, preventivo, abogado, penal, defensor, imponer, dictar",9,24,0.667,155.0
T14_S04,14,4,"Audiencia, defensa, integral, solicitud","Subtema T14.S04 centrado en audiencia, defensa, integral, solicitud, imputado, juridico; conecta tambien diligencia, plazo, etapa, cruz, inicial, flores.","audiencia, defensa, integral, solicitud, imputado, juridico, diligencia, plazo, etapa, cruz, inicial, flores",13,51,0.654,121.0
T14_S05,14,5,"Joven, presentar, luis, jorge","Subtema T14.S05 centrado en joven, presentar, luis, jorge, acreditar, presuntamente.","joven, presentar, luis, jorge, acreditar, presuntamente",6,13,0.867,107.0
T14_S06,14,6,"Explicar, considerar, orozco, govea","Subtema T14.S06 centrado en explicar, considerar, orozco, govea, asfixia.","explicar, considerar, orozco, govea, asfixia",5,9,0.9,20.0
T14_S07,14,7,"Detenido, interior, ministerio","Subtema T14.S07 centrado en detenido, interior, ministerio.","detenido, interior, ministerio",3,3,1.0,14.0
T15_S00,15,0,"Quedar, mandar, conversacion, correo","Subtema T15.S00 centrado en quedar, mandar, conversacion, correo, resumen, informativo.","quedar, mandar, conversacion, correo, resumen, informativo",6,15,1.0,308.0
T15_S01,15,1,"Julio, personal, rio, confirmar","Subtema T15.S01 centrado en julio, personal, rio, confirmar, parque, encuentro; conecta tambien panuco, comprar, gratis, carmen, presion, interes.","julio, personal, rio, confirmar, parque, encuentro, panuco, comprar, gratis, carmen, presion, interes",24,104,0.377,247.0
T15_S02,15,2,"Columna, noticias, cartones, loultimo","Subtema T15.S02 centrado en columna, noticias, cartones, loultimo, newsletter.","columna, noticias, cartones, loultimo, newsletter",5,9,0.9,242.0
T15_S03,15,3,"Responsabilidad, articulo, emitir, opinion","Subtema T15.S03 centrado en responsabilidad, articulo, emitir, opinion, vertido.","responsabilidad, articulo, emitir, opinion, vertido",5,10,1.0,129.0
T15_S04,15,4,"Casa, libertad, respetar, editorial","Subtema T15.S04 centrado en casa, libertad, respetar, editorial, expresion.","casa, libertad, respetar, editorial, expresion",5,9,0.9,121.0
T16_S00,16,0,"Fortalecer, impulsar, oportunidad, economico","Subtema T16.S00 centrado en fortalecer, impulsar, oportunidad, economico, generar, tampicotecuida; conecta tambien sociedad, estudiante, emprendedor, servytur, concanaco, herramienta.","fortalecer, impulsar, oportunidad, economico, generar, tampicotecuida, sociedad, estudiante, emprendedor, servytur, concanaco, herramienta",15,86,0.819,497.0
T16_S01,16,1,"Club, anunciar, tampiqueno, decision","Subtema T16.S01 centrado en club, anunciar, tampiqueno, decision, previo, breve; conecta tambien portales, entrenamiento, amiga, perrita, correcaminos, mar.","club, anunciar, tampiqueno, decision, previo, breve, portales, entrenamiento, amiga, perrita, correcaminos, mar",17,49,0.36,252.0
T16_S02,16,2,"Magicos, pueblos, tianguis, rodriguez","Subtema T16.S02 centrado en magicos, pueblos, tianguis, rodriguez, representante, sede; conecta tambien organizador, comite, noviembre, convenciones.","magicos, pueblos, tianguis, rodriguez, representante, sede, organizador, comite, noviembre, convenciones",10,40,0.889,167.0
T16_S03,16,3,"Municipio, delegacion, competir, exponente","Subtema T16.S03 centrado en municipio, delegacion, competir, exponente, sanamente, fiel; conecta tambien despedida, leal, lomito, compitar, dominio, tablero.","municipio, delegacion, competir, exponente, sanamente, fiel, despedida, leal, lomito, compitar, dominio, tablero",13,39,0.5,164.0
T16_S04,16,4,"Deporte, reconocer, campeon, argentina","Subtema T16.S04 centrado en deporte, reconocer, campeon, argentina, deportista, sueno; conecta tambien beisbol, medalla, campeonato, destrozar, conquistar, hazana.","deporte, reconocer, campeon, argentina, deportista, sueno, beisbol, medalla, campeonato, destrozar, conquistar, hazana",12,36,0.545,129.0
T16_S05,16,5,"Esfuerzo, entrega, distintivo, orgullo","Subtema T16.S05 centrado en esfuerzo, entrega, distintivo, orgullo, crecer, dedicacion; conecta tambien hechoentampico, tercero.","esfuerzo, entrega, distintivo, orgullo, crecer, dedicacion, hechoentampico, tercero",8,22,0.786,81.0
T17_S00,17,0,"Hospital, salud, medico, avance","Subtema T17.S00 centrado en hospital, salud, medico, avance, sufrir, laboral; conecta tambien acoso, referir, mananera, progreso.","hospital, salud, medico, avance, sufrir, laboral, acoso, referir, mananera, progreso",10,31,0.689,162.0
T17_S01,17,1,"Contar, informacion, oficial, correspondiente","Subtema T17.S01 centrado en contar, informacion, oficial, correspondiente, report, dependencia; conecta tambien animal, comunicado, procedimiento, transportar, colaboracion.","contar, informacion, oficial, correspondiente, report, dependencia, animal, comunicado, procedimiento, transportar, colaboracion",11,39,0.709,107.0
T17_S02,17,2,"Salir, utilizar, noticia, faltar","Subtema T17.S02 centrado en salir, utilizar, noticia, faltar, testigo, evidencia; conecta tambien objeto, liberar, maniobra, indagatoria, version.","salir, utilizar, noticia, faltar, testigo, evidencia, objeto, liberar, maniobra, indagatoria, version",11,34,0.618,90.0
T17_S03,17,3,"General, acuerdo, fallecimiento, presentado","Subtema T17.S03 centrado en general, acuerdo, fallecimiento, presentado, relevante, july.","general, acuerdo, fallecimiento, presentado, relevante, july",6,11,0.733,60.0
T17_S04,17,4,"Deportivo, causa, practicar, clinica","Subtema T17.S04 centrado en deportivo, causa, practicar, clinica, digno, localizar; conecta tambien autopsia, aproximado, atleta, cita.","deportivo, causa, practicar, clinica, digno, localizar, autopsia, aproximado, atleta, cita",10,18,0.4,56.0
T17_S05,17,5,"Final, mundial, reportar, amigo","Subtema T17.S05 centrado en final, mundial, reportar, amigo, observar, llenar.","final, mundial, reportar, amigo, observar, llenar",6,14,0.933,48.0
T17_S06,17,6,"Red, declaracion, detalle, desaparicion","Subtema T17.S06 centrado en red, declaracion, detalle, desaparicion, busqueda, bordo; conecta tambien atribuir.","red, declaracion, detalle, desaparicion, busqueda, bordo, atribuir",7,14,0.667,27.0
T17_S07,17,7,"Decada, aniversario, asistir, enhorabuena","Subtema T17.S07 centrado en decada, aniversario, asistir, enhorabuena.","decada, aniversario, asistir, enhorabuena",4,5,0.833,11.0
T17_S08,17,8,"Personaje, publicado, clasico","Subtema T17.S08 centrado en personaje, publicado, clasico.","personaje, publicado, clasico",3,3,1.0,7.0
T18_S00,18,0,"Empresa, publico, privado, participacion","Subtema T18.S00 centrado en empresa, publico, privado, participacion, economia, camara; conecta tambien iniciativa, organismo, ayuntamiento, pemex, pago, afiliado.","empresa, publico, privado, participacion, economia, camara, iniciativa, organismo, ayuntamiento, pemex, pago, afiliado",24,124,0.449,304.0
T18_S01,18,1,"Espacio, cultural, metro, metropolitano","Subtema T18.S01 centrado en espacio, cultural, metro, metropolitano, artes, invitar; conecta tambien costo, arte, tampicovacontodo, informes, inscripcion, escueladeartesmetro.","espacio, cultural, metro, metropolitano, artes, invitar, costo, arte, tampicovacontodo, informes, inscripcion, escueladeartesmetro",12,47,0.712,245.0
T18_S02,18,2,"Presidenta, municipal, apoyo, encabezado","Subtema T18.S02 centrado en presidenta, municipal, apoyo, encabezado, pardo, impulso; conecta tambien impulsado, respaldo, zacil.","presidenta, municipal, apoyo, encabezado, pardo, impulso, impulsado, respaldo, zacil",9,24,0.667,169.0
T18_S03,18,3,"Agosto, taller, fecha, dirigido","Subtema T18.S03 centrado en agosto, taller, fecha, dirigido, horario, lunes; conecta tambien adulto, miercoles, disenado, hrs, esperanza, detalles.","agosto, taller, fecha, dirigido, horario, lunes, adulto, miercoles, disenado, hrs, esperanza, detalles",12,49,0.742,151.0
T18_S04,18,4,"Mujer, presente, corazon, enviar","Subtema T18.S04 centrado en mujer, presente, corazon, enviar, futuro, maestro; conecta tambien guia, bonito, checar, demandar, mujeres, regla.","mujer, presente, corazon, enviar, futuro, maestro, guia, bonito, checar, demandar, mujeres, regla",12,31,0.47,60.0
T18_S05,18,5,"Gusto, ruiz, fuerte, senadora","Subtema T18.S05 centrado en gusto, ruiz, fuerte, senadora, diputada, olga; conecta tambien jose, patria, lucero.","gusto, ruiz, fuerte, senadora, diputada, olga, jose, patria, lucero",9,26,0.722,59.0
T18_S06,18,6,"Cifra, camino, ubicar, participante","Subtema T18.S06 centrado en cifra, camino, ubicar, participante, respaldar.","cifra, camino, ubicar, participante, respaldar",5,7,0.7,15.0
T19_S00,19,0,"Tamaulipas, altamira, laredo, tarde","Subtema T19.S00 centrado en tamaulipas, altamira, laredo, tarde, cuando, conforme; conecta tambien texas.","tamaulipas, altamira, laredo, tarde, cuando, conforme, texas",7,18,0.857,190.0
T19_S01,19,1,"Comercio, fomentar, mercado, celebrar","Subtema T19.S01 centrado en comercio, fomentar, mercado, celebrar, bienvenido, juventud; conecta tambien tierra, derrama, correcto, fiesta.","comercio, fomentar, mercado, celebrar, bienvenido, juventud, tierra, derrama, correcto, fiesta",10,27,0.6,63.0
T19_S02,19,2,"Nino, monterrey, nieto, consulta","Subtema T19.S02 centrado en nino, monterrey, nieto, consulta, cruzar, estudiar; conecta tambien asumir, tratamiento.","nino, monterrey, nieto, consulta, cruzar, estudiar, asumir, tratamiento",8,21,0.75,54.0
T19_S03,19,3,"Matamoros, nuevolaredo, ciudadmadero, ciudadvictoria","Subtema T19.S03 centrado en matamoros, nuevolaredo, ciudadmadero, ciudadvictoria, elmante, riobravo.","matamoros, nuevolaredo, ciudadmadero, ciudadvictoria, elmante, riobravo",6,14,0.933,53.0
T19_S04,19,4,"Conectividad, libramiento, poniente, ecosistema","Subtema T19.S04 centrado en conectividad, libramiento, poniente, ecosistema, hermoso, manglar; conecta tambien sonora.","conectividad, libramiento, poniente, ecosistema, hermoso, manglar, sonora",7,13,0.619,53.0
T19_S05,19,5,"Concluir, serie, productor, ciclo","Subtema T19.S05 centrado en concluir, serie, productor, ciclo.","concluir, serie, productor, ciclo",4,6,1.0,17.0
T19_S06,19,6,"Pendiente, depender, clase, tramite","Subtema T19.S06 centrado en pendiente, depender, clase, tramite, masivo.","pendiente, depender, clase, tramite, masivo",5,6,0.6,17.0
T19_S07,19,7,"Corona, gustavo, deportesjuev","Subtema T19.S07 centrado en corona, gustavo, deportesjuev.","corona, gustavo, deportesjuev",3,3,1.0,11.0
T19_S08,19,8,"Angel, energetico, aliado, afectacion","Subtema T19.S08 centrado en angel, energetico, aliado, afectacion.","angel, energetico, aliado, afectacion",4,4,0.667,8.0
T20_S00,20,0,"Respuesta, temporada, demanda, responder","Subtema T20.S00 centrado en respuesta, temporada, demanda, responder, luz, favorecer; conecta tambien devolver, estancia.","respuesta, temporada, demanda, responder, luz, favorecer, devolver, estancia",8,15,0.536,44.0
T20_S01,20,1,"Ayuda, directivo, alcanzar, ayudar","Subtema T20.S01 centrado en ayuda, directivo, alcanzar, ayudar, mirar, costar; conecta tambien femenil, expansion, piedra.","ayuda, directivo, alcanzar, ayudar, mirar, costar, femenil, expansion, piedra",9,23,0.639,41.0
T20_S02,20,2,"Realidad, andar, malo, rata","Subtema T20.S02 centrado en realidad, andar, malo, rata, azul, pendejo.","realidad, andar, malo, rata, azul, pendejo",6,14,0.933,41.0
T20_S03,20,3,"Numero, encuesta, inseguridad, percepcion","Subtema T20.S03 centrado en numero, encuesta, inseguridad, percepcion, reflejar, factor; conecta tambien colocar.","numero, encuesta, inseguridad, percepcion, reflejar, factor, colocar",7,16,0.762,40.0
T20_S04,20,4,"Pertenecer, olvidar, base, basura","Subtema T20.S04 centrado en pertenecer, olvidar, base, basura, lavar, precisar.","pertenecer, olvidar, base, basura, lavar, precisar",6,12,0.8,36.0
T20_S05,20,5,"Ciento, robo, disminuir, implementar","Subtema T20.S05 centrado en ciento, robo, disminuir, implementar, limitar.","ciento, robo, disminuir, implementar, limitar",5,6,0.6,25.0
T20_S06,20,6,"Registrado, epoca, exponer, alberto","Subtema T20.S06 centrado en registrado, epoca, exponer, alberto, par, marcar.","registrado, epoca, exponer, alberto, par, marcar",6,10,0.667,19.0
T20_S07,20,7,"Capital, incorporar, clave, firmar","Subtema T20.S07 centrado en capital, incorporar, clave, firmar, renovacion, gestion; conecta tambien creatividad, ciudadana.","capital, incorporar, clave, firmar, renovacion, gestion, creatividad, ciudadana",8,12,0.429,19.0
T20_S08,20,8,"Falta, cuestionar, conferencia, vacio","Subtema T20.S08 centrado en falta, cuestionar, conferencia, vacio, prensa.","falta, cuestionar, conferencia, vacio, prensa",5,7,0.7,13.0
T21_S00,21,0,"Ruffo, ernesto, baja, california","Subtema T21.S00 centrado en ruffo, ernesto, baja, california, appel, organizado; conecta tambien exgobernador, oposicion, delincuencia, contrabar, ensenada.","ruffo, ernesto, baja, california, appel, organizado, exgobernador, oposicion, delincuencia, contrabar, ensenada",11,49,0.891,247.0
T21_S01,21,1,"Hablar, pueblo, puro, defender","Subtema T21.S01 centrado en hablar, pueblo, puro, defender, peor, tocar; conecta tambien delincuente, corrupcion, persecucion, dueno, quot, bola.","hablar, pueblo, puro, defender, peor, tocar, delincuente, corrupcion, persecucion, dueno, quot, bola",19,107,0.626,238.0
T21_S02,21,2,"Gobierno, seguridad, claudia, republica","Subtema T21.S02 centrado en gobierno, seguridad, claudia, republica, verguenza, corresponder; conecta tambien prosperidad, economica, anos.","gobierno, seguridad, claudia, republica, verguenza, corresponder, prosperidad, economica, anos",9,24,0.667,177.0
T21_S03,21,3,"Politico, morena, narco, pan","Subtema T21.S03 centrado en politico, morena, narco, pan, obtener, paz; conecta tambien pri, acusar, preso, panista.","politico, morena, narco, pan, obtener, paz, pri, acusar, preso, panista",10,38,0.844,167.0
T21_S04,21,4,"Fiscal, huachicol, combustible, operacion","Subtema T21.S04 centrado en fiscal, huachicol, combustible, operacion, ingemar, hidrocarburo; conecta tambien contrabando, falso, dedicar, importacion.","fiscal, huachicol, combustible, operacion, ingemar, hidrocarburo, contrabando, falso, dedicar, importacion",10,37,0.822,131.0
T21_S05,21,5,"Lopez, caer, obrador, cartel","Subtema T21.S05 centrado en lopez, caer, obrador, cartel, movimiento, manuel; conecta tambien andres, votar.","lopez, caer, obrador, cartel, movimiento, manuel, andres, votar",8,19,0.679,49.0
T21_S06,21,6,"Rocha, moya, donde, andy","Subtema T21.S06 centrado en rocha, moya, donde, andy, adan, perseguir.","rocha, moya, donde, andy, adan, perseguir",6,13,0.867,39.0
T21_S07,21,7,"Gente, importar, cara, acabar","Subtema T21.S07 centrado en gente, importar, cara, acabar, palabra.","gente, importar, cara, acabar, palabra",5,8,0.8,25.0
T21_S08,21,8,"Prueba, claro, demostrar, asociacion","Subtema T21.S08 centrado en prueba, claro, demostrar, asociacion, surgir.","prueba, claro, demostrar, asociacion, surgir",5,7,0.7,19.0
T22_S00,22,0,"Dinero, parecer, empezar, problema","Subtema T22.S00 centrado en dinero, parecer, empezar, problema, venir, alcalde; conecta tambien mayoria, directo, super, asesinato, provocar, necesario.","dinero, parecer, empezar, problema, venir, alcalde, mayoria, directo, super, asesinato, provocar, necesario",22,123,0.532,225.0
T22_S01,22,1,"Colonia, laguna, puerta, entregar","Subtema T22.S01 centrado en colonia, laguna, puerta, entregar, pavimentacion, ninos; conecta tambien miramar, heroes, avenida, privada, espera.","colonia, laguna, puerta, entregar, pavimentacion, ninos, miramar, heroes, avenida, privada, espera",11,41,0.745,198.0
T22_S02,22,2,"Obra, mejorar, infraestructura, calidad","Subtema T22.S02 centrado en obra, mejorar, infraestructura, calidad, hidraulico, concreto; conecta tambien inauguracion, hidrosanitaria, beneficiar, tampiquenas.","obra, mejorar, infraestructura, calidad, hidraulico, concreto, inauguracion, hidrosanitaria, beneficiar, tampiquenas",10,34,0.756,168.0
T22_S03,22,3,"Gracias, excelente, escuchar, apoyar","Subtema T22.S03 centrado en gracias, excelente, escuchar, apoyar, felicidades, felicidad; conecta tambien necesidad, lic, viva, rueda.","gracias, excelente, escuchar, apoyar, felicidades, felicidad, necesidad, lic, viva, rueda",10,33,0.733,135.0
T22_S04,22,4,"Seguir, construir, transformar, cumplir","Subtema T22.S04 centrado en seguir, construir, transformar, cumplir, intencion, vivienda.","seguir, construir, transformar, cumplir, intencion, vivienda",6,10,0.667,96.0
T22_S05,22,5,"Unidos, vender, senor, saludo","Subtema T22.S05 centrado en unidos, vender, senor, saludo, saludos, hola; conecta tambien estilo, aparte, comerciante, abrazo, estimado.","unidos, vender, senor, saludo, saludos, hola, estilo, aparte, comerciante, abrazo, estimado",11,31,0.564,67.0
T22_S06,22,6,"Atender, sostener, golfo, tropical","Subtema T22.S06 centrado en atender, sostener, golfo, tropical, peligroso, retirar; conecta tambien tragedia, adicional, ausencia.","atender, sostener, golfo, tropical, peligroso, retirar, tragedia, adicional, ausencia",9,18,0.5,45.0
T22_S07,22,7,"Ano, edad, duda, manifestar","Subtema T22.S07 centrado en ano, edad, duda, manifestar, obviamente.","ano, edad, duda, manifestar, obviamente",5,7,0.7,43.0
T23_S00,23,0,"Ciudad, madero, viernes","Subtema T23.S00 centrado en ciudad, madero, viernes.","ciudad, madero, viernes",3,3,1.0,165.0
T23_S01,23,1,"Riesgo, inmueble, notificar, ocasion","Subtema T23.S01 centrado en riesgo, inmueble, notificar, ocasion, edificio, permanente; conecta tambien uniforme, albergar, coordinar, estructural, tienda, propietario.","riesgo, inmueble, notificar, ocasion, edificio, permanente, uniforme, albergar, coordinar, estructural, tienda, propietario",13,55,0.705,94.0
T23_S02,23,2,"Proteccion, civil, operativo, regional","Subtema T23.S02 centrado en proteccion, civil, operativo, regional, reforzar, vigilancia; conecta tambien sancionar, especialista, condenar.","proteccion, civil, operativo, regional, reforzar, vigilancia, sancionar, especialista, condenar",9,25,0.694,93.0
T23_S03,23,3,"Accion, compromiso, negocio, sustentabilidad","Subtema T23.S03 centrado en accion, compromiso, negocio, sustentabilidad, gira, mandatario; conecta tambien solidaridad, pleno.","accion, compromiso, negocio, sustentabilidad, gira, mandatario, solidaridad, pleno",8,17,0.607,59.0
T23_S04,23,4,"Desarrollar, prevencion, direccion, entorno","Subtema T23.S04 centrado en desarrollar, prevencion, direccion, entorno, limpieza, limpio; conecta tambien saludable, ferroviario.","desarrollar, prevencion, direccion, entorno, limpieza, limpio, saludable, ferroviario",8,18,0.643,53.0
T23_S05,23,5,"Centro, sistema, calle, hidalgo","Subtema T23.S05 centrado en centro, sistema, calle, hidalgo, artificial.","centro, sistema, calle, hidalgo, artificial",5,8,0.8,51.0
T23_S06,23,6,"Curso, labor, area, convocatoria","Subtema T23.S06 centrado en curso, labor, area, convocatoria, disponible, verde; conecta tambien sostenible.","curso, labor, area, convocatoria, disponible, verde, sostenible",7,15,0.714,50.0
T23_S07,23,7,"Solicitar, vecino, vialidad, manejo","Subtema T23.S07 centrado en solicitar, vecino, vialidad, manejo, paseo, torres; conecta tambien tecnologico, campo, drenaje, potable, octubre.","solicitar, vecino, vialidad, manejo, paseo, torres, tecnologico, campo, drenaje, potable, octubre",11,28,0.509,44.0
T23_S08,23,8,"Hernandez, juan, yadira, localmartes","Subtema T23.S08 centrado en hernandez, juan, yadira, localmartes.","hernandez, juan, yadira, localmartes",4,5,0.833,40.0
T23_S09,23,9,"Litro, tanque, carro, descarrilamiento","Subtema T23.S09 centrado en litro, tanque, carro, descarrilamiento, genero, gasolina.","litro, tanque, carro, descarrilamiento, genero, gasolina",6,11,0.733,35.0
T24_S00,24,0,"Pais, mexicano, cualquiera, etc","Subtema T24.S00 centrado en pais, mexicano, cualquiera, etc, empresas.","pais, mexicano, cualquiera, etc, empresas",5,9,0.9,94.0
T24_S01,24,1,"Social, ciudadano, contribuir, movilidad","Subtema T24.S01 centrado en social, ciudadano, contribuir, movilidad, educativo, habitante; conecta tambien inicio, institucional, motor, tamaulipeca, roberto.","social, ciudadano, contribuir, movilidad, educativo, habitante, inicio, institucional, motor, tamaulipeca, roberto",11,33,0.6,79.0
T24_S02,24,2,"Programa, universidad, carrera, impacto","Subtema T24.S02 centrado en programa, universidad, carrera, impacto, uat, establecido; conecta tambien academico, desempeno, chihuahua, cientifico, transparencia, servidor.","programa, universidad, carrera, impacto, uat, establecido, academico, desempeno, chihuahua, cientifico, transparencia, servidor",13,38,0.487,76.0
T24_S03,24,3,"Viajar, acceso, ingreso, pasajero","Subtema T24.S03 centrado en viajar, acceso, ingreso, pasajero, transporte, motivo; conecta tambien requisito, limitado, limite, acceder, lejos.","viajar, acceso, ingreso, pasajero, transporte, motivo, requisito, limitado, limite, acceder, lejos",11,30,0.545,54.0
T24_S04,24,4,"Destacar, turismo, reconocimiento, riqueza","Subtema T24.S04 centrado en destacar, turismo, reconocimiento, riqueza, apostar, muestra; conecta tambien premio.","destacar, turismo, reconocimiento, riqueza, apostar, muestra, premio",7,13,0.619,50.0
T24_S05,24,5,"Servicio, acercar, promocion, orientacion","Subtema T24.S05 centrado en servicio, acercar, promocion, orientacion, alla, extraordinario.","servicio, acercar, promocion, orientacion, alla, extraordinario",6,11,0.733,33.0
T24_S06,24,6,"Miguel, incluir, boleto, fundamental","Subtema T24.S06 centrado en miguel, incluir, boleto, fundamental, mantenimiento, girar; conecta tambien argentino.","miguel, incluir, boleto, fundamental, mantenimiento, girar, argentino",7,13,0.619,33.0
T24_S07,24,7,"Superior, jefe, armando, alma","Subtema T24.S07 centrado en superior, jefe, armando, alma, ejercer.","superior, jefe, armando, alma, ejercer",5,8,0.8,14.0
T24_S08,24,8,"Documento, paulo, monsivais, localjueves","Subtema T24.S08 centrado en documento, paulo, monsivais, localjueves.","documento, paulo, monsivais, localjueves",4,4,0.667,11.0
T24_S09,24,9,"Organizacion, especialmente, insumo","Subtema T24.S09 centrado en organizacion, especialmente, insumo.","organizacion, especialmente, insumo",3,3,1.0,6.0
