tema_id,sub_id,palabra,peso_lda,grado_in_sub,rank_in_sub
0,0,secretario,0.0048,,0
0,0,reunion,0.0038,,1
0,0,recursos,0.0036,,2
0,0,hidraulicos,0.0036,,3
0,0,consejo,0.0033,,4
0,0,francisco,0.0016,,5
0,0,alvarez,0.0016,,6
0,0,marco,0.0016,,7
0,0,gerente,0.0016,,8
0,1,maria,0.008,,0
0,1,macias,0.0068,,1
0,1,cuyo,0.0042,,2
0,1,estacionamiento,0.0023,,3
0,1,recuperacion,0.0022,,4
0,1,aire,0.0022,,5
0,1,union,0.0016,,6
0,2,venta,0.0044,,0
0,2,escenario,0.0046,,1
0,2,restaurante,0.003,,2
0,2,cultura,0.0037,,3
0,2,solucion,0.0027,,4
0,2,recuerdo,0.002,,5
0,2,cocina,0.002,,6
0,2,seguido,0.0023,,7
0,2,garza,0.0014,,8
0,3,situacion,0.0075,,0
0,3,titular,0.0037,,1
0,3,perdida,0.0015,,2
0,3,comunicacion,0.0012,,3
0,3,fuga,0.0031,,4
0,3,agregar,0.0015,,5
0,3,celular,0.0016,,6
0,4,integrante,0.0025,,0
0,4,decidir,0.0019,,1
0,4,expectativa,0.0023,,2
0,4,ganado,0.0035,,3
0,4,rural,0.0018,,4
0,4,distancia,0.0011,,5
0,4,afectado,0.0016,,6
0,4,salida,0.0034,,7
0,4,planta,0.0021,,8
0,5,sector,0.0064,,0
0,5,empresarial,0.0038,,1
0,5,panorama,0.0024,,2
0,5,sello,0.0021,,3
0,5,ambiental,0.0026,,4
0,5,comapa,0.0016,,5
0,5,honor,0.0023,,6
0,6,revisar,0.0027,,0
0,6,cadena,0.0031,,1
0,6,elevar,0.0029,,2
0,6,revision,0.0031,,3
0,6,reto,0.0026,,4
0,7,administracion,0.0041,,0
0,7,plan,0.0044,,1
0,7,establecimiento,0.0024,,2
0,7,yucatan,0.0016,,3
0,8,requerir,0.0032,,0
0,8,suministro,0.0032,,1
0,8,invertir,0.0023,,2
0,8,inmobiliario,0.0021,,3
1,0,millon,0.0111,,0
1,0,pesos,0.0171,,1
1,0,inversion,0.009,,2
1,0,informe,0.0017,,3
1,0,carga,0.0019,,4
1,0,reyes,0.0017,,5
1,1,iniciar,0.0043,,0
1,1,compartir,0.0034,,1
1,1,mexicana,0.0033,,2
1,1,dif,0.0045,,3
1,1,registro,0.0025,,4
1,1,capacitacion,0.0021,,5
1,1,infancia,0.0018,,6
1,1,docente,0.0011,,7
1,2,proyecto,0.0093,,0
1,2,construccion,0.0089,,1
1,2,estrategico,0.0024,,2
1,2,otorgar,0.0018,,3
1,2,cmic,0.004,,4
1,3,importante,0.0044,,0
1,3,formar,0.0044,,1
1,3,encargado,0.0013,,2
1,3,conectar,0.0016,,3
1,3,tampiquena,0.0011,,4
1,3,pasion,0.0026,,5
1,3,esperado,0.0011,,6
1,3,tamaulipa,0.0011,,7
1,3,revivir,0.0011,,8
1,4,norte,0.0039,,0
1,4,grupo,0.0045,,1
1,4,radio,0.004,,2
1,4,pronto,0.0025,,3
1,4,pilar,0.0023,,4
1,4,posteriormente,0.0031,,5
1,4,coahuila,0.0017,,6
1,4,completamente,0.0015,,7
1,4,emocion,0.0011,,8
1,5,region,0.0083,,0
1,5,fronterizo,0.0022,,1
1,5,kilometro,0.002,,2
1,5,noreste,0.0017,,3
1,6,seguro,0.0043,,0
1,6,estacion,0.0058,,1
1,6,contemplar,0.0033,,2
1,6,comun,0.0017,,3
1,6,querido,0.0011,,4
1,7,sumar,0.0034,,0
1,7,agradecer,0.004,,1
1,7,actuacion,0.002,,2
1,7,actor,0.0034,,3
1,7,dinamica,0.0017,,4
2,0,nacional,0.0181,,0
2,0,evento,0.009,,1
2,0,nivel,0.0103,,2
2,0,consolidar,0.0036,,3
2,0,aspecto,0.0014,,4
2,0,crear,0.0014,,5
2,0,television,0.0014,,6
2,0,reafirmar,0.0014,,7
2,0,sonar,0.0014,,8
2,0,finalizar,0.0014,,9
2,1,presidente,0.008,,0
2,1,torre,0.0053,,1
2,1,octavio,0.0052,,2
2,1,tren,0.0026,,3
2,1,canaco,0.0046,,4
2,1,firma,0.0041,,5
2,1,eduardo,0.0019,,6
2,1,pacto,0.0034,,7
2,1,manzur,0.0019,,8
2,1,steffano,0.0036,,9
2,1,guardar,0.0013,,10
2,1,materia,0.0025,,11
2,1,echar,0.0016,,12
2,1,jaibo,0.004,,13
2,1,supervisar,0.0015,,14
2,2,turistico,0.0067,,0
2,2,visitante,0.0068,,1
2,2,gonzalez,0.0027,,2
2,2,destino,0.004,,3
2,2,atraer,0.0018,,4
2,2,erasmo,0.0027,,5
2,2,rafael,0.0014,,6
2,2,record,0.004,,7
2,3,mes,0.0033,,0
2,3,cuidar,0.0027,,1
2,3,volver,0.0051,,2
2,3,forma,0.004,,3
2,3,similar,0.0027,,4
2,3,recuperar,0.0022,,5
2,3,patrimonio,0.004,,6
2,3,significar,0.0013,,7
2,3,instalar,0.0013,,8
2,3,sospechoso,0.0014,,9
2,3,preparado,0.0014,,10
2,3,traer,0.0014,,11
2,4,estrategia,0.0063,,0
2,4,imagen,0.004,,1
2,4,identificar,0.0029,,2
2,4,brindar,0.0027,,3
2,4,urbano,0.0027,,4
2,4,coordinado,0.0014,,5
2,4,autobus,0.0027,,6
2,4,aunado,0.0027,,7
2,4,lara,0.0014,,8
2,4,diputado,0.0017,,9
2,4,saldo,0.0027,,10
2,4,destinado,0.0014,,11
2,4,conservar,0.0014,,12
2,4,falla,0.0014,,13
2,5,comercial,0.007,,0
2,5,plaza,0.0064,,1
2,5,diverso,0.0033,,2
2,5,aumentar,0.0026,,3
2,5,reunir,0.0027,,4
2,5,armas,0.0027,,5
2,6,puerto,0.0116,,0
2,6,identidad,0.004,,1
2,6,trabajador,0.0027,,2
2,6,sabor,0.0027,,3
2,6,barda,0.0067,,4
2,6,sorprender,0.0014,,5
2,6,omar,0.0014,,6
2,6,servicios,0.0014,,7
2,7,senalar,0.0066,,0
2,7,funcionario,0.0027,,1
2,7,activo,0.0027,,2
2,7,cabe,0.0036,,3
2,7,deportesmiercol,0.0014,,4
2,7,nunez,0.0014,,5
2,8,delgado,0.0029,,0
2,8,aduana,0.0057,,1
2,8,emprender,0.0014,,2
2,8,impuesto,0.0036,,3
2,8,porteno,0.0013,,4
2,8,franquicia,0.0027,,5
3,0,doenitz,0.0175,,0
3,0,presunto,0.0059,,1
3,0,violencia,0.0042,,2
3,0,ocurrido,0.0035,,3
3,0,exalumno,0.0042,,4
3,0,senalamiento,0.0019,,5
3,0,casodafne,0.0015,,6
3,0,recurrir,0.0019,,7
3,1,abrir,0.0034,,0
3,1,llamado,0.004,,1
3,1,sentir,0.0047,,2
3,1,gustar,0.0058,,3
3,1,frente,0.0047,,4
3,1,aprovechar,0.0044,,5
3,1,opcion,0.0029,,6
3,1,juego,0.0015,,7
3,1,dema,0.0029,,8
3,1,aprendizaje,0.0015,,9
3,1,tecnologia,0.0015,,10
3,1,preparacion,0.0015,,11
3,1,diversion,0.0044,,12
3,1,tampicovacontodos,0.0015,,13
3,1,imss,0.003,,14
3,2,video,0.0064,,0
3,2,carpeta,0.0085,,1
3,2,cdmx,0.0112,,2
3,2,comentario,0.0021,,3
3,2,garcia,0.003,,4
3,2,morenista,0.003,,5
3,2,senado,0.0015,,6
3,2,periodista,0.003,,7
3,2,postura,0.0015,,8
3,2,augusto,0.0015,,9
3,2,suspender,0.003,,10
3,3,suceder,0.0048,,0
3,3,favor,0.0066,,1
3,3,dolor,0.0065,,2
3,3,miedo,0.0046,,3
3,3,agarrar,0.003,,4
3,3,actuar,0.0029,,5
3,3,tranquilo,0.0018,,6
3,3,acusacion,0.0023,,7
3,3,agente,0.0015,,8
3,3,descartar,0.0028,,9
3,4,mensaje,0.0029,,0
3,4,retiro,0.0044,,1
3,4,profesional,0.0033,,2
3,4,ochoa,0.003,,3
3,4,trayectoria,0.0029,,4
3,4,describir,0.0038,,5
3,4,guillermo,0.0015,,6
3,4,disputar,0.0015,,7
3,5,madre,0.0076,,0
3,5,muerte,0.0082,,1
3,5,amenaza,0.0029,,2
3,5,morelos,0.0015,,3
3,5,tijuana,0.0044,,4
3,6,expresar,0.0024,,0
3,6,doctor,0.0057,,1
3,6,practicamente,0.0015,,2
3,6,visita,0.0043,,3
3,6,canal,0.0029,,4
3,6,adelantar,0.0029,,5
3,6,seguidor,0.0015,,6
3,6,preocupacion,0.0015,,7
3,7,fisico,0.0053,,0
3,7,voz,0.0016,,1
3,7,psicologico,0.0015,,2
3,7,mecanismo,0.0015,,3
3,7,aleman,0.0015,,4
3,7,comparacion,0.0015,,5
3,7,escala,0.0015,,6
4,0,asegurar,0.0102,,0
4,0,elemento,0.005,,1
4,0,federal,0.0049,,2
4,0,carretera,0.0036,,3
4,0,policia,0.0038,,4
4,0,arma,0.0072,,5
4,0,altura,0.0025,,6
4,0,fuego,0.0058,,7
4,0,movilizacion,0.0036,,8
4,0,originario,0.0024,,9
4,0,intervencion,0.0023,,10
4,0,fallecido,0.0012,,11
4,1,pasar,0.0072,,0
4,1,denunciar,0.0047,,1
4,1,familiar,0.0053,,2
4,1,homicidio,0.0022,,3
4,1,quitar,0.0012,,4
4,1,irregularidad,0.0023,,5
4,1,mover,0.0022,,6
4,2,ley,0.0091,,0
4,2,derecho,0.0085,,1
4,2,pena,0.0059,,2
4,2,protocolo,0.0035,,3
4,2,violar,0.0032,,4
4,2,incrementar,0.0012,,5
4,2,congreso,0.0012,,6
4,2,humanos,0.0012,,7
4,2,relevancia,0.0024,,8
4,2,deportes,0.0012,,9
4,3,comenzar,0.0132,,0
4,3,historia,0.0036,,1
4,3,acompanar,0.0024,,2
4,3,abril,0.003,,3
4,3,detras,0.0018,,4
4,3,aparecer,0.0035,,5
4,3,pareja,0.0023,,6
4,3,pie,0.0012,,7
4,3,arbol,0.0024,,8
4,3,solido,0.0035,,9
4,3,raiz,0.0024,,10
4,4,delito,0.0125,,0
4,4,detener,0.0044,,1
4,4,relacionado,0.004,,2
4,4,judicial,0.0058,,3
4,4,fgr,0.0051,,4
4,4,prevenir,0.0022,,5
4,5,proceso,0.0106,,0
4,5,determinar,0.0032,,1
4,5,legal,0.003,,2
4,5,vigente,0.002,,3
4,5,probable,0.003,,4
4,5,disposicion,0.0023,,5
4,5,febrero,0.0012,,6
4,6,informar,0.007,,0
4,6,indicar,0.0036,,1
4,6,declarar,0.0028,,2
4,6,marca,0.0036,,3
4,6,anadir,0.0012,,4
4,6,edicion,0.0012,,5
4,7,enfrentar,0.0032,,0
4,7,resultar,0.0023,,1
4,7,extradicion,0.0027,,2
4,7,cambio,0.0024,,3
4,7,consumo,0.0024,,4
4,7,reduccion,0.0012,,5
4,7,locallunes,0.0033,,6
4,8,control,0.005,,0
4,8,juez,0.0061,,1
4,8,ilegal,0.0012,,2
4,8,lleno,0.0012,,3
4,8,ceremonia,0.0024,,4
4,9,cabeza,0.0028,,0
4,9,vaca,0.0036,,1
4,9,negar,0.0012,,2
5,0,militarizado,0.0131,,0
5,0,secretaria,0.0114,,1
5,0,educacion,0.009,,2
5,0,formacion,0.0036,,3
5,0,sep,0.0066,,4
5,0,permiso,0.0042,,5
5,0,publica,0.0053,,6
5,0,detectar,0.0048,,7
5,0,directora,0.0018,,8
5,1,resultado,0.0046,,0
5,1,poblacion,0.0039,,1
5,1,unicamente,0.0031,,2
5,1,promedio,0.0028,,3
5,1,positivo,0.0018,,4
5,1,convivencia,0.0019,,5
5,1,revelar,0.0033,,6
5,1,conflicto,0.003,,7
5,1,enfermedad,0.0018,,8
5,2,voto,0.0036,,0
5,2,martinez,0.0042,,1
5,2,laura,0.0042,,2
5,2,juana,0.003,,3
5,2,modalidad,0.0013,,4
5,3,autoridad,0.0074,,0
5,3,inmediato,0.0017,,1
5,3,supervision,0.0027,,2
5,3,oficina,0.0026,,3
5,3,detallar,0.0019,,4
5,3,ortega,0.0031,,5
5,4,recordar,0.004,,0
5,4,tratar,0.002,,1
5,4,fallecer,0.0029,,2
5,4,escribir,0.0013,,3
5,4,herida,0.0018,,4
5,4,batalla,0.0013,,5
5,4,especie,0.0013,,6
5,4,regalar,0.0013,,7
5,5,dia,0.0066,,0
5,5,terminar,0.0037,,1
5,5,presentacion,0.0013,,2
5,5,facultad,0.0013,,3
5,5,quintana,0.001,,4
5,5,roo,0.001,,5
5,5,deportiva,0.0011,,6
5,6,institucion,0.01,,0
5,6,plantel,0.0048,,1
5,6,agresion,0.0021,,2
5,7,encontrar,0.006,,0
5,7,medio,0.004,,1
5,7,real,0.0012,,2
5,7,documentar,0.0013,,3
5,8,afirmar,0.0046,,0
5,8,entrevista,0.0024,,1
5,8,comision,0.0019,,2
5,8,grave,0.0015,,3
5,9,ingresar,0.0025,,0
5,9,instituto,0.0025,,1
5,9,modelo,0.0032,,2
5,9,verificar,0.0035,,3
5,9,localdomingo,0.0029,,4
6,0,escuela,0.0117,,0
6,0,militar,0.0064,,1
6,0,nina,0.0092,,2
6,0,disciplina,0.0051,,3
6,0,abuso,0.0038,,4
6,0,tortura,0.0025,,5
6,0,estricto,0.002,,6
6,0,sedena,0.0015,,7
6,0,perez,0.0013,,8
6,0,preguntar,0.0014,,9
6,0,acusado,0.0015,,10
6,1,querer,0.0076,,0
6,1,culpable,0.0086,,1
6,1,carcel,0.004,,2
6,1,viejo,0.003,,3
6,1,mentira,0.0018,,4
6,1,supuesto,0.002,,5
6,1,chivo,0.0017,,6
6,1,expiatorio,0.0013,,7
6,1,notar,0.0012,,8
6,2,deber,0.0121,,0
6,2,hijo,0.0069,,1
6,2,ojala,0.0045,,2
6,2,meter,0.0045,,3
6,2,pagar,0.0036,,4
6,2,manos,0.0015,,5
6,3,director,0.0058,,0
6,3,ponce,0.0035,,1
6,3,alumno,0.0034,,2
6,3,abusar,0.0027,,3
6,3,castigo,0.0026,,4
6,3,llamar,0.0025,,5
6,3,estrella,0.0018,,6
6,4,asesino,0.0048,,0
6,4,muerto,0.0032,,1
6,4,matar,0.0028,,2
6,4,inocente,0.0031,,3
6,4,chica,0.0032,,4
6,4,ala,0.0019,,5
6,4,culpar,0.0024,,6
6,4,violento,0.0018,,7
6,4,dana,0.0017,,8
6,4,marino,0.0012,,9
6,5,entender,0.0045,,0
6,5,cosa,0.0034,,1
6,5,alguien,0.0043,,2
6,5,pobre,0.0031,,3
6,5,golpear,0.0029,,4
6,5,golpe,0.002,,5
6,5,alli,0.002,,6
6,6,colegio,0.0039,,0
6,6,mando,0.0018,,1
6,6,maldito,0.0019,,2
6,6,castigar,0.0025,,3
6,6,chico,0.0018,,4
6,6,papa,0.002,,5
6,6,impune,0.0021,,6
6,6,siquiera,0.0013,,7
6,6,jovencita,0.0015,,8
6,7,campamento,0.0058,,0
6,7,derechos,0.0025,,1
6,7,hijos,0.0024,,2
6,7,triste,0.0022,,3
6,7,regular,0.0026,,4
6,7,jamas,0.0021,,5
6,7,padres,0.0018,,6
6,8,dejar,0.0075,,0
6,8,nombre,0.0031,,1
6,8,lamentable,0.0034,,2
6,8,inepto,0.0012,,3
6,8,anual,0.0012,,4
6,9,victima,0.0065,,0
6,9,existir,0.0047,,1
6,9,mal,0.0052,,2
6,9,ensenar,0.0018,,3
6,10,senora,0.0046,,0
6,10,cerrar,0.0035,,1
6,10,aplicar,0.0021,,2
6,10,causar,0.001,,3
6,10,loco,0.0012,,4
6,11,investigar,0.0045,,0
6,11,mano,0.0043,,1
6,11,culpa,0.0024,,2
6,12,hija,0.0086,,0
6,12,inscribir,0.0017,,1
6,12,torturar,0.0021,,2
6,12,abuelita,0.0013,,3
7,0,villarreal,0.0441,,0
7,0,monica,0.0361,,1
7,0,anaya,0.007,,2
7,0,alcaldesa,0.0143,,3
7,0,cdvictoria,0.0162,,4
7,0,minibasquet,0.0039,,5
7,1,bienestar,0.0145,,0
7,1,vida,0.0076,,1
7,1,atencion,0.0061,,2
7,1,unidad,0.0059,,3
7,1,comunidad,0.0056,,4
7,1,semana,0.0038,,5
7,1,movil,0.0038,,6
7,1,ruta,0.0032,,7
7,1,quinto,0.0027,,8
7,1,autonoma,0.0018,,9
7,1,merecer,0.0012,,10
7,2,leer,0.0087,,0
7,2,nota,0.0065,,1
7,2,completo,0.0035,,2
7,2,click,0.0033,,3
7,2,invitamos,0.0033,,4
7,2,dando,0.0033,,5
7,2,link,0.0033,,6
7,2,web,0.0033,,7
7,2,somoslared,0.0033,,8
7,2,estamosentodaspart,0.0033,,9
7,2,vacacional,0.0014,,10
7,2,cdmadero,0.0027,,11
7,3,tampico,0.0514,,0
7,3,local,0.0064,,1
7,3,exito,0.0028,,2
7,3,unir,0.0024,,3
7,3,emblematico,0.0022,,4
7,3,propuesta,0.002,,5
7,3,increible,0.0019,,6
7,3,cortadura,0.0037,,7
7,3,profundo,0.0019,,8
7,3,enorme,0.0011,,9
7,3,rescatar,0.0013,,10
7,3,autoridades,0.0011,,11
7,3,extremo,0.0011,,12
7,4,jornada,0.009,,0
7,4,victoria,0.0051,,1
7,4,inaugurar,0.0065,,2
7,4,guadalupe,0.0048,,3
7,4,cancha,0.0041,,4
7,4,col,0.0022,,5
7,5,via,0.0028,,0
7,5,vocacion,0.0022,,1
7,5,porcentaje,0.0011,,2
7,5,diaz,0.0016,,3
7,5,incremento,0.0028,,4
7,5,iglesia,0.0011,,5
7,6,terreno,0.0017,,0
7,6,refineria,0.0031,,1
7,6,clandestino,0.0033,,2
7,6,piso,0.0015,,3
7,6,incendio,0.0017,,4
8,0,americo,0.0075,,0
8,0,principal,0.0047,,1
8,0,beneficio,0.0049,,2
8,0,puesto,0.0025,,3
8,0,involucrado,0.0018,,4
8,0,coordinacion,0.0029,,5
8,0,vision,0.0021,,6
8,0,transmitir,0.0014,,7
8,0,advertir,0.0019,,8
8,1,creer,0.0051,,0
8,1,corrupto,0.0051,,1
8,1,criminal,0.0021,,2
8,1,dificil,0.0019,,3
8,1,conocimiento,0.0028,,4
8,1,razon,0.0021,,5
8,2,pensar,0.0053,,0
8,2,servir,0.0035,,1
8,2,amlo,0.0038,,2
8,2,serio,0.0022,,3
8,2,raro,0.0032,,4
8,2,hugo,0.0022,,5
8,2,ahorita,0.0014,,6
8,3,santo,0.0013,,0
8,3,tradicion,0.0027,,1
8,3,acompanado,0.0022,,2
8,3,religioso,0.0043,,3
8,3,tradicional,0.0014,,4
8,3,celebracion,0.0021,,5
8,4,operar,0.0041,,0
8,4,crimen,0.0042,,1
8,4,ejercito,0.0025,,2
8,4,bastar,0.0013,,3
8,4,papel,0.001,,4
8,4,ganancia,0.0021,,5
8,4,cierre,0.0019,,6
8,4,infierno,0.0021,,7
8,5,jesus,0.0041,,0
8,5,mora,0.0071,,1
8,5,jueza,0.0035,,2
8,5,justiciaparadafne,0.0048,,3
8,5,durar,0.0017,,4
8,5,escandalo,0.0028,,5
8,6,grande,0.0048,,0
8,6,tecnico,0.0029,,1
8,6,pinche,0.0014,,2
8,6,afectar,0.003,,3
8,6,cambiar,0.0013,,4
8,7,necesitar,0.0029,,0
8,7,leon,0.0048,,1
8,7,cuantos,0.0018,,2
8,7,electrico,0.0033,,3
8,7,apuesta,0.0021,,4
8,7,ejecutar,0.0014,,5
8,8,sacar,0.0027,,0
8,8,vista,0.0021,,1
8,8,pescador,0.0021,,2
8,8,silencio,0.0014,,3
8,9,ojo,0.0034,,0
8,9,belleza,0.0015,,1
8,9,argumento,0.0012,,2
8,9,pretender,0.0014,,3
8,9,busca,0.0024,,4
9,0,persona,0.0115,,0
9,0,ocurrir,0.0046,,1
9,0,vehiculo,0.0086,,2
9,0,accidente,0.0058,,3
9,0,emergencia,0.0052,,4
9,0,detencion,0.0024,,5
9,0,lesionado,0.0039,,6
9,0,trasladar,0.0019,,7
9,0,operador,0.0022,,8
9,0,conocido,0.0029,,9
9,0,conductor,0.0025,,10
9,0,percance,0.0025,,11
9,0,corporacion,0.0025,,12
9,0,camioneta,0.0037,,13
9,0,transito,0.0017,,14
9,0,sujeto,0.0019,,15
9,0,movilizar,0.0017,,16
9,0,subir,0.0014,,17
9,0,circular,0.0013,,18
9,0,choque,0.0013,,19
9,1,justicia,0.0158,,0
9,1,gobernador,0.0083,,1
9,1,exigir,0.0083,,2
9,1,abuela,0.0032,,3
9,1,peso,0.0022,,4
9,2,quintos,0.0075,,0
9,2,zapata,0.0073,,1
9,2,alejandra,0.0053,,2
9,2,estrellita,0.0032,,3
9,2,esclarecer,0.0029,,4
9,2,familiares,0.0018,,5
9,2,prometer,0.0013,,6
9,3,lograr,0.0049,,0
9,3,registrar,0.0054,,1
9,3,ubicado,0.0035,,2
9,3,evitar,0.0029,,3
9,3,puente,0.0048,,4
9,3,impactar,0.0024,,5
9,3,estructura,0.0025,,6
9,3,trafico,0.0013,,7
9,3,derivado,0.0015,,8
9,3,velocidad,0.0018,,9
9,4,menor,0.0101,,0
9,4,perder,0.0044,,1
9,4,jueves,0.003,,2
9,4,exigencia,0.0046,,3
9,4,manifestacion,0.003,,4
9,4,identificado,0.0014,,5
9,4,preliminar,0.0022,,6
9,5,pesca,0.0038,,0
9,5,coordinador,0.0013,,1
9,5,infantil,0.0018,,2
9,5,competencia,0.0022,,3
9,5,categoria,0.0027,,4
9,5,jetl,0.0018,,5
9,6,familia,0.0106,,0
9,6,marina,0.0064,,1
9,6,confianza,0.0033,,2
9,6,controlar,0.0012,,3
9,7,tomar,0.0023,,0
9,7,sitio,0.0026,,1
9,7,protesta,0.0022,,2
9,7,circulacion,0.0025,,3
9,7,auxilio,0.0017,,4
9,7,vial,0.0012,,5
9,7,carril,0.0013,,6
9,7,bomberos,0.0015,,7
9,8,continuar,0.0054,,0
9,8,permanecer,0.0049,,1
9,8,avanzar,0.0028,,2
10,0,actividad,0.0138,,0
10,0,perro,0.0209,,1
10,0,industria,0.0054,,2
10,0,capacidad,0.0037,,3
10,0,compania,0.0066,,4
10,0,mascota,0.0063,,5
10,0,cual,0.0037,,6
10,0,inteligencia,0.0062,,7
10,0,productivo,0.0019,,8
10,0,distinguir,0.0019,,9
10,0,ocupar,0.0019,,10
10,0,energia,0.0019,,11
10,0,convivir,0.0019,,12
10,0,ejemplar,0.0019,,13
10,1,estatal,0.0147,,0
10,1,reynosa,0.0125,,1
10,1,guardia,0.005,,2
10,1,frontera,0.0065,,3
10,1,mayo,0.0038,,4
10,1,concentrar,0.0054,,5
10,1,esposa,0.0036,,6
10,1,ampliar,0.0035,,7
10,1,implicado,0.0054,,8
10,1,interno,0.0019,,9
10,2,mexico,0.0107,,0
10,2,responsable,0.004,,1
10,2,robar,0.0036,,2
10,2,particular,0.0019,,3
10,2,gobernar,0.0026,,4
10,2,diario,0.0019,,5
10,2,titulo,0.0019,,6
10,2,cuanto,0.0017,,7
10,2,top,0.0019,,8
10,3,agua,0.009,,0
10,3,recurso,0.0054,,1
10,3,generacion,0.0085,,2
10,3,cuidado,0.0101,,3
10,3,garantizar,0.0054,,4
10,3,aprender,0.0037,,5
10,3,reciente,0.0019,,6
10,3,alimento,0.0018,,7
10,3,sesion,0.0019,,8
10,3,instruccion,0.0019,,9
10,3,habitar,0.0019,,10
10,4,desarrollo,0.0066,,0
10,4,crecimiento,0.007,,1
10,4,promover,0.0048,,2
10,4,hogar,0.0048,,3
10,4,liderazgo,0.0019,,4
10,4,industrial,0.0048,,5
10,4,integrar,0.0019,,6
10,5,resolver,0.0027,,0
10,5,entrar,0.0019,,1
10,5,reiterar,0.0054,,2
10,5,cantidad,0.0065,,3
10,5,extorsion,0.0035,,4
10,5,efecto,0.0017,,5
10,5,mental,0.0019,,6
10,5,obligar,0.0019,,7
10,5,decena,0.0019,,8
10,5,localsabado,0.0037,,9
10,6,representar,0.0042,,0
10,6,tamaulipeco,0.0037,,1
10,6,estudio,0.0066,,2
10,6,america,0.0054,,3
10,6,caribe,0.0019,,4
10,6,integrado,0.0018,,5
10,7,entidad,0.0067,,0
10,7,objetivo,0.0031,,1
10,7,asimismo,0.004,,2
10,7,seleccion,0.0037,,3
10,7,territorial,0.0034,,4
10,7,debajo,0.0019,,5
10,7,difundido,0.0019,,6
10,8,empresario,0.0081,,0
10,8,hombre,0.0086,,1
10,8,armado,0.0033,,2
10,8,formal,0.0019,,3
10,8,directamente,0.0019,,4
10,8,instancia,0.0019,,5
10,8,color,0.0036,,6
10,9,pequeno,0.0054,,0
10,9,competitividad,0.0019,,1
10,9,mediano,0.0019,,2
10,9,innovacion,0.0025,,3
10,9,proveedor,0.0026,,4
10,9,tamano,0.0019,,5
10,10,permitir,0.0063,,0
10,10,actual,0.0036,,1
10,10,minuto,0.0036,,2
10,10,territorio,0.0019,,3
10,10,poderoso,0.0019,,4
10,11,complejo,0.0089,,0
10,11,producir,0.0035,,1
10,11,dolares,0.0099,,2
10,11,realmente,0.0019,,3
10,11,posterior,0.0018,,4
11,0,equipo,0.0127,,0
11,0,veracruz,0.0083,,1
11,0,jaiba,0.0123,,2
11,0,apertura,0.0116,,3
11,0,brava,0.0138,,4
11,0,liga,0.0187,,5
11,0,domingo,0.003,,6
11,0,jugar,0.0052,,7
11,0,gol,0.0045,,8
11,0,empatar,0.0064,,9
11,0,estadio,0.0061,,10
11,0,piratas,0.0073,,11
11,0,arranque,0.0073,,12
11,1,buscar,0.0137,,0
11,1,fuerza,0.0044,,1
11,1,fondo,0.0015,,2
11,1,talento,0.0059,,3
11,1,testimonio,0.0015,,4
11,1,cobrar,0.003,,5
11,1,comentar,0.0016,,6
11,1,salto,0.0045,,7
11,1,proyectar,0.0059,,8
11,1,volar,0.0045,,9
11,1,ave,0.003,,10
11,1,amor,0.0016,,11
11,1,mesa,0.0016,,12
11,1,guerra,0.0016,,13
11,2,medida,0.0029,,0
11,2,cargo,0.0046,,1
11,2,codigo,0.0055,,2
11,2,establecer,0.0039,,3
11,2,presidencia,0.0015,,4
11,2,vincular,0.0064,,5
11,2,federacion,0.0018,,6
11,2,asunto,0.0015,,7
11,2,sentencia,0.0073,,8
11,2,suficiente,0.0015,,9
11,2,nacion,0.0015,,10
11,2,cautelar,0.0023,,11
11,2,resolucion,0.003,,12
11,2,principio,0.0015,,13
11,2,firme,0.0045,,14
11,2,constituir,0.0015,,15
11,2,analizar,0.003,,16
11,2,redes,0.003,,17
11,3,pedir,0.0059,,0
11,3,san,0.0054,,1
11,3,juicio,0.0015,,2
11,3,campana,0.0045,,3
11,3,basico,0.0045,,4
11,3,ciudadania,0.003,,5
11,3,campos,0.0043,,6
11,3,romper,0.0016,,7
11,3,expediente,0.003,,8
11,3,valle,0.0015,,9
11,3,relacion,0.0016,,10
11,3,caracter,0.0016,,11
11,3,disfrazado,0.003,,12
11,3,negro,0.0016,,13
11,3,foto,0.0024,,14
11,4,futbol,0.0086,,0
11,4,mundo,0.0047,,1
11,4,futbolista,0.006,,2
11,4,historico,0.003,,3
11,4,torneo,0.0043,,4
11,4,impresocompartirsigueno,0.003,,5
11,4,jugador,0.0044,,6
11,4,division,0.0028,,7
11,4,linkarticulo,0.003,,8
11,4,oscar,0.0032,,9
11,4,lider,0.0016,,10
11,5,partido,0.0071,,0
11,5,electoral,0.0059,,1
11,5,eleccion,0.0058,,2
11,5,comida,0.0016,,3
11,5,politica,0.0015,,4
11,5,ietam,0.0015,,5
11,5,nacer,0.0023,,6
11,5,alcaldia,0.0029,,7
11,5,restriccion,0.003,,8
11,5,septiembre,0.0044,,9
11,5,ramos,0.0015,,10
11,6,francia,0.0165,,0
11,6,tour,0.0138,,1
11,6,correr,0.0031,,2
11,6,tercer,0.006,,3
11,6,toro,0.0102,,4
11,6,logro,0.0042,,5
11,6,oficialmente,0.0045,,6
11,7,participar,0.0062,,0
11,7,ganar,0.0128,,1
11,7,cabo,0.0043,,2
11,7,festival,0.0041,,3
11,7,culminar,0.0045,,4
11,7,minibasket,0.0041,,5
11,7,deportesdomingo,0.0087,,6
11,7,incidente,0.003,,7
11,8,alto,0.0065,,0
11,8,convertir,0.0064,,1
11,8,acto,0.0022,,2
11,8,definitivo,0.0014,,3
11,8,ejecutivo,0.0015,,4
11,8,contratar,0.0016,,5
11,8,enero,0.0015,,6
11,9,sur,0.0068,,0
11,9,mostrar,0.0034,,1
11,9,practica,0.0015,,2
11,9,raul,0.003,,3
11,9,pagina,0.0016,,4
11,9,financiero,0.0016,,5
12,0,exposicion,0.0177,,0
12,0,experiencia,0.0095,,1
12,0,disfrutar,0.0084,,2
12,0,humano,0.0041,,3
12,0,bodies,0.0075,,4
12,0,recorrer,0.0032,,5
12,0,viaje,0.0021,,6
12,0,visitar,0.0048,,7
12,0,temporal,0.0029,,8
12,0,galeria,0.003,,9
12,0,alas,0.0029,,10
12,0,ciencia,0.003,,11
12,1,verano,0.0092,,0
12,1,recibir,0.0045,,1
12,1,vacacion,0.0048,,2
12,1,playa,0.0068,,3
12,1,oferta,0.0045,,4
12,1,superar,0.0026,,5
12,1,atractivo,0.0029,,6
12,1,totalmente,0.002,,7
12,1,turista,0.0028,,8
12,1,junio,0.0013,,9
12,1,meta,0.0012,,10
12,2,ofrecer,0.01,,0
12,2,producto,0.0062,,1
12,2,escolar,0.0032,,2
12,2,precio,0.0059,,3
12,2,regreso,0.0024,,4
12,2,feria,0.0024,,5
12,2,amplio,0.0018,,6
12,2,agrupacion,0.0012,,7
12,2,adquirir,0.0018,,8
12,2,potosi,0.0012,,9
12,2,proposito,0.0018,,10
12,3,manana,0.0047,,0
12,3,martes,0.0088,,1
12,3,noche,0.003,,2
12,3,carlos,0.0023,,3
12,3,horas,0.0018,,4
12,3,confiar,0.0016,,5
12,3,llamada,0.0015,,6
12,3,asistente,0.0018,,7
12,3,robles,0.0014,,8
12,3,definir,0.0024,,9
12,3,intervenir,0.0017,,10
12,4,entrada,0.0067,,0
12,4,gratuito,0.0073,,1
12,4,expo,0.003,,2
12,4,jardin,0.0023,,3
12,4,libre,0.0023,,4
12,4,teatro,0.0023,,5
12,4,salon,0.0016,,6
12,4,gobernadores,0.0012,,7
12,5,llegar,0.0067,,0
12,5,unico,0.009,,1
12,5,cuerpo,0.0054,,2
12,5,linea,0.0021,,3
12,5,carpintero,0.0018,,4
12,5,dormir,0.0012,,5
12,5,convocar,0.0011,,6
12,5,lamentar,0.0012,,7
12,6,vivir,0.0046,,0
12,6,descubrir,0.0057,,1
12,6,especial,0.0036,,2
12,6,natural,0.0031,,3
12,6,copa,0.0035,,4
12,6,gomez,0.0026,,5
12,6,afuera,0.0017,,6
12,6,presumir,0.0027,,7
12,6,ideal,0.0013,,8
12,6,fotografia,0.0021,,9
12,6,magico,0.0012,,10
12,6,turistica,0.001,,11
12,7,recorrido,0.0044,,0
12,7,naturaleza,0.0047,,1
12,7,paisaje,0.0014,,2
12,7,licenciatura,0.0021,,3
12,7,tranquilidad,0.0016,,4
12,7,recinto,0.0018,,5
12,7,ingenieria,0.0015,,6
12,7,interesado,0.0017,,7
12,8,internacional,0.0061,,0
12,8,reconocido,0.0024,,1
12,8,concierto,0.0019,,2
12,8,victor,0.0023,,3
13,0,temperatura,0.0168,,0
13,0,maximo,0.0132,,1
13,0,ambiente,0.007,,2
13,0,lluvia,0.0068,,3
13,0,grado,0.0071,,4
13,0,minimo,0.0063,,5
13,0,viento,0.0065,,6
13,0,pronostico,0.0058,,7
13,0,caluroso,0.0054,,8
13,0,racha,0.0057,,9
13,0,posibilidad,0.004,,10
13,0,cercano,0.0025,,11
13,0,elevado,0.0042,,12
13,0,prever,0.0023,,13
13,0,cielo,0.0023,,14
13,1,esperar,0.0112,,0
13,1,mama,0.0051,,1
13,1,valer,0.0019,,2
13,1,consecuencia,0.0045,,3
13,1,respeto,0.0033,,4
13,1,maltrato,0.0037,,5
13,1,hermano,0.0034,,6
13,1,presencia,0.0016,,7
13,1,caida,0.0016,,8
13,1,asesinar,0.0013,,9
13,1,metar,0.0021,,10
13,1,trato,0.0026,,11
13,1,boca,0.0013,,12
13,1,representacion,0.0015,,13
13,1,lagrima,0.0037,,14
13,1,mierda,0.0043,,15
13,1,dirigir,0.0022,,16
13,2,antonio,0.0046,,0
13,2,sol,0.0142,,1
13,2,regresar,0.0026,,2
13,2,sosa,0.0065,,3
13,2,macay,0.0106,,4
13,2,mariela,0.0106,,5
13,2,despedir,0.0026,,6
13,2,abierto,0.0024,,7
13,2,hector,0.0043,,8
13,2,publicar,0.0026,,9
13,2,marzo,0.002,,10
13,2,localviernes,0.0036,,11
13,2,bravo,0.0015,,12
13,2,rivera,0.0025,,13
13,2,deportessabado,0.0017,,14
13,3,zona,0.007,,0
13,3,hora,0.0114,,1
13,3,mantener,0.0058,,2
13,3,bloqueo,0.0025,,3
13,3,especializado,0.0018,,4
13,3,cargado,0.0017,,5
13,4,mante,0.0149,,0
13,4,mario,0.005,,1
13,4,marcha,0.0039,,2
13,4,justo,0.0028,,3
13,4,pacifico,0.005,,4
13,4,mil,0.0034,,5
13,4,memoria,0.0032,,6
13,5,sheinbaum,0.0071,,0
13,5,acudir,0.0057,,1
13,5,distinto,0.0038,,2
13,5,entrenar,0.0034,,3
13,5,gimnasio,0.0052,,4
13,5,diferencia,0.0026,,5
13,5,companero,0.0017,,6
13,5,soler,0.0026,,7
13,5,difundir,0.0015,,8
13,6,condicion,0.0054,,0
13,6,calor,0.0069,,1
13,6,sabado,0.0061,,2
13,6,clima,0.0085,,3
13,6,marcado,0.0026,,4
13,6,meteorologico,0.0028,,5
13,6,intenso,0.0015,,6
14,0,investigacion,0.0199,,0
14,0,fiscalia,0.0159,,1
14,0,orden,0.005,,2
14,0,instalacion,0.0043,,3
14,0,dato,0.0048,,4
14,0,aprehension,0.0044,,5
14,0,denuncia,0.0035,,6
14,0,aclarar,0.0037,,7
14,0,fgj,0.0027,,8
14,0,cometer,0.0012,,9
14,0,ninas,0.0016,,10
14,0,voluntario,0.0012,,11
14,0,peticion,0.0012,,12
14,1,dafne,0.0294,,0
14,1,caso,0.027,,1
14,1,feminicidio,0.0113,,2
14,1,sexual,0.0025,,3
14,1,nieta,0.0024,,4
14,2,academia,0.0181,,0
14,2,militarizada,0.0114,,1
14,2,morir,0.0055,,2
14,2,adolescente,0.0067,,3
14,2,milenio,0.0019,,4
14,2,madrugada,0.0014,,5
14,3,yanina,0.0188,,0
14,3,danna,0.0143,,1
14,3,prision,0.0052,,2
14,3,preventivo,0.005,,3
14,3,abogado,0.0033,,4
14,3,penal,0.0024,,5
14,3,defensor,0.0012,,6
14,3,imponer,0.0014,,7
14,3,dictar,0.0012,,8
14,4,audiencia,0.0122,,0
14,4,defensa,0.0072,,1
14,4,integral,0.0022,,2
14,4,solicitud,0.0027,,3
14,4,imputado,0.0034,,4
14,4,juridico,0.0026,,5
14,4,diligencia,0.0021,,6
14,4,plazo,0.0022,,7
14,4,etapa,0.0034,,8
14,4,cruz,0.0026,,9
14,4,inicial,0.0023,,10
14,4,flores,0.0015,,11
14,4,receso,0.0015,,12
14,5,joven,0.0108,,0
14,5,presentar,0.0065,,1
14,5,luis,0.0053,,2
14,5,jorge,0.0046,,3
14,5,acreditar,0.0024,,4
14,5,presuntamente,0.0018,,5
14,6,explicar,0.0047,,0
14,6,considerar,0.0027,,1
14,6,orozco,0.0027,,2
14,6,govea,0.0027,,3
14,6,asfixia,0.0016,,4
14,7,detenido,0.0055,,0
14,7,interior,0.0038,,1
14,7,ministerio,0.003,,2
15,0,quedar,0.0199,,0
15,0,mandar,0.0187,,1
15,0,conversacion,0.0196,,2
15,0,correo,0.0187,,3
15,0,resumen,0.0193,,4
15,0,informativo,0.0192,,5
15,1,julio,0.0206,,0
15,1,personal,0.0053,,1
15,1,rio,0.0066,,2
15,1,confirmar,0.0034,,3
15,1,parque,0.004,,4
15,1,encuentro,0.0061,,5
15,1,panuco,0.0024,,6
15,1,comprar,0.0019,,7
15,1,gratis,0.0025,,8
15,1,carmen,0.0025,,9
15,1,presion,0.0025,,10
15,1,interes,0.0017,,11
15,1,bajar,0.0017,,12
15,1,preparar,0.0027,,13
15,1,listo,0.0019,,14
15,1,hotel,0.0031,,15
15,1,fuente,0.0017,,16
15,1,guerrero,0.0017,,17
15,1,fase,0.0017,,18
15,1,esquema,0.0014,,19
15,1,referente,0.0033,,20
15,1,moderno,0.0033,,21
15,1,lucha,0.0017,,22
15,1,reducir,0.0017,,23
15,2,columna,0.0365,,0
15,2,noticias,0.0172,,1
15,2,cartones,0.0173,,2
15,2,loultimo,0.0173,,3
15,2,newsletter,0.0173,,4
15,3,responsabilidad,0.0115,,0
15,3,articulo,0.0113,,1
15,3,emitir,0.0113,,2
15,3,opinion,0.0131,,3
15,3,vertido,0.0113,,4
15,4,casa,0.0137,,0
15,4,libertad,0.0121,,1
15,4,respetar,0.0113,,2
15,4,editorial,0.0113,,3
15,4,expresion,0.0089,,4
16,0,fortalecer,0.0126,,0
16,0,impulsar,0.0089,,1
16,0,oportunidad,0.0064,,2
16,0,economico,0.0075,,3
16,0,generar,0.0044,,4
16,0,tampicotecuida,0.0061,,5
16,0,sociedad,0.0032,,6
16,0,estudiante,0.0024,,7
16,0,emprendedor,0.002,,8
16,0,servytur,0.0027,,9
16,0,concanaco,0.0025,,10
16,0,herramienta,0.002,,11
16,0,alianza,0.0018,,12
16,0,seguimiento,0.0013,,13
16,0,conjunto,0.0019,,14
16,1,club,0.0053,,0
16,1,anunciar,0.0043,,1
16,1,tampiqueno,0.0042,,2
16,1,decision,0.0025,,3
16,1,previo,0.0024,,4
16,1,breve,0.0022,,5
16,1,portales,0.0033,,6
16,1,entrenamiento,0.0019,,7
16,1,amiga,0.0019,,8
16,1,perrita,0.0016,,9
16,1,correcaminos,0.0016,,10
16,1,mar,0.0026,,11
16,1,cuidastir,0.0016,,12
16,1,colgar,0.0016,,13
16,1,guant,0.0013,,14
16,1,desear,0.0012,,15
16,1,mediterraneo,0.0016,,16
16,2,magicos,0.0041,,0
16,2,pueblos,0.0041,,1
16,2,tianguis,0.0034,,2
16,2,rodriguez,0.0022,,3
16,2,representante,0.0024,,4
16,2,sede,0.0029,,5
16,2,organizador,0.0025,,6
16,2,comite,0.0022,,7
16,2,noviembre,0.002,,8
16,2,convenciones,0.0012,,9
16,3,municipio,0.0081,,0
16,3,delegacion,0.0026,,1
16,3,competir,0.0031,,2
16,3,exponente,0.0022,,3
16,3,sanamente,0.0019,,4
16,3,fiel,0.0016,,5
16,3,despedida,0.0016,,6
16,3,leal,0.0016,,7
16,3,lomito,0.0016,,8
16,3,compitar,0.0016,,9
16,3,dominio,0.0016,,10
16,3,tablero,0.0016,,11
16,3,adolfo,0.0016,,12
16,4,deporte,0.0052,,0
16,4,reconocer,0.0038,,1
16,4,campeon,0.0038,,2
16,4,argentina,0.0031,,3
16,4,deportista,0.0028,,4
16,4,sueno,0.0016,,5
16,4,beisbol,0.0019,,6
16,4,medalla,0.0019,,7
16,4,campeonato,0.0024,,8
16,4,destrozar,0.0013,,9
16,4,conquistar,0.0019,,10
16,4,hazana,0.0016,,11
16,5,esfuerzo,0.0041,,0
16,5,entrega,0.0048,,1
16,5,distintivo,0.0041,,2
16,5,orgullo,0.0034,,3
16,5,crecer,0.002,,4
16,5,dedicacion,0.0018,,5
16,5,hechoentampico,0.0016,,6
16,5,tercero,0.0027,,7
17,0,hospital,0.0183,,0
17,0,salud,0.0187,,1
17,0,medico,0.0091,,2
17,0,avance,0.0164,,3
17,0,sufrir,0.003,,4
17,0,laboral,0.0036,,5
17,0,acoso,0.0036,,6
17,0,referir,0.0018,,7
17,0,mananera,0.0017,,8
17,0,progreso,0.0018,,9
17,1,contar,0.0046,,0
17,1,informacion,0.0038,,1
17,1,oficial,0.0041,,2
17,1,correspondiente,0.0021,,3
17,1,report,0.0028,,4
17,1,dependencia,0.0028,,5
17,1,animal,0.0054,,6
17,1,comunicado,0.0028,,7
17,1,procedimiento,0.0024,,8
17,1,transportar,0.0014,,9
17,1,colaboracion,0.0012,,10
17,2,salir,0.0042,,0
17,2,utilizar,0.0028,,1
17,2,noticia,0.0027,,2
17,2,faltar,0.0036,,3
17,2,testigo,0.0028,,4
17,2,evidencia,0.0021,,5
17,2,objeto,0.0027,,6
17,2,liberar,0.002,,7
17,2,maniobra,0.002,,8
17,2,indagatoria,0.0036,,9
17,2,version,0.0027,,10
17,3,general,0.0184,,0
17,3,acuerdo,0.0048,,1
17,3,fallecimiento,0.0037,,2
17,3,presentado,0.0018,,3
17,3,relevante,0.0019,,4
17,3,july,0.0018,,5
17,4,deportivo,0.0092,,0
17,4,causa,0.0037,,1
17,4,practicar,0.0036,,2
17,4,clinica,0.0024,,3
17,4,digno,0.0027,,4
17,4,localizar,0.0026,,5
17,4,autopsia,0.0021,,6
17,4,aproximado,0.0034,,7
17,4,atleta,0.0028,,8
17,4,cita,0.0019,,9
17,5,final,0.0048,,0
17,5,mundial,0.004,,1
17,5,reportar,0.0039,,2
17,5,amigo,0.0032,,3
17,5,observar,0.0028,,4
17,5,llenar,0.0028,,5
17,6,red,0.0068,,0
17,6,declaracion,0.0019,,1
17,6,detalle,0.0022,,2
17,6,desaparicion,0.002,,3
17,6,busqueda,0.0029,,4
17,6,bordo,0.0019,,5
17,6,atribuir,0.0018,,6
17,7,decada,0.002,,0
17,7,aniversario,0.0026,,1
17,7,asistir,0.0012,,2
17,7,enhorabuena,0.0018,,3
17,8,personaje,0.0028,,0
17,8,publicado,0.0027,,1
17,8,clasico,0.0019,,2
18,0,empresa,0.0115,,0
18,0,publico,0.0104,,1
18,0,privado,0.0059,,2
18,0,participacion,0.0033,,3
18,0,economia,0.0045,,4
18,0,camara,0.0046,,5
18,0,iniciativa,0.0057,,6
18,0,organismo,0.0044,,7
18,0,ayuntamiento,0.0033,,8
18,0,pemex,0.0035,,9
18,0,pago,0.0024,,10
18,0,afiliado,0.0024,,11
18,0,resto,0.0024,,12
18,0,lanzar,0.0023,,13
18,0,socio,0.0035,,14
18,0,extranjero,0.0018,,15
18,0,mitad,0.0035,,16
18,0,plataforma,0.0023,,17
18,0,mexicanos,0.0012,,18
18,0,dedicado,0.0017,,19
18,0,conurbado,0.0023,,20
18,0,prohibir,0.0012,,21
18,0,pese,0.0012,,22
18,0,rendir,0.0012,,23
18,1,espacio,0.0159,,0
18,1,cultural,0.0112,,1
18,1,metro,0.0183,,2
18,1,metropolitano,0.0068,,3
18,1,artes,0.0084,,4
18,1,invitar,0.0058,,5
18,1,costo,0.0045,,6
18,1,arte,0.0084,,7
18,1,tampicovacontodo,0.0022,,8
18,1,informes,0.0068,,9
18,1,inscripcion,0.0045,,10
18,1,escueladeartesmetro,0.0057,,11
18,2,presidenta,0.0138,,0
18,2,municipal,0.0167,,1
18,2,apoyo,0.0047,,2
18,2,encabezado,0.0053,,3
18,2,pardo,0.0026,,4
18,2,impulso,0.003,,5
18,2,impulsado,0.004,,6
18,2,respaldo,0.0023,,7
18,2,zacil,0.0035,,8
18,3,agosto,0.0158,,0
18,3,taller,0.0204,,1
18,3,fecha,0.0076,,2
18,3,dirigido,0.005,,3
18,3,horario,0.0092,,4
18,3,lunes,0.0038,,5
18,3,adulto,0.0024,,6
18,3,miercoles,0.0035,,7
18,3,disenado,0.0069,,8
18,3,hrs,0.0068,,9
18,3,esperanza,0.0023,,10
18,3,detalles,0.0057,,11
18,4,mujer,0.0148,,0
18,4,presente,0.0034,,1
18,4,corazon,0.0019,,2
18,4,enviar,0.0023,,3
18,4,futuro,0.0035,,4
18,4,maestro,0.0015,,5
18,4,guia,0.0031,,6
18,4,bonito,0.0024,,7
18,4,checar,0.0012,,8
18,4,demandar,0.0024,,9
18,4,mujeres,0.0024,,10
18,4,regla,0.0012,,11
18,5,gusto,0.0041,,0
18,5,ruiz,0.0023,,1
18,5,fuerte,0.0043,,2
18,5,senadora,0.0041,,3
18,5,diputada,0.0024,,4
18,5,olga,0.0029,,5
18,5,jose,0.0014,,6
18,5,patria,0.0047,,7
18,5,lucero,0.0024,,8
18,6,cifra,0.0036,,0
18,6,camino,0.0024,,1
18,6,ubicar,0.0024,,2
18,6,participante,0.004,,3
18,6,respaldar,0.0012,,4
19,0,tamaulipas,0.0338,,0
19,0,altamira,0.011,,1
19,0,laredo,0.004,,2
19,0,tarde,0.0044,,3
19,0,cuando,0.0015,,4
19,0,conforme,0.0017,,5
19,0,texas,0.0026,,6
19,1,comercio,0.0058,,0
19,1,fomentar,0.0049,,1
19,1,mercado,0.0034,,2
19,1,celebrar,0.0028,,3
19,1,bienvenido,0.005,,4
19,1,juventud,0.0022,,5
19,1,tierra,0.0017,,6
19,1,derrama,0.0023,,7
19,1,correcto,0.0017,,8
19,1,fiesta,0.0017,,9
19,2,nino,0.009,,0
19,2,monterrey,0.0034,,1
19,2,nieto,0.0034,,2
19,2,consulta,0.0034,,3
19,2,cruzar,0.0023,,4
19,2,estudiar,0.0017,,5
19,2,asumir,0.0011,,6
19,2,tratamiento,0.0017,,7
19,3,matamoros,0.0085,,0
19,3,nuevolaredo,0.0091,,1
19,3,ciudadmadero,0.0034,,2
19,3,ciudadvictoria,0.0034,,3
19,3,elmante,0.0042,,4
19,3,riobravo,0.0026,,5
19,4,conectividad,0.0042,,0
19,4,libramiento,0.0058,,1
19,4,poniente,0.0049,,2
19,4,ecosistema,0.0026,,3
19,4,hermoso,0.0043,,4
19,4,manglar,0.0025,,5
19,4,sonora,0.0012,,6
19,5,concluir,0.0026,,0
19,5,serie,0.002,,1
19,5,productor,0.0026,,2
19,5,ciclo,0.003,,3
19,6,pendiente,0.0049,,0
19,6,depender,0.0026,,1
19,6,clase,0.0019,,2
19,6,tramite,0.004,,3
19,6,masivo,0.0017,,4
19,7,corona,0.0058,,0
19,7,gustavo,0.0041,,1
19,7,deportesjuev,0.0017,,2
19,8,angel,0.0014,,0
19,8,energetico,0.0023,,1
19,8,aliado,0.0025,,2
19,8,afectacion,0.0017,,3
20,0,respuesta,0.0057,,0
20,0,temporada,0.0028,,1
20,0,demanda,0.008,,2
20,0,responder,0.0086,,3
20,0,luz,0.0018,,4
20,0,favorecer,0.0018,,5
20,0,devolver,0.0018,,6
20,0,estancia,0.0027,,7
20,1,ayuda,0.0024,,0
20,1,directivo,0.0034,,1
20,1,alcanzar,0.0022,,2
20,1,ayudar,0.0023,,3
20,1,mirar,0.0027,,4
20,1,costar,0.0017,,5
20,1,femenil,0.0034,,6
20,1,expansion,0.0027,,7
20,1,piedra,0.0018,,8
20,2,realidad,0.0067,,0
20,2,andar,0.0014,,1
20,2,malo,0.0027,,2
20,2,rata,0.0027,,3
20,2,azul,0.006,,4
20,2,pendejo,0.0018,,5
20,3,numero,0.0048,,0
20,3,encuesta,0.0039,,1
20,3,inseguridad,0.0035,,2
20,3,percepcion,0.0029,,3
20,3,reflejar,0.0018,,4
20,3,factor,0.0036,,5
20,3,colocar,0.0022,,6
20,4,pertenecer,0.0029,,0
20,4,olvidar,0.0027,,1
20,4,base,0.0044,,2
20,4,basura,0.0019,,3
20,4,lavar,0.0018,,4
20,4,precisar,0.0034,,5
20,5,ciento,0.0085,,0
20,5,robo,0.0018,,1
20,5,disminuir,0.0023,,2
20,5,implementar,0.0018,,3
20,5,limitar,0.0018,,4
20,6,registrado,0.0037,,0
20,6,epoca,0.0018,,1
20,6,exponer,0.0027,,2
20,6,alberto,0.0035,,3
20,6,par,0.0015,,4
20,6,marcar,0.0018,,5
20,7,capital,0.0018,,0
20,7,incorporar,0.0026,,1
20,7,clave,0.0027,,2
20,7,firmar,0.0018,,3
20,7,renovacion,0.0016,,4
20,7,gestion,0.0036,,5
20,7,creatividad,0.0018,,6
20,7,ciudadana,0.0018,,7
20,8,falta,0.0039,,0
20,8,cuestionar,0.0025,,1
20,8,conferencia,0.0017,,2
20,8,vacio,0.0018,,3
20,8,prensa,0.0016,,4
21,0,ruffo,0.0109,,0
21,0,ernesto,0.0084,,1
21,0,baja,0.0053,,2
21,0,california,0.0053,,3
21,0,appel,0.0047,,4
21,0,organizado,0.0032,,5
21,0,exgobernador,0.0044,,6
21,0,oposicion,0.0028,,7
21,0,delincuencia,0.0034,,8
21,0,contrabar,0.0022,,9
21,0,ensenada,0.0021,,10
21,1,hablar,0.0047,,0
21,1,pueblo,0.005,,1
21,1,puro,0.0039,,2
21,1,defender,0.005,,3
21,1,peor,0.0023,,4
21,1,tocar,0.0029,,5
21,1,delincuente,0.0021,,6
21,1,corrupcion,0.003,,7
21,1,persecucion,0.0028,,8
21,1,dueno,0.0018,,9
21,1,quot,0.0024,,10
21,1,bola,0.002,,11
21,1,manejar,0.0012,,12
21,1,deberiar,0.0012,,13
21,1,funcionar,0.0014,,14
21,1,dano,0.0017,,15
21,1,enganar,0.0012,,16
21,1,terror,0.0012,,17
21,1,doble,0.0013,,18
21,2,gobierno,0.0173,,0
21,2,seguridad,0.0066,,1
21,2,claudia,0.0076,,2
21,2,republica,0.0041,,3
21,2,verguenza,0.0032,,4
21,2,corresponder,0.0019,,5
21,2,prosperidad,0.0043,,6
21,2,economica,0.003,,7
21,2,anos,0.0014,,8
21,3,politico,0.0111,,0
21,3,morena,0.0091,,1
21,3,narco,0.0064,,2
21,3,pan,0.0057,,3
21,3,obtener,0.0023,,4
21,3,paz,0.0036,,5
21,3,pri,0.0043,,6
21,3,acusar,0.0031,,7
21,3,preso,0.0029,,8
21,3,panista,0.0018,,9
21,4,fiscal,0.0072,,0
21,4,huachicol,0.0082,,1
21,4,combustible,0.0054,,2
21,4,operacion,0.0025,,3
21,4,ingemar,0.0032,,4
21,4,hidrocarburo,0.0025,,5
21,4,contrabando,0.0025,,6
21,4,falso,0.0021,,7
21,4,dedicar,0.002,,8
21,4,importacion,0.0019,,9
21,5,lopez,0.0037,,0
21,5,caer,0.0037,,1
21,5,obrador,0.0032,,2
21,5,cartel,0.0017,,3
21,5,movimiento,0.003,,4
21,5,manuel,0.0021,,5
21,5,andres,0.0016,,6
21,5,votar,0.0016,,7
21,6,rocha,0.0036,,0
21,6,moya,0.0028,,1
21,6,donde,0.0017,,2
21,6,andy,0.0018,,3
21,6,adan,0.0023,,4
21,6,perseguir,0.001,,5
21,7,gente,0.0045,,0
21,7,importar,0.0026,,1
21,7,cara,0.0022,,2
21,7,acabar,0.0018,,3
21,7,palabra,0.0015,,4
21,8,prueba,0.0049,,0
21,8,claro,0.0032,,1
21,8,demostrar,0.0022,,2
21,8,asociacion,0.0016,,3
21,8,surgir,0.0011,,4
22,0,dinero,0.0033,,0
22,0,parecer,0.0041,,1
22,0,empezar,0.0031,,2
22,0,problema,0.004,,3
22,0,venir,0.0027,,4
22,0,alcalde,0.0046,,5
22,0,mayoria,0.0033,,6
22,0,directo,0.002,,7
22,0,super,0.0044,,8
22,0,asesinato,0.0024,,9
22,0,provocar,0.0016,,10
22,0,necesario,0.0017,,11
22,0,mencionar,0.0014,,12
22,0,vivo,0.0039,,13
22,0,rapido,0.0019,,14
22,0,trump,0.0029,,15
22,0,blanco,0.0029,,16
22,0,facil,0.002,,17
22,0,frecuencia,0.001,,18
22,0,licencia,0.002,,19
22,0,empatia,0.001,,20
22,0,canada,0.002,,21
22,1,colonia,0.0217,,0
22,1,laguna,0.0081,,1
22,1,puerta,0.0078,,2
22,1,entregar,0.0068,,3
22,1,pavimentacion,0.0123,,4
22,1,ninos,0.0093,,5
22,1,miramar,0.0058,,6
22,1,heroes,0.0095,,7
22,1,avenida,0.0058,,8
22,1,privada,0.0058,,9
22,1,espera,0.0096,,10
22,2,obra,0.0142,,0
22,2,mejorar,0.0045,,1
22,2,infraestructura,0.0065,,2
22,2,calidad,0.0047,,3
22,2,hidraulico,0.0097,,4
22,2,concreto,0.0095,,5
22,2,inauguracion,0.0066,,6
22,2,hidrosanitaria,0.0048,,7
22,2,beneficiar,0.0038,,8
22,2,tampiquenas,0.002,,9
22,3,gracias,0.0129,,0
22,3,excelente,0.0122,,1
22,3,escuchar,0.0084,,2
22,3,apoyar,0.0036,,3
22,3,felicidades,0.0038,,4
22,3,felicidad,0.0063,,5
22,3,necesidad,0.0047,,6
22,3,lic,0.0038,,7
22,3,viva,0.0039,,8
22,3,rueda,0.0028,,9
22,4,seguir,0.0184,,0
22,4,construir,0.0084,,1
22,4,transformar,0.0064,,2
22,4,cumplir,0.0045,,3
22,4,intencion,0.0032,,4
22,4,vivienda,0.0049,,5
22,5,unidos,0.0039,,0
22,5,vender,0.002,,1
22,5,senor,0.0031,,2
22,5,saludo,0.0081,,3
22,5,saludos,0.0087,,4
22,5,hola,0.0029,,5
22,5,estilo,0.002,,6
22,5,aparte,0.001,,7
22,5,comerciante,0.0015,,8
22,5,abrazo,0.0027,,9
22,5,estimado,0.0016,,10
22,6,atender,0.0055,,0
22,6,sostener,0.0045,,1
22,6,golfo,0.007,,2
22,6,tropical,0.0039,,3
22,6,peligroso,0.0017,,4
22,6,retirar,0.0025,,5
22,6,tragedia,0.0018,,6
22,6,adicional,0.001,,7
22,6,ausencia,0.002,,8
22,7,ano,0.0194,,0
22,7,edad,0.0063,,1
22,7,duda,0.002,,2
22,7,manifestar,0.0019,,3
22,7,obviamente,0.001,,4
23,0,ciudad,0.0159,,0
23,0,madero,0.0095,,1
23,0,viernes,0.0038,,2
23,1,riesgo,0.007,,0
23,1,inmueble,0.0067,,1
23,1,notificar,0.0064,,2
23,1,ocasion,0.0033,,3
23,1,edificio,0.0027,,4
23,1,permanente,0.0035,,5
23,1,uniforme,0.0028,,6
23,1,albergar,0.0026,,7
23,1,coordinar,0.0016,,8
23,1,estructural,0.0035,,9
23,1,tienda,0.0033,,10
23,1,propietario,0.0025,,11
23,1,recientemente,0.0017,,12
23,2,proteccion,0.0168,,0
23,2,civil,0.0165,,1
23,2,operativo,0.0038,,2
23,2,regional,0.0027,,3
23,2,reforzar,0.0031,,4
23,2,vigilancia,0.0029,,5
23,2,sancionar,0.0027,,6
23,2,especialista,0.0013,,7
23,2,condenar,0.0023,,8
23,3,accion,0.0064,,0
23,3,compromiso,0.0061,,1
23,3,negocio,0.005,,2
23,3,sustentabilidad,0.0026,,3
23,3,gira,0.0017,,4
23,3,mandatario,0.0025,,5
23,3,solidaridad,0.0017,,6
23,3,pleno,0.0023,,7
23,4,desarrollar,0.0063,,0
23,4,prevencion,0.0049,,1
23,4,direccion,0.0027,,2
23,4,entorno,0.0033,,3
23,4,limpieza,0.009,,4
23,4,limpio,0.0017,,5
23,4,saludable,0.0025,,6
23,4,ferroviario,0.0011,,7
23,5,centro,0.0116,,0
23,5,sistema,0.0042,,1
23,5,calle,0.0065,,2
23,5,hidalgo,0.003,,3
23,5,artificial,0.0013,,4
23,6,curso,0.0058,,0
23,6,labor,0.0046,,1
23,6,area,0.004,,2
23,6,convocatoria,0.0046,,3
23,6,disponible,0.0032,,4
23,6,verde,0.002,,5
23,6,sostenible,0.0017,,6
23,7,solicitar,0.0058,,0
23,7,vecino,0.0024,,1
23,7,vialidad,0.004,,2
23,7,manejo,0.0023,,3
23,7,paseo,0.0017,,4
23,7,torres,0.0014,,5
23,7,tecnologico,0.0017,,6
23,7,campo,0.0019,,7
23,7,drenaje,0.0037,,8
23,7,potable,0.0025,,9
23,7,octubre,0.0024,,10
23,8,hernandez,0.0079,,0
23,8,juan,0.0053,,1
23,8,yadira,0.0052,,2
23,8,localmartes,0.0033,,3
23,9,litro,0.0051,,0
23,9,tanque,0.0054,,1
23,9,carro,0.0034,,2
23,9,descarrilamiento,0.0025,,3
23,9,genero,0.0023,,4
23,9,gasolina,0.0025,,5
24,0,pais,0.0123,,0
24,0,mexicano,0.0057,,1
24,0,cualquiera,0.0062,,2
24,0,etc,0.0031,,3
24,0,empresas,0.0019,,4
24,1,social,0.0127,,0
24,1,ciudadano,0.0032,,1
24,1,contribuir,0.005,,2
24,1,movilidad,0.005,,3
24,1,educativo,0.0027,,4
24,1,habitante,0.0041,,5
24,1,inicio,0.0021,,6
24,1,institucional,0.0021,,7
24,1,motor,0.0021,,8
24,1,tamaulipeca,0.0018,,9
24,1,roberto,0.0025,,10
24,2,programa,0.0087,,0
24,2,universidad,0.0038,,1
24,2,carrera,0.0046,,2
24,2,impacto,0.0019,,3
24,2,uat,0.0041,,4
24,2,establecido,0.0031,,5
24,2,academico,0.0041,,6
24,2,desempeno,0.0021,,7
24,2,chihuahua,0.0021,,8
24,2,cientifico,0.0011,,9
24,2,transparencia,0.0021,,10
24,2,servidor,0.0011,,11
24,2,importancia,0.0011,,12
24,3,viajar,0.0028,,0
24,3,acceso,0.0057,,1
24,3,ingreso,0.0041,,2
24,3,pasajero,0.003,,3
24,3,transporte,0.0031,,4
24,3,motivo,0.0018,,5
24,3,requisito,0.0019,,6
24,3,limitado,0.0013,,7
24,3,limite,0.0015,,8
24,3,acceder,0.0021,,9
24,3,lejos,0.0021,,10
24,4,destacar,0.0065,,0
24,4,turismo,0.0075,,1
24,4,reconocimiento,0.0031,,2
24,4,riqueza,0.002,,3
24,4,apostar,0.0021,,4
24,4,muestra,0.0031,,5
24,4,premio,0.0011,,6
24,5,servicio,0.0065,,0
24,5,acercar,0.0021,,1
24,5,promocion,0.0041,,2
24,5,orientacion,0.0041,,3
24,5,alla,0.0031,,4
24,5,extraordinario,0.0021,,5
24,6,miguel,0.0043,,0
24,6,incluir,0.0041,,1
24,6,boleto,0.006,,2
24,6,fundamental,0.0019,,3
24,6,mantenimiento,0.0051,,4
24,6,girar,0.0011,,5
24,6,argentino,0.0014,,6
24,7,superior,0.0031,,0
24,7,jefe,0.0017,,1
24,7,armando,0.0034,,2
24,7,alma,0.0021,,3
24,7,ejercer,0.0031,,4
24,8,documento,0.0017,,0
24,8,paulo,0.0021,,1
24,8,monsivais,0.0021,,2
24,8,localjueves,0.0023,,3
24,9,organizacion,0.0036,,0
24,9,especialmente,0.002,,1
24,9,insumo,0.0011,,2
