usuario,plataformas,n_msgs,n_palabras,tema_dominante,tema_pct,sub_dominante,sub_pct,n_temas_distintos,n_subs_distintos
Facebook::Alberto Ehuan,Facebook,1,3,T17,33.3,T17_S4,33.3,3,3
Facebook::Alex Gutierrez Guerra.,Facebook,1,2,T21,100.0,T21_S3,50.0,1,2
Facebook::Alma Sánchez,Facebook,1,1,T17,100.0,T17_S4,100.0,1,1
Facebook::Ana Laura E P,Facebook,6,10,T01,60.0,T01_S0,60.0,3,3
Facebook::Ana Yuliana Mar Torres,Facebook,3,5,T01,40.0,T01_S0,40.0,4,3
Facebook::Armando Chavez,Facebook,1,0,,0.0,,0.0,0,0
Facebook::Astrid Yamiled,Facebook,1,3,T13,33.3,T13_S1,33.3,3,3
Facebook::Carlos Alfredo Arguelles Cendoya,Facebook,2,3,T17,66.7,T17_S4,66.7,2,2
Facebook::Carolina Diaz,Facebook,1,2,T14,50.0,T14_S2,50.0,2,1
Facebook::Cony,Facebook,1,1,T05,100.0,T05_S1,100.0,1,1
Facebook::Delicias Mamam,Facebook,3,9,T17,22.2,T16_S2,22.2,7,8
Facebook::Elvira Peralta,Facebook,1,1,T17,100.0,T17_S4,100.0,1,1
Facebook::Francisco Adrian Pallares Martinez,Facebook,4,5,T01,80.0,T01_S0,80.0,2,2
Facebook::Francisco Gomez,Facebook,1,8,T23,37.5,T23_S3,25.0,6,7
Facebook::Iker Jassiel,Facebook,1,0,,0.0,,0.0,0,0
Facebook::Irma Robledo Hernandez,Facebook,1,2,T17,50.0,T17_S4,50.0,2,2
Facebook::Isa Guzman,Facebook,3,3,T18,33.3,T18_S1,33.3,3,3
Facebook::Javier Lopez,Facebook,1,1,T17,100.0,T17_S4,100.0,1,1
Facebook::Jemi Moreno,Facebook,1,1,T17,100.0,T17_S4,100.0,1,1
Facebook::Jesus Ramirez,Facebook,1,4,T23,50.0,T17_S4,25.0,3,4
Facebook::John Anthony Reyes Salinas,Facebook,1,9,T17,22.2,T17_S4,11.1,7,7
Facebook::Kendra CL,Facebook,1,1,T17,100.0,T17_S4,100.0,1,1
Facebook::Lesnamo Narvaez,Facebook,1,0,,0.0,,0.0,0,0
Facebook::Letty Aguilar,Facebook,1,1,T17,100.0,T17_S4,100.0,1,1
Facebook::Maria Luisa Lopez Atzin,Facebook,1,3,T15,66.7,T15_S3,66.7,2,2
Facebook::Mónica Villarreal,Facebook,16,381,T23,12.1,T02_S0,5.5,24,73
Facebook::Norma Mendoza,Facebook,1,1,T17,100.0,T17_S4,100.0,1,1
Facebook::Nyde Turrubiates,Facebook,2,2,T01,100.0,T01_S0,100.0,1,1
Facebook::Pedro Sierra,Facebook,1,0,,0.0,,0.0,0,0
Facebook::Perlita Mayorga,Facebook,1,1,T17,100.0,T17_S4,100.0,1,1
Facebook::Rafael Medina de Gandiaga,Facebook,1,0,,0.0,,0.0,0,0
Facebook::Raulinho Roman,Facebook,1,0,,0.0,,0.0,0,0
Facebook::Ricardo Martin Torres Domingo,Facebook,1,1,T13,100.0,T13_S0,100.0,1,1
Facebook::Rob Aidya,Facebook,1,2,T17,50.0,T17_S4,50.0,2,2
Facebook::Tampico Gob,Facebook,3,69,T21,15.9,T02_S0,11.6,16,31
Facebook::Zr Loredo,Facebook,1,1,T01,100.0,T01_S0,100.0,1,1
Instagram::arturo_r_clynes_mogica,Instagram,1,0,,0.0,,0.0,0,0
Instagram::desecotampico,Instagram,1,20,T11,20.0,T05_S0,15.0,11,12
Instagram::juanpizanamtz,Instagram,1,23,T02,21.7,T02_S0,17.4,12,16
Instagram::kukis.toxica,Instagram,4,0,,0.0,,0.0,0,0
Instagram::luisloaiza21,Instagram,1,0,,0.0,,0.0,0,0
Instagram::lupitamaria_sanchez,Instagram,2,0,,0.0,,0.0,0,0
Instagram::mariodallas1862,Instagram,1,0,,0.0,,0.0,0,0
Instagram::metrotampico,Instagram,3,110,T20,21.8,T01_S0,10.9,21,35
Instagram::monicavtampico,Instagram,6,169,T23,17.8,T02_S0,6.5,24,53
Instagram::ocarfuentw,Instagram,1,2,T01,50.0,T01_S2,50.0,2,2
Instagram::ocejo.sergio,Instagram,1,2,T04,100.0,T04_S0,100.0,1,1
Instagram::prevencion.delito_tampico,Instagram,1,30,T21,23.3,T21_S2,13.3,11,18
Instagram::tampico.noticias,Instagram,1,20,T24,25.0,T07_S3,10.0,8,15
Instagram::turismotampico,Instagram,3,47,T01,19.1,T01_S1,17.0,14,25
Medios::El Sol de México,Medios,57,1111,T24,19.6,T24_S0,8.4,25,102
Medios::Milenio,Medios,54,2773,T06,8.5,T06_S1,3.5,25,106
TikTok::info7tamps,TikTok,1,25,T04,20.0,T04_S0,20.0,11,15
TikTok::israelponceporstreaming,TikTok,2,15,T16,33.3,T16_S0,26.7,8,9
TikTok::monicavtampico,TikTok,2,48,T05,16.7,T02_S0,8.3,18,28
TikTok::prevenciondelitotampico,TikTok,1,27,T16,18.5,T02_S0,7.4,14,18
Twitter::@EleeseNoticias,Twitter,2,24,T16,25.0,T16_S0,16.7,12,17
Twitter::@MonicaVTampico,Twitter,3,36,T13,27.8,T13_S0,16.7,15,21
Twitter::@Omusubidon3456,Twitter,1,1,T02,100.0,T02_S0,100.0,1,1
Twitter::@RevistaDebateMX,Twitter,2,13,T02,23.1,T02_S0,23.1,9,10
Twitter::@VoxPopuliNoti,Twitter,3,43,T16,25.6,T16_S0,18.6,10,13
Twitter::@gruponoticiaspc,Twitter,3,45,T16,31.1,T16_S0,22.2,13,18
Twitter::@hitmancenteno,Twitter,1,4,T07,25.0,T07_S7,25.0,4,4
YouTube::@1nsaneHdzG1718,YouTube,1,2,T24,50.0,T24_S0,50.0,2,2
YouTube::@4S1SL4V1D4,YouTube,1,3,T03,33.3,T03_S1,33.3,3,3
YouTube::@87bere,YouTube,1,2,T12,50.0,T12_S2,50.0,2,2
YouTube::@AS-9010,YouTube,1,3,T07,66.7,T07_S3,66.7,2,2
YouTube::@AbrahamarturoMendozaramos,YouTube,1,2,T08,50.0,T08_S1,50.0,2,2
YouTube::@AdalidSolano,YouTube,1,4,T22,25.0,T22_S0,25.0,4,4
YouTube::@AlTRe291,YouTube,1,3,T10,33.3,T10_S3,33.3,3,3
YouTube::@AldoantonioRochamar-pm5wz,YouTube,2,2,T07,100.0,T07_S1,50.0,1,2
YouTube::@AlejandraRamirez-f9i,YouTube,1,0,,0.0,,0.0,0,0
YouTube::@AlejandraVentura-b8s,YouTube,1,1,T07,100.0,T07_S1,100.0,1,1
YouTube::@Alejandro-o6v2n,YouTube,1,0,,0.0,,0.0,0,0
YouTube::@AlexVillal70,YouTube,1,0,,0.0,,0.0,0,0
YouTube::@AlexanderPereira-y4f,YouTube,1,0,,0.0,,0.0,0,0
YouTube::@AlfonsopreciadoPreciadoGonzale,YouTube,3,21,T21,19.0,T21_S3,19.0,10,11
YouTube::@AlfredoRodríguez-z8f,YouTube,1,1,T07,100.0,T07_S3,100.0,1,1
YouTube::@AliciaSandoval-l7h,YouTube,1,1,T00,100.0,T00_S1,100.0,1,1
YouTube::@AlmaSaldaña-u4x,YouTube,1,1,T07,100.0,T07_S3,100.0,1,1
YouTube::@AmeliaMendoza-y5z,YouTube,2,4,T07,25.0,T07_S7,25.0,4,4
YouTube::@AnaIsabelEsparzaMarín,YouTube,1,0,,0.0,,0.0,0,0
YouTube::@AnarosaGaribayGarcia,YouTube,1,2,T14,50.0,T14_S2,50.0,2,2
YouTube::@Ange-i6h,YouTube,1,1,T20,100.0,T20_S1,100.0,1,1
YouTube::@Angel-sq2hm,YouTube,1,2,T00,50.0,T07_S7,50.0,2,1
YouTube::@AngelGarcia-zz2lq,YouTube,1,2,T07,50.0,T07_S7,50.0,2,2
YouTube::@AngelGomez-kz9su,YouTube,1,0,,0.0,,0.0,0,0
YouTube::@AngelMacias-x3h,YouTube,1,3,T10,66.7,T10_S0,33.3,2,2
YouTube::@AngelVera-v2z,YouTube,1,3,T11,33.3,T11_S0,33.3,3,2
YouTube::@AngelaPicon-s8g,YouTube,1,3,T14,33.3,T14_S0,33.3,3,3
YouTube::@AngieAngiedeMexico,YouTube,1,23,T07,21.7,T07_S5,13.0,9,13
YouTube::@AngieCalvillo,YouTube,1,7,T07,28.6,T07_S1,28.6,6,6
YouTube::@Ansel74,YouTube,1,2,T24,50.0,T24_S1,50.0,2,2
YouTube::@AntonioFlores-u8d2z,YouTube,1,0,,0.0,,0.0,0,0
YouTube::@Antritroll,YouTube,1,1,T00,100.0,T00_S1,100.0,1,1
YouTube::@Arcenio-k7f,YouTube,1,2,T07,50.0,T07_S7,50.0,2,2
YouTube::@ArelyAntonietaVillamarFlores,YouTube,1,2,T07,100.0,T07_S2,100.0,1,1
YouTube::@Arigari21,YouTube,2,8,T10,62.5,T10_S0,37.5,3,3
YouTube::@ArturoRosales-d2y,YouTube,1,0,,0.0,,0.0,0,0
YouTube::@ArturoSolísTorres,YouTube,1,0,,0.0,,0.0,0,0
YouTube::@Asesorgalindo2026,YouTube,1,5,T07,40.0,T00_S1,40.0,3,4
YouTube::@AshleyAstrid1,YouTube,1,0,,0.0,,0.0,0,0
YouTube::@AtanasiaVázquezHernández,YouTube,1,4,T00,75.0,T00_S1,50.0,2,2
YouTube::@Atlas3ISam,YouTube,2,6,T15,50.0,T13_S1,33.3,3,2
YouTube::@AvrilLandaverde,YouTube,1,2,T07,50.0,T07_S1,50.0,2,2
YouTube::@BARBARAMAYEN,YouTube,1,4,T20,25.0,T20_S0,25.0,4,4
YouTube::@BL4CKSH33PT4TU,YouTube,1,2,T13,50.0,T13_S2,50.0,2,2
YouTube::@Barret777-k6d,YouTube,1,0,,0.0,,0.0,0,0
YouTube::@BasiGomez-l2e,YouTube,1,2,T13,50.0,T13_S3,50.0,2,2
YouTube::@BillGoldbergAustin,YouTube,1,7,T13,28.6,T13_S1,28.6,5,4
YouTube::@BodegacrysaHuatabampo-i7g,YouTube,1,0,,0.0,,0.0,0,0
YouTube::@BrithanygalileaCastellanoherna,YouTube,1,2,T07,50.0,T07_S1,50.0,2,2
YouTube::@C.Teresa-k2e,YouTube,1,4,T07,50.0,T03_S1,25.0,3,4
YouTube::@CELIAVILLALVAMONTERO,YouTube,1,3,T00,33.3,T00_S1,33.3,3,3
YouTube::@CarlaMo-qb5cq,YouTube,2,37,T07,29.7,T07_S1,10.8,16,23
YouTube::@CarlosEduardo-ul9rt,YouTube,2,15,T13,26.7,T13_S2,20.0,7,8
YouTube::@CarlosEscudero-r1p,YouTube,1,2,T09,50.0,T09_S4,50.0,2,2
YouTube::@CarmenGomez-q7m4x,YouTube,1,4,T00,25.0,T11_S4,25.0,4,3
YouTube::@CaroDiaz-m3g,YouTube,1,17,T07,23.5,T15_S0,11.8,10,12
YouTube::@CeliaDelrio-np8hd,YouTube,1,6,T20,33.3,T20_S0,33.3,5,5
YouTube::@CesarLeal-x1e,YouTube,1,0,,0.0,,0.0,0,0
YouTube::@CesiahKerennDanwingTrujillo,YouTube,1,2,T07,50.0,T07_S2,50.0,2,2
YouTube::@Chapas123able,YouTube,1,3,T00,66.7,T00_S1,66.7,2,2
YouTube::@CharliePérez-q9h,YouTube,4,5,T13,40.0,T13_S3,40.0,4,4
YouTube::@ChololokoPorro,YouTube,2,9,T00,44.4,T00_S2,22.2,6,6
YouTube::@Chrismax619,YouTube,1,3,T20,33.3,T20_S0,33.3,3,3
YouTube::@Chuy_-qd8yd,YouTube,1,15,T17,26.7,T17_S2,26.7,9,11
YouTube::@ClaudiaPeregrino-wj4lp,YouTube,1,8,T09,25.0,T23_S0,12.5,6,6
YouTube::@ClementsXXX-cf4ce,YouTube,1,3,T10,33.3,T10_S0,33.3,3,3
YouTube::@Coco-k3c,YouTube,1,7,T07,42.9,T07_S3,42.9,4,5
YouTube::@ConyyListingShafer,YouTube,1,3,T07,66.7,T07_S4,33.3,2,2
YouTube::@CristianJonathanRodríguezR-d4v,YouTube,1,30,T03,23.3,T25_S0,13.3,13,17
YouTube::@CristianLopez-y7p5y,YouTube,1,8,T11,25.0,T11_S4,25.0,7,6
YouTube::@CristinaTorres-fw1kw,YouTube,1,20,T07,25.0,T07_S3,10.0,10,14
YouTube::@CristoRey-o5d,YouTube,1,3,T14,33.3,T14_S2,33.3,3,3
YouTube::@Darey-v3y,YouTube,1,2,T07,100.0,T07_S5,50.0,1,2
YouTube::@DavidVilla30,YouTube,1,3,T07,33.3,T07_S5,33.3,3,3
YouTube::@DeAndra750,YouTube,2,17,T00,29.4,T20_S0,11.8,10,12
YouTube::@Deceivedword-u4z,YouTube,1,0,,0.0,,0.0,0,0
YouTube::@Diana-pl8yg,YouTube,1,5,T07,20.0,T07_S3,20.0,5,5
YouTube::@DianaGarcia-mw3id,YouTube,1,2,T10,50.0,T10_S3,50.0,2,1
YouTube::@DiegoBasilio-u7j,YouTube,1,2,T14,50.0,T14_S0,50.0,2,2
YouTube::@DoctorVeterinario,YouTube,1,1,T17,100.0,T17_S2,100.0,1,1
YouTube::@Dollymollymx,YouTube,1,0,,0.0,,0.0,0,0
YouTube::@DomelipabalderasChavana,YouTube,1,3,T07,66.7,T07_S1,33.3,2,3
YouTube::@DulceCorazónLealSosa,YouTube,1,6,T00,50.0,T11_S4,16.7,3,4
YouTube::@DulcineaBuendia,YouTube,1,2,T07,50.0,T07_S5,50.0,2,2
YouTube::@DylanFernando-t4g,YouTube,1,10,T10,40.0,T10_S0,30.0,4,7
YouTube::@ELYBERROCALJIMENEZ,YouTube,1,1,T07,100.0,T07_S1,100.0,1,1
YouTube::@EdnaAliciaCarrillo,YouTube,1,6,T20,16.7,T20_S0,16.7,6,6
YouTube::@EduvigesServin-w3s,YouTube,1,11,T07,45.5,T20_S0,18.2,4,8
YouTube::@Elaro-o2q,YouTube,1,4,T00,50.0,T07_S4,25.0,3,4
YouTube::@Elena-123-t4o,YouTube,1,9,T11,22.2,T11_S4,22.2,6,6
YouTube::@ElizaHernández-z5c,YouTube,1,5,T07,40.0,T00_S1,20.0,4,5
YouTube::@ElizaLeon-q2z,YouTube,1,12,T20,25.0,T22_S1,16.7,8,7
YouTube::@ElmerRoberto-y8x,YouTube,1,3,T20,33.3,T20_S0,33.3,3,3
YouTube::@ElogiaVera-f6w,YouTube,1,1,T18,100.0,T18_S1,100.0,1,1
YouTube::@EmilanoZapata-x1h6f,YouTube,1,2,T03,100.0,T03_S1,100.0,1,1
YouTube::@EmmanuelCatalán-t8p3v,YouTube,1,0,,0.0,,0.0,0,0
YouTube::@EmmanuelSánchez-j7l,YouTube,1,2,T07,50.0,T07_S1,50.0,2,2
YouTube::@Enrique-ys1gp,YouTube,1,2,T07,100.0,T07_S3,50.0,1,2
YouTube::@Esme-f2w,YouTube,1,3,T07,33.3,T07_S5,33.3,3,3
YouTube::@EugeniaLopez-y1d,YouTube,1,3,T24,33.3,T24_S3,33.3,3,3
YouTube::@EveliaRomero-w9m,YouTube,1,3,T15,33.3,T07_S2,33.3,3,1
YouTube::@EvelinRamirez-s3y,YouTube,2,2,T07,100.0,T07_S3,100.0,1,1
YouTube::@ExonReyes-m6r,YouTube,1,2,T12,50.0,T12_S0,50.0,2,2
YouTube::@Ezecruelgebar,YouTube,1,2,T20,50.0,T20_S0,50.0,2,2
YouTube::@FabiolaVillegas-y7h,YouTube,1,8,T07,37.5,T25_S3,12.5,5,6
YouTube::@FelisaSánchez-y5b,YouTube,3,12,T07,25.0,T07_S1,16.7,8,9
YouTube::@Fenix36042,YouTube,1,4,T20,25.0,T20_S0,25.0,4,3
YouTube::@Flatman-u3t,YouTube,1,6,T07,33.3,T17_S2,16.7,5,6
YouTube::@FranciscoHernández-b3e,YouTube,1,1,T07,100.0,T07_S1,100.0,1,1
YouTube::@FranciscoJavierOlivasUrquijo,YouTube,1,2,T09,50.0,T09_S1,50.0,2,2
YouTube::@FranciscoOber,YouTube,1,5,T07,40.0,T07_S5,40.0,4,4
YouTube::@FranciscoResendiz-m5j,YouTube,1,2,T20,50.0,T20_S0,50.0,2,2
YouTube::@FreddyFernandez-b5n,YouTube,1,5,T24,20.0,T24_S0,20.0,5,4
YouTube::@FromAnytown,YouTube,1,32,T13,15.6,T13_S1,9.4,17,21
YouTube::@GRGr-r1d,YouTube,1,8,T17,25.0,T17_S2,25.0,6,5
YouTube::@GabrielaM-q5u,YouTube,1,7,T13,14.3,T13_S0,14.3,7,7
YouTube::@GarciaGa,YouTube,1,8,T01,25.0,T01_S2,25.0,6,6
YouTube::@GeorginafajardoIII,YouTube,1,13,T10,23.1,T10_S0,23.1,10,10
YouTube::@GerardoReyna-zq6ho,YouTube,1,8,T03,37.5,T03_S0,37.5,4,5
YouTube::@Ginna-n6d,YouTube,1,4,T00,50.0,T18_S1,25.0,3,3
YouTube::@Gioconda144,YouTube,1,4,T23,25.0,T23_S0,25.0,4,4
YouTube::@GloriaBillar,YouTube,1,2,T07,50.0,T07_S5,50.0,2,2
YouTube::@Gm_G4-w8,YouTube,1,6,T04,16.7,T04_S4,16.7,6,6
YouTube::@Gonzo1611R,YouTube,1,6,T07,50.0,T07_S7,16.7,4,5
YouTube::@GrandRNomada,YouTube,1,19,T24,21.1,T24_S2,21.1,11,12
YouTube::@GregorEmilio,YouTube,1,4,T24,25.0,T24_S2,25.0,4,4
YouTube::@Guadalupe-ek1me,YouTube,1,2,T24,50.0,T24_S0,50.0,2,2
YouTube::@Guadalupe-x4h2e,YouTube,1,5,T00,40.0,T00_S1,40.0,4,4
YouTube::@GuadalupeGarcia-s6j,YouTube,1,8,T07,50.0,T07_S2,25.0,4,6
YouTube::@GuillerminaRivas-c5k,YouTube,1,6,T10,33.3,T20_S0,16.7,4,4
YouTube::@HOPE-yk8pm,YouTube,1,3,T09,33.3,T03_S1,33.3,3,2
YouTube::@Hircine888,YouTube,1,3,T07,100.0,T07_S6,33.3,1,3
YouTube::@HéctorOlguín-y7t,YouTube,1,4,T07,25.0,T07_S3,25.0,4,4
YouTube::@IgnacioVirgilio-l1o,YouTube,1,7,T24,28.6,T24_S2,28.6,6,6
YouTube::@IncrementaTuCartera,YouTube,1,5,T07,80.0,T07_S7,40.0,2,3
YouTube::@IsmaelLucio_13,YouTube,1,6,T00,33.3,T00_S1,33.3,5,5
YouTube::@IsraelHernández-f4n,YouTube,1,0,,0.0,,0.0,0,0
YouTube::@IsraelMartinez-p5w,YouTube,2,8,T07,37.5,T13_S0,25.0,5,6
YouTube::@JAIRHERNANDEZ-i5k1b,YouTube,2,0,,0.0,,0.0,0,0
YouTube::@JAMESBOND-ts2gw,YouTube,1,0,,0.0,,0.0,0,0
YouTube::@JGl3mil,YouTube,2,9,T10,22.2,T10_S0,22.2,7,5
YouTube::@Jajajaziel_Mendoza,YouTube,1,2,T24,50.0,T24_S0,50.0,2,2
YouTube::@JaninaVanessa1000,YouTube,1,15,T00,40.0,T00_S1,20.0,9,9
YouTube::@JaquelineCruz-g5z,YouTube,1,2,T00,50.0,T00_S1,50.0,2,2
YouTube::@JavierNunez-up5kj,YouTube,1,14,T00,21.4,T00_S1,21.4,11,12
YouTube::@JavierSalas-j9i,YouTube,1,1,T03,100.0,T03_S1,100.0,1,1
YouTube::@JefeDejefes-f8b,YouTube,2,0,,0.0,,0.0,0,0
YouTube::@JersonBautista-p6p,YouTube,1,3,T17,33.3,T17_S2,33.3,3,3
YouTube::@JesusAlejandrobg1,YouTube,1,14,T00,21.4,T13_S1,21.4,7,7
YouTube::@John-h1k6q,YouTube,1,3,T11,33.3,T11_S1,33.3,3,3
YouTube::@JorgePerez-kc3qg,YouTube,1,4,T07,50.0,T07_S3,50.0,3,3
YouTube::@JorgePerez-ov6jb,YouTube,1,3,T10,33.3,T13_S1,33.3,3,2
YouTube::@Jorgeluis-qp5ov,YouTube,1,1,T13,100.0,T13_S1,100.0,1,1
YouTube::@JoseantonioLinarestorres,YouTube,2,3,T00,66.7,T00_S1,66.7,2,2
YouTube::@JoséalfredoLunaVillegas-r4v,YouTube,1,1,T07,100.0,T07_S7,100.0,1,1
YouTube::@JovitaLopez-r3m,YouTube,1,2,T13,50.0,T13_S0,50.0,2,2
YouTube::@JuanAmaral-g8w,YouTube,1,8,T15,37.5,T15_S0,12.5,5,6
YouTube::@JuanJose-ir1rs,YouTube,1,3,T00,33.3,T00_S1,33.3,3,3
YouTube::@Julio-l7r4e,YouTube,3,15,T20,26.7,T13_S1,13.3,6,9
YouTube::@KarlaIsabelFlores,YouTube,1,3,T11,33.3,T21_S2,33.3,3,1
YouTube::@KarmenGuadalupe-z8t5c,YouTube,1,7,T14,14.3,T14_S2,14.3,7,6
YouTube::@KarymeMorales-t6c,YouTube,1,6,T24,33.3,T24_S0,33.3,4,5
YouTube::@KevinSantos-so9lm,YouTube,5,13,T07,61.5,T07_S2,30.8,4,9
YouTube::@KhanKarkasss,YouTube,1,6,T17,16.7,T17_S2,16.7,6,6
YouTube::@LAURACECILIANAFATE,YouTube,1,0,,0.0,,0.0,0,0
YouTube::@LIZELDAJAIMESGOMEZ,YouTube,1,4,T17,50.0,T17_S0,50.0,3,3
YouTube::@LP-ss3rq,YouTube,1,3,T07,66.7,T10_S0,33.3,2,3
YouTube::@Lachicadehumo4120,YouTube,1,9,T07,33.3,T07_S2,33.3,6,5
YouTube::@LadyPurpura,YouTube,1,3,T17,66.7,T07_S4,33.3,2,2
YouTube::@Leonardoramalc,YouTube,1,4,T02,25.0,T02_S0,25.0,4,3
YouTube::@LeonelLlovera-zp2gg,YouTube,1,3,T24,33.3,T24_S0,33.3,3,2
YouTube::@Leopiza-u5j3h,YouTube,1,1,T07,100.0,T07_S1,100.0,1,1
YouTube::@LeshoMuñoz,YouTube,1,5,T17,20.0,T17_S2,20.0,5,5
YouTube::@LeticiaDominguezMartinez,YouTube,1,4,T07,50.0,T10_S0,25.0,3,4
YouTube::@LetyCharls,YouTube,1,20,T20,30.0,T20_S0,25.0,13,14
YouTube::@LeónGaldósEuzkadi,YouTube,2,7,T06,14.3,T06_S1,14.3,7,7
YouTube::@Libelula08345,YouTube,1,0,,0.0,,0.0,0,0
YouTube::@Liliana-ut6ir,YouTube,2,10,T00,30.0,T25_S0,20.0,6,7
YouTube::@LilianaTorres-z9i,YouTube,1,3,T20,33.3,T20_S0,33.3,3,3
YouTube::@LilianasaraiCalderonperez,YouTube,1,0,,0.0,,0.0,0,0
YouTube::@LogistikosInmobiliaria,YouTube,1,7,T00,28.6,T20_S0,14.3,6,5
YouTube::@Lordciro2124,YouTube,1,0,,0.0,,0.0,0,0
YouTube::@LourdesJovitaSolisCruz-g5h3v,YouTube,2,14,T07,28.6,T11_S4,7.1,7,8
YouTube::@Luci_ww,YouTube,1,5,T07,40.0,T07_S3,40.0,4,4
YouTube::@LucyHernandez-sm8bd,YouTube,2,3,T10,33.3,T10_S0,33.3,3,3
YouTube::@Lucy_Lawless,YouTube,2,5,T00,40.0,T18_S1,20.0,4,4
YouTube::@LuisDiegoSalasRivas-dz2pk,YouTube,1,21,T07,9.5,T09_S3,9.5,14,15
YouTube::@LuisHerrera-b3h,YouTube,1,0,,0.0,,0.0,0,0
YouTube::@LuisTorres-kl1zv,YouTube,2,9,T00,44.4,T10_S0,22.2,4,3
YouTube::@LupitaLazaro-n8l,YouTube,1,0,,0.0,,0.0,0,0
YouTube::@Luzdemaria-y4p,YouTube,1,2,T00,100.0,T00_S1,100.0,1,1
YouTube::@MARIOGA-w8r,YouTube,1,0,,0.0,,0.0,0,0
YouTube::@MARTHA.Patito,YouTube,1,5,T07,80.0,T07_S1,40.0,2,3
YouTube::@MAVA1686,YouTube,1,6,T13,16.7,T13_S1,16.7,6,5
YouTube::@MEGA7155,YouTube,1,4,T15,50.0,T03_S1,25.0,3,3
YouTube::@MR-xo6sh,YouTube,1,5,T20,40.0,T20_S0,40.0,4,4
YouTube::@MS-gu6zu,YouTube,1,1,T15,100.0,,0.0,1,0
YouTube::@Maccinero2600,YouTube,1,3,T00,33.3,T00_S1,33.3,3,3
YouTube::@ManzanitaLGL,YouTube,1,8,T13,25.0,T23_S0,12.5,7,7
YouTube::@MariaChavez-sg6yi,YouTube,1,3,T00,66.7,T10_S0,33.3,2,1
YouTube::@MariaConcepcionCampuzano,YouTube,1,0,,0.0,,0.0,0,0
YouTube::@MariaCoreyLoyaReyes,YouTube,1,11,T07,36.4,T02_S0,18.2,5,8
YouTube::@MariaGonzales777-z3w,YouTube,1,0,,0.0,,0.0,0,0
YouTube::@MariaGutierrez-u7g2k,YouTube,1,2,T10,50.0,T10_S0,50.0,2,2
YouTube::@MariaMuñoz-f9p8r,YouTube,1,2,T24,50.0,T24_S0,50.0,2,2
YouTube::@MariaOrtiz-pc5kl,YouTube,1,1,T07,100.0,T07_S1,100.0,1,1
YouTube::@MariaTeresaVillanueva-jr9ch,YouTube,1,2,T14,50.0,T14_S0,50.0,2,2
YouTube::@MariaTorres-fj2bd,YouTube,1,8,T07,37.5,T21_S1,12.5,6,8
YouTube::@MariadelosangelesMartu,YouTube,1,0,,0.0,,0.0,0,0
YouTube::@MariojesusSánchezmartinez-o9q,YouTube,1,1,T12,100.0,T12_S0,100.0,1,1
YouTube::@MarisolMartinez-u2k,YouTube,1,7,T00,28.6,T10_S0,14.3,6,4
YouTube::@Marvin-uk9,YouTube,1,8,T11,25.0,T11_S4,25.0,6,7
YouTube::@MauricioMartinez-g6q1n,YouTube,1,5,T07,60.0,T07_S6,40.0,3,3
YouTube::@MayoloAguillonavalos,YouTube,1,4,T13,25.0,T13_S3,25.0,4,4
YouTube::@MeGustaVerlo,YouTube,1,3,T07,66.7,T07_S4,33.3,2,2
YouTube::@MelinTorres-k9v,YouTube,1,2,T06,100.0,T06_S0,50.0,1,2
YouTube::@MelyOrlaineta,YouTube,1,2,T07,50.0,T07_S2,50.0,2,2
YouTube::@MeyRamos99,YouTube,1,1,T00,100.0,T00_S1,100.0,1,1
YouTube::@Moises-z4n,YouTube,1,1,T25,100.0,T25_S0,100.0,1,1
YouTube::@MrLaboratorista,YouTube,1,3,T10,66.7,T10_S3,33.3,2,3
YouTube::@Mr_Dr_Tacco,YouTube,1,6,T07,50.0,T07_S1,33.3,4,5
YouTube::@MsBthy,YouTube,2,7,T07,42.9,T07_S1,14.3,5,7
YouTube::@NIKKYNAY777,YouTube,1,0,,0.0,,0.0,0,0
YouTube::@NataliaCalderón-o4w,YouTube,1,3,T00,33.3,T00_S1,33.3,3,3
YouTube::@NellyYolandaBardales,YouTube,1,1,T07,100.0,T07_S0,100.0,1,1
YouTube::@Nerisse-q5v2n,YouTube,1,12,T07,33.3,T20_S0,16.7,7,10
YouTube::@NoeCampos-l5j,YouTube,1,3,T07,100.0,T07_S1,100.0,1,1
YouTube::@NoheliaRuiz-r9v,YouTube,1,4,T13,50.0,T13_S2,50.0,3,2
YouTube::@Octubre-u2x,YouTube,1,0,,0.0,,0.0,0,0
YouTube::@OmarR-v8u,YouTube,1,9,T17,33.3,T17_S2,33.3,5,6
YouTube::@Origendelavida-qt6bn,YouTube,1,8,T09,25.0,T13_S2,25.0,6,7
YouTube::@Oscar-mex-v9s,YouTube,2,5,T07,40.0,T10_S0,20.0,4,4
YouTube::@OsirisLigonioLópez,YouTube,1,3,T07,33.3,T07_S1,33.3,3,3
YouTube::@PAL5940,YouTube,2,4,T07,50.0,T07_S1,50.0,3,2
YouTube::@PATRICIAHERRERADELRIO-x4i,YouTube,1,8,T07,25.0,T07_S7,25.0,7,6
YouTube::@PabloBarcenas-kb9hk,YouTube,1,1,T24,100.0,T24_S0,100.0,1,1
YouTube::@PanfiloHenandez,YouTube,3,5,T25,40.0,T25_S3,40.0,4,4
YouTube::@PatriciaAguilarZavaleta,YouTube,1,3,T00,33.3,T20_S0,33.3,3,2
YouTube::@PatriciaGarcia-z3j9u,YouTube,2,1,T07,100.0,T07_S1,100.0,1,1
YouTube::@PaulaMorales-wf2cy,YouTube,1,3,T25,33.3,T25_S3,33.3,3,2
YouTube::@PedroPulidoDiaz,YouTube,1,2,T00,50.0,T07_S2,50.0,2,1
YouTube::@PerryNavarroOficial,YouTube,1,4,T24,25.0,T24_S2,25.0,4,3
YouTube::@PoloHerrera-d7c,YouTube,1,4,T09,50.0,T09_S0,25.0,3,3
YouTube::@PramaProduccionesMx,YouTube,1,2,T12,50.0,T12_S2,50.0,2,2
YouTube::@RAFAELALEJO-yd9ei,YouTube,1,7,T07,28.6,T03_S1,14.3,6,7
YouTube::@RPD-DD,YouTube,1,12,T07,41.7,T07_S7,33.3,6,6
YouTube::@RafaSilva-j1f,YouTube,1,2,T07,100.0,T07_S1,50.0,1,2
YouTube::@RddStar-y2v4z,YouTube,3,13,T00,30.8,T24_S0,15.4,5,7
YouTube::@Rembrandt1945,YouTube,1,5,T25,20.0,T25_S0,20.0,5,5
YouTube::@RileyBeppler69,YouTube,1,31,T07,19.4,T12_S0,12.9,15,19
YouTube::@RinconesdeMexico3027,YouTube,2,7,T00,42.9,T00_S3,28.6,4,5
YouTube::@RobertValenciaPIrob,YouTube,2,11,T02,45.5,T02_S0,45.5,4,4
YouTube::@RocioOcadiz-i8v,YouTube,1,3,T07,66.7,T07_S1,66.7,2,2
YouTube::@Rodolfo-z8b4q,YouTube,1,2,T24,50.0,T24_S0,50.0,2,2
YouTube::@RogelioRosales-v4x,YouTube,1,0,,0.0,,0.0,0,0
YouTube::@Roller-t1e,YouTube,1,5,T07,40.0,T07_S7,20.0,4,5
YouTube::@RosaliaSantosMayo,YouTube,2,2,T15,50.0,,0.0,2,0
YouTube::@RosalvaOsorio-q6h,YouTube,1,11,T00,27.3,T00_S1,18.2,8,7
YouTube::@RossyMonterrubiodeleon,YouTube,1,2,T24,50.0,T24_S0,50.0,2,2
YouTube::@RubenContreras-m8l,YouTube,1,0,,0.0,,0.0,0,0
YouTube::@RuthFragoso-d3o,YouTube,2,3,T20,33.3,T20_S1,33.3,3,3
YouTube::@SDAMAK_23,YouTube,1,4,T03,25.0,T03_S1,25.0,4,4
YouTube::@Salem-w3s,YouTube,1,3,T00,33.3,T07_S5,33.3,3,2
YouTube::@SalvaCruz-k8f,YouTube,1,4,T25,50.0,T07_S1,25.0,3,4
YouTube::@SalvadorOlmospulido,YouTube,1,14,T20,42.9,T20_S0,21.4,7,8
YouTube::@SamuelPerez-ct3sr,YouTube,1,0,,0.0,,0.0,0,0
YouTube::@SantaLuna-r8z,YouTube,1,0,,0.0,,0.0,0,0
YouTube::@Santiago65-c4b,YouTube,1,14,T20,21.4,T20_S0,21.4,10,12
YouTube::@SebasPadilla-s4o,YouTube,1,11,T07,36.4,T00_S2,18.2,5,8
YouTube::@SergioAlbertoHernándezalcantar,YouTube,1,1,T18,100.0,T18_S1,100.0,1,1
YouTube::@SgtoVkro,YouTube,1,6,T10,33.3,T10_S0,33.3,5,5
YouTube::@SilviaSedeño-p2p,YouTube,1,0,,0.0,,0.0,0,0
YouTube::@Simongarcia-v8t,YouTube,1,0,,0.0,,0.0,0,0
YouTube::@SoRN7,YouTube,1,4,T04,25.0,T04_S4,25.0,4,4
YouTube::@SolDe-kh2bb,YouTube,1,8,T00,25.0,T00_S1,25.0,5,7
YouTube::@SoledadPeralts,YouTube,1,7,T25,42.9,T25_S0,42.9,5,5
YouTube::@SuperSatturno,YouTube,1,3,T10,33.3,T10_S4,33.3,3,3
YouTube::@SusanaRangel-b3k,YouTube,1,14,T12,14.3,T08_S1,14.3,11,12
YouTube::@TanukaTanuka-l6q,YouTube,1,1,T00,100.0,T00_S1,100.0,1,1
YouTube::@TeresaAcostaMontero,YouTube,1,8,T07,37.5,T00_S1,25.0,5,7
YouTube::@TeresaGonzalezRomo,YouTube,1,0,,0.0,,0.0,0,0
YouTube::@TeresaJuarez-f4m,YouTube,1,2,T00,50.0,T00_S1,50.0,2,2
YouTube::@Tfdez76,YouTube,1,4,T10,50.0,T10_S0,50.0,3,3
YouTube::@The-Axxtro,YouTube,1,3,T25,33.3,T25_S2,33.3,3,3
YouTube::@ThedarkLometo,YouTube,2,10,T05,20.0,T05_S2,20.0,8,8
YouTube::@Tikitikyjwrry-crist,YouTube,1,0,,0.0,,0.0,0,0
YouTube::@TitiongaRa,YouTube,2,8,T15,25.0,T10_S0,25.0,4,2
YouTube::@Tj0708,YouTube,1,0,,0.0,,0.0,0,0
YouTube::@TomasaMontero-v4i,YouTube,1,4,T07,75.0,T07_S3,25.0,2,4
YouTube::@Torobeach,YouTube,1,1,T14,100.0,T14_S0,100.0,1,1
YouTube::@TraductorCienciaHist,YouTube,1,1,T07,100.0,T07_S3,100.0,1,1
YouTube::@TribunaVecinal,YouTube,3,18,T07,44.4,T07_S1,38.9,8,10
YouTube::@Usuarioyoutube999,YouTube,1,2,T03,50.0,T03_S3,50.0,2,2
YouTube::@ValenteBenítez-p6j,YouTube,1,2,T03,50.0,T03_S1,50.0,2,2
YouTube::@ValientePattinson,YouTube,1,2,T07,100.0,T07_S4,50.0,1,2
YouTube::@VeroBañuelos-q1j,YouTube,1,1,T15,100.0,T15_S0,100.0,1,1
YouTube::@VeronicaMendez-t8o,YouTube,4,17,T00,23.5,T00_S1,17.6,7,11
YouTube::@VeronicaRodriguezcervant-l6g2l,YouTube,1,12,T12,33.3,T24_S2,33.3,4,6
YouTube::@Vianey25,YouTube,1,1,T24,100.0,T24_S2,100.0,1,1
YouTube::@VianeySalas-su7oh,YouTube,1,4,T04,50.0,T24_S0,25.0,3,4
YouTube::@VicmaBavi,YouTube,1,2,T07,50.0,T07_S3,50.0,2,2
YouTube::@VictorCarrilloRobles,YouTube,1,2,T07,50.0,T07_S2,50.0,2,1
YouTube::@Vigilantenocturno-w8q,YouTube,1,1,T07,100.0,T07_S3,100.0,1,1
YouTube::@VivianaLopez-nw7yq,YouTube,1,0,,0.0,,0.0,0,0
YouTube::@Xiomara-b7h4g,YouTube,2,0,,0.0,,0.0,0,0
YouTube::@YazminSolis-wm9im,YouTube,1,5,T20,40.0,T20_S0,20.0,4,4
YouTube::@YoselinMarianEnsigniaHernandez,YouTube,1,0,,0.0,,0.0,0,0
YouTube::@YovaniCortes-e3r,YouTube,1,0,,0.0,,0.0,0,0
YouTube::@Zaid-eu2sw,YouTube,1,2,T07,100.0,T07_S1,50.0,1,2
YouTube::@abiare,YouTube,1,0,,0.0,,0.0,0,0
YouTube::@abrahamg7822,YouTube,1,3,T07,66.7,T07_S5,66.7,2,2
YouTube::@aca639,YouTube,1,15,T07,33.3,T07_S5,13.3,7,13
YouTube::@acs3452,YouTube,2,12,T07,50.0,T00_S1,16.7,6,10
YouTube::@ade.gardel1410,YouTube,1,3,T10,33.3,T10_S2,33.3,3,3
YouTube::@adrianaflores4703,YouTube,1,1,T03,100.0,T03_S1,100.0,1,1
YouTube::@adrianar7151,YouTube,1,2,T00,50.0,T15_S0,50.0,2,1
YouTube::@adrianoundead,YouTube,1,6,T00,33.3,T15_S1,16.7,5,5
YouTube::@agusacevedof,YouTube,2,86,T15,11.6,T09_S1,9.3,16,28
YouTube::@aidaantonio6394,YouTube,1,3,T07,33.3,T07_S1,33.3,3,3
YouTube::@aidejuarez8515,YouTube,1,2,T14,50.0,T14_S0,50.0,2,2
YouTube::@aimeerosales4508,YouTube,1,1,T12,100.0,T12_S0,100.0,1,1
YouTube::@alanromanmayabautista4724,YouTube,2,1,T13,100.0,T13_S0,100.0,1,1
YouTube::@albertobravo5666,YouTube,1,1,T15,100.0,T15_S1,100.0,1,1
YouTube::@albertogalan2758,YouTube,1,2,T00,50.0,T00_S1,50.0,2,2
YouTube::@alejandradiaz7210,YouTube,1,8,T10,12.5,T10_S0,12.5,8,7
YouTube::@aleromero33,YouTube,1,6,T07,66.7,T07_S5,33.3,3,5
YouTube::@alexandragallego8476,YouTube,1,2,T07,100.0,T07_S2,50.0,1,2
YouTube::@alexisreynasanchez3165,YouTube,1,2,T21,50.0,T21_S3,50.0,2,2
YouTube::@alfonsorobles2678,YouTube,1,4,T03,25.0,T03_S1,25.0,4,3
YouTube::@aliama5120,YouTube,2,4,T11,25.0,T11_S5,25.0,4,4
YouTube::@aliciacontreras7381,YouTube,1,8,T20,25.0,T20_S0,25.0,6,5
YouTube::@aliciamoreno8128,YouTube,1,5,T07,40.0,T22_S1,20.0,4,5
YouTube::@aliciavelazquez2004,YouTube,1,3,T11,33.3,T11_S4,33.3,3,2
YouTube::@alis924,YouTube,1,4,T07,75.0,T07_S4,25.0,2,4
YouTube::@almadeliaalfonsolorenzo1603,YouTube,1,2,T10,50.0,T10_S0,50.0,2,2
YouTube::@almamatus7362,YouTube,1,1,T07,100.0,T07_S3,100.0,1,1
YouTube::@alprado8533,YouTube,1,0,,0.0,,0.0,0,0
YouTube::@altahirsofiaduarte2688,YouTube,1,8,T07,25.0,T07_S7,12.5,6,7
YouTube::@analiruena5397,YouTube,1,1,T00,100.0,T00_S1,100.0,1,1
YouTube::@anapeca2930,YouTube,1,0,,0.0,,0.0,0,0
YouTube::@anaquintero9841,YouTube,1,9,T07,33.3,T10_S0,22.2,6,8
YouTube::@anaramirez1601,YouTube,1,7,T07,42.9,T07_S7,28.6,4,6
YouTube::@anatopete6591,YouTube,1,0,,0.0,,0.0,0,0
YouTube::@andreamendez7880,YouTube,1,1,T15,100.0,,0.0,1,0
YouTube::@andrescortina1323,YouTube,1,2,T07,50.0,T07_S3,50.0,2,2
YouTube::@andresdz6548,YouTube,1,0,,0.0,,0.0,0,0
YouTube::@anellegallegos5311,YouTube,1,3,T13,33.3,T13_S0,33.3,3,3
YouTube::@angelesaa9539,YouTube,3,10,T00,20.0,T00_S1,20.0,9,8
YouTube::@angelgmtz1,YouTube,1,3,T07,66.7,T07_S0,33.3,2,2
YouTube::@angelgomez-6141,YouTube,1,5,T18,20.0,T18_S1,20.0,5,5
YouTube::@angelicaacevedo4975,YouTube,2,7,T17,28.6,T17_S2,28.6,5,6
YouTube::@angelicaesparza2577,YouTube,1,3,T07,33.3,T07_S4,33.3,3,3
YouTube::@angelicamacias954,YouTube,1,3,T00,66.7,T00_S1,33.3,2,2
YouTube::@angelicamagdalenacanomonca1344,YouTube,1,6,T15,16.7,T20_S0,16.7,6,4
YouTube::@angelrocha962,YouTube,1,8,T13,25.0,T13_S1,25.0,6,6
YouTube::@angelrosas2556,YouTube,1,0,,0.0,,0.0,0,0
YouTube::@angievillasenor8179,YouTube,1,7,T07,42.9,T07_S1,14.3,5,7
YouTube::@angymotagalvan9838,YouTube,1,7,T17,28.6,T17_S2,28.6,5,4
YouTube::@antonio.7802,YouTube,1,1,T14,100.0,T14_S4,100.0,1,1
YouTube::@anyel-78,YouTube,1,1,T07,100.0,T07_S3,100.0,1,1
YouTube::@apolinarsanchezmorales621,YouTube,1,11,T07,27.3,T00_S1,27.3,6,7
YouTube::@aracelifigueroa7751,YouTube,1,14,T07,42.9,T07_S2,14.3,6,10
YouTube::@araceliramirez5439,YouTube,1,4,T06,50.0,T00_S1,25.0,3,4
YouTube::@aracelivarguez9407,YouTube,1,0,,0.0,,0.0,0,0
YouTube::@arceliahernandezg6224,YouTube,1,1,T24,100.0,T24_S2,100.0,1,1
YouTube::@arizuokusawa6953,YouTube,2,16,T07,25.0,T07_S5,25.0,5,4
YouTube::@ark253,YouTube,1,0,,0.0,,0.0,0,0
YouTube::@arletteolivera1630,YouTube,1,6,T24,16.7,T24_S2,16.7,6,6
YouTube::@arteenpastaflexible1708,YouTube,1,3,T20,33.3,T20_S0,33.3,3,3
YouTube::@artemisavirgenvirgen8226,YouTube,1,9,T07,22.2,T00_S1,11.1,7,9
YouTube::@arturomares7007,YouTube,1,0,,0.0,,0.0,0,0
YouTube::@asicomodigounacosadigootra8713,YouTube,1,2,T17,50.0,T04_S4,50.0,2,1
YouTube::@athegrl,YouTube,1,7,T10,28.6,T10_S0,28.6,6,5
YouTube::@aureliaramos8465,YouTube,1,4,T07,25.0,T07_S6,25.0,4,4
YouTube::@backfenssen,YouTube,1,2,T03,50.0,T03_S1,50.0,2,1
YouTube::@beatrizramirez2594,YouTube,1,2,T11,50.0,T11_S4,50.0,2,2
YouTube::@benignocastro161,YouTube,1,3,T09,33.3,T15_S3,33.3,3,2
YouTube::@benitomayorga163,YouTube,1,4,T07,50.0,T07_S7,25.0,3,4
YouTube::@bethbirai2639,YouTube,1,5,T07,40.0,T07_S3,40.0,4,4
YouTube::@betogxrcix,YouTube,1,4,T07,50.0,T07_S3,25.0,3,4
YouTube::@betohernan6662,YouTube,1,1,T00,100.0,T00_S1,100.0,1,1
YouTube::@bibiestrella7568,YouTube,1,3,T12,33.3,T12_S2,33.3,3,3
YouTube::@biolvsr1046,YouTube,2,15,T00,20.0,T10_S2,13.3,10,10
YouTube::@blackwitch6009,YouTube,1,7,T20,28.6,T20_S0,28.6,6,6
YouTube::@blancaesteladelcipres6031,YouTube,1,2,T10,50.0,T10_S3,50.0,2,1
YouTube::@blancaestelagarcia-z8y,YouTube,1,2,T20,50.0,T20_S0,50.0,2,2
YouTube::@blancagonzalezcastanon2935,YouTube,1,2,T16,50.0,T16_S2,50.0,2,2
YouTube::@bonnysalinas8875,YouTube,1,1,T11,100.0,T11_S0,100.0,1,1
YouTube::@braulioromo6780,YouTube,1,5,T10,40.0,T10_S1,20.0,4,4
YouTube::@brayantoledo6112,YouTube,1,0,,0.0,,0.0,0,0
YouTube::@breadwater71,YouTube,2,3,T07,33.3,T07_S0,33.3,3,3
YouTube::@breramz9310,YouTube,1,4,T20,25.0,T20_S0,25.0,4,3
YouTube::@bryanmedina6260,YouTube,1,2,T25,50.0,T25_S0,50.0,2,2
YouTube::@calebgonzalez8094,YouTube,1,3,T14,33.3,T14_S2,33.3,3,3
YouTube::@calzadacalzada8964,YouTube,1,4,T15,25.0,T15_S3,25.0,4,3
YouTube::@candelariarosascastro8516,YouTube,1,6,T00,50.0,T07_S6,16.7,3,3
YouTube::@candyhoney6426,YouTube,1,2,T07,50.0,T07_S5,50.0,2,2
YouTube::@carlosaguiar3129,YouTube,1,0,,0.0,,0.0,0,0
YouTube::@carlosbauu4625,YouTube,1,7,T11,28.6,T11_S3,14.3,6,7
YouTube::@carmitachable6148,YouTube,1,1,T22,100.0,T22_S0,100.0,1,1
YouTube::@carnachlerma3676,YouTube,1,1,T20,100.0,T20_S0,100.0,1,1
YouTube::@casagame-g6r,YouTube,1,8,T07,37.5,T12_S0,12.5,6,7
YouTube::@ceciliamartinez3946,YouTube,1,1,T11,100.0,T11_S0,100.0,1,1
YouTube::@cecilianikkenmexico,YouTube,1,6,T25,50.0,T25_S0,33.3,4,5
YouTube::@celiatorres996,YouTube,1,3,T20,33.3,T20_S0,33.3,3,3
YouTube::@celinahernandezbarrios9499,YouTube,1,4,T03,25.0,T03_S1,25.0,4,4
YouTube::@charlesriveroll6363,YouTube,1,3,T13,66.7,T13_S1,66.7,2,2
YouTube::@chepiramz4140,YouTube,2,4,T07,25.0,T07_S5,25.0,4,4
YouTube::@chimichurri260,YouTube,3,11,T07,63.6,T07_S3,36.4,5,7
YouTube::@chinnyrox2022,YouTube,1,3,T07,66.7,T07_S4,33.3,2,3
YouTube::@citlalligaviño6262,YouTube,1,1,T09,100.0,T09_S1,100.0,1,1
YouTube::@claudiaaltamirano9348,YouTube,1,3,T07,33.3,T07_S7,33.3,3,3
YouTube::@claudiafabiolacruzaguilar286,YouTube,1,2,T07,100.0,T07_S1,100.0,1,1
YouTube::@claudiakitty2283,YouTube,1,6,T07,33.3,T07_S3,33.3,5,5
YouTube::@claudiaramos205,YouTube,1,1,T17,100.0,T17_S4,100.0,1,1
YouTube::@claudiazavaleta1933,YouTube,1,4,T07,50.0,T07_S7,25.0,3,4
YouTube::@columbarementeriatorres8063,YouTube,1,1,T07,100.0,T07_S3,100.0,1,1
YouTube::@concepcioncastro2304,YouTube,1,5,T11,20.0,T11_S0,20.0,5,5
YouTube::@constanzarivera9440,YouTube,1,3,T25,33.3,T25_S2,33.3,3,3
YouTube::@contactosolinco2470,YouTube,1,3,T25,33.3,T25_S2,33.3,3,3
YouTube::@crescenciajarquinelorza4271,YouTube,1,26,T25,19.2,T25_S0,19.2,12,12
YouTube::@crisolvera4023,YouTube,1,3,T07,33.3,T07_S3,33.3,3,3
YouTube::@cristinapalacios3831,YouTube,1,9,T07,33.3,T07_S5,33.3,5,5
YouTube::@cristinasalinas5132,YouTube,1,10,T17,30.0,T17_S2,30.0,6,7
YouTube::@cuorecuore1496,YouTube,1,2,T07,50.0,T07_S5,50.0,2,2
YouTube::@dafneanelyaris3519,YouTube,1,0,,0.0,,0.0,0,0
YouTube::@dager1938,YouTube,1,5,T15,20.0,T15_S1,20.0,5,5
YouTube::@damarizmelgosaplata3925,YouTube,1,3,T15,33.3,T07_S5,33.3,3,2
YouTube::@danielcasangoespinosa160,YouTube,1,0,,0.0,,0.0,0,0
YouTube::@danielestebansolisesquivel5271,YouTube,1,3,T13,33.3,T13_S1,33.3,3,3
YouTube::@danielmunozoficial,YouTube,1,2,T21,50.0,T21_S1,50.0,2,2
YouTube::@danubys1,YouTube,1,19,T07,21.1,T10_S0,10.5,9,13
YouTube::@darkstarz.r0754,YouTube,1,11,T15,18.2,T14_S0,9.1,10,10
YouTube::@deimos-13666l,YouTube,1,2,T01,50.0,T01_S1,50.0,2,2
YouTube::@deliasanchez4700,YouTube,2,11,T07,27.3,T07_S0,9.1,7,9
YouTube::@despachojuridico-m6q,YouTube,1,3,T13,33.3,T13_S0,33.3,3,2
YouTube::@despachorvr,YouTube,1,2,T13,50.0,T13_S1,50.0,2,2
YouTube::@deynalildiaz6287,YouTube,1,6,T09,33.3,T21_S1,16.7,5,6
YouTube::@dianaC7777,YouTube,1,4,T07,50.0,T07_S3,25.0,3,4
YouTube::@diegozuares810,YouTube,1,2,T11,50.0,T11_S0,50.0,2,2
YouTube::@dyd2285,YouTube,1,1,T17,100.0,T17_S0,100.0,1,1
YouTube::@edgargarcia6550,YouTube,2,2,T02,100.0,T02_S0,100.0,1,1
YouTube::@edgargomes6994,YouTube,1,4,T17,25.0,T17_S2,25.0,4,4
YouTube::@eduardoE5252,YouTube,1,24,T13,20.8,T13_S1,20.8,13,15
YouTube::@eduardogonzalezrico3784,YouTube,1,2,T00,50.0,T00_S1,50.0,2,2
YouTube::@eh1892,YouTube,1,3,T10,66.7,T10_S0,66.7,2,2
YouTube::@eiguajardo,YouTube,2,22,T07,40.9,T07_S3,13.6,9,12
YouTube::@elenamonteagudo9855,YouTube,1,0,,0.0,,0.0,0,0
YouTube::@elenamorelos7547,YouTube,1,1,T10,100.0,T10_S0,100.0,1,1
YouTube::@elidee2914,YouTube,1,2,T20,50.0,T20_S0,50.0,2,2
YouTube::@elizamiranda7007,YouTube,1,1,T07,100.0,T07_S1,100.0,1,1
YouTube::@eloisatrevizo5103,YouTube,1,4,T15,25.0,T11_S4,25.0,4,2
YouTube::@eltiowodi,YouTube,1,5,T15,60.0,T07_S7,20.0,2,3
YouTube::@elviaramirez1883,YouTube,1,4,T07,50.0,T07_S3,25.0,3,4
YouTube::@elvisbz,YouTube,1,3,T12,33.3,T12_S2,33.3,3,3
YouTube::@emilianacarbonero4728,YouTube,1,1,T00,100.0,,0.0,1,0
YouTube::@emilomoronescasiano495,YouTube,1,0,,0.0,,0.0,0,0
YouTube::@emiloorganic1,YouTube,1,2,T11,50.0,T11_S5,50.0,2,2
YouTube::@enriquegomez8952,YouTube,1,2,T24,50.0,T24_S0,50.0,2,2
YouTube::@enriquerivas4068,YouTube,1,2,T15,50.0,T15_S3,50.0,2,2
YouTube::@enriqueymarisol1,YouTube,1,17,T00,41.2,T00_S4,11.8,11,12
YouTube::@erabaitbro3927,YouTube,1,14,T07,14.3,T07_S0,7.1,12,14
YouTube::@erdvilla,YouTube,1,5,T04,20.0,T04_S1,20.0,5,5
YouTube::@erebosart4379,YouTube,1,11,T07,27.3,T07_S3,18.2,9,10
YouTube::@erickaramirezsoto5256,YouTube,1,2,T24,50.0,T24_S0,50.0,2,2
YouTube::@erickguajardo-gh5kf,YouTube,1,2,T07,100.0,T07_S1,50.0,1,2
YouTube::@erikanataliaglez6112,YouTube,1,1,T04,100.0,T04_S4,100.0,1,1
YouTube::@erikgabrielm9571,YouTube,1,2,T17,50.0,T17_S2,50.0,2,2
YouTube::@esencianueva9,YouTube,1,5,T17,20.0,T17_S0,20.0,5,5
YouTube::@esmeraldamedina1607,YouTube,1,4,T25,25.0,T25_S3,25.0,4,4
YouTube::@esmeraldaosorio608,YouTube,1,1,T20,100.0,T20_S0,100.0,1,1
YouTube::@esperanzamaresrincon8135,YouTube,1,5,T07,40.0,T07_S4,20.0,3,4
YouTube::@estanislaolazcanocastelan90,YouTube,1,6,T07,50.0,T08_S0,16.7,4,5
YouTube::@estefaniavaldes9682,YouTube,1,2,T20,50.0,T20_S0,50.0,2,2
YouTube::@estefanyanayuscangasalomon6524,YouTube,1,0,,0.0,,0.0,0,0
YouTube::@esthergonzalez1470,YouTube,1,3,T00,33.3,T00_S1,33.3,3,3
YouTube::@esthermaganatorres9709,YouTube,2,6,T20,50.0,T20_S0,33.3,4,4
YouTube::@estuardogiordani-co9yw,YouTube,1,3,T03,66.7,T03_S1,66.7,2,2
YouTube::@eunicejimenez3531,YouTube,1,3,T12,33.3,T12_S2,33.3,3,3
YouTube::@evarubio9399,YouTube,1,6,T21,16.7,T21_S1,16.7,6,6
YouTube::@evelyngranadosles,YouTube,1,0,,0.0,,0.0,0,0
YouTube::@everardosolano9585,YouTube,1,2,T07,50.0,T07_S4,50.0,2,2
YouTube::@exceldrop3386,YouTube,1,0,,0.0,,0.0,0,0
YouTube::@ez1Z5706,YouTube,1,0,,0.0,,0.0,0,0
YouTube::@fabis71,YouTube,1,5,T24,40.0,T24_S2,20.0,4,5
YouTube::@facturasmtyks5180,YouTube,1,1,T13,100.0,T13_S2,100.0,1,1
YouTube::@familiabellezafitnes,YouTube,1,18,T07,44.4,T07_S3,16.7,9,14
YouTube::@fasshioncrafstkitche,YouTube,1,2,T25,50.0,T25_S3,50.0,2,2
YouTube::@federicoespino6155,YouTube,1,3,T00,33.3,T00_S1,33.3,3,3
YouTube::@felipejaimesmelendez,YouTube,1,1,T24,100.0,T24_S0,100.0,1,1
YouTube::@fer3725,YouTube,1,15,T07,33.3,T09_S1,13.3,7,10
YouTube::@fgames966,YouTube,1,5,T00,40.0,T10_S0,20.0,4,4
YouTube::@fgjuseg5266,YouTube,1,2,T20,50.0,T20_S0,50.0,2,2
YouTube::@fit-ness,YouTube,1,2,T20,50.0,T20_S0,50.0,2,2
YouTube::@florsilvestre122,YouTube,2,2,T07,100.0,T07_S2,50.0,1,2
YouTube::@franciscochavez3145,YouTube,1,2,T20,50.0,T20_S0,50.0,2,2
YouTube::@franciscoperezmarin6567,YouTube,1,4,T15,25.0,T20_S0,25.0,4,2
YouTube::@frankaguirre7866,YouTube,1,2,T00,50.0,T00_S1,50.0,2,2
YouTube::@gabometal8883,YouTube,1,3,T13,33.3,T13_S0,33.3,3,3
YouTube::@gabrielacamachoelizalde-cj9on,YouTube,1,7,T17,28.6,T23_S0,14.3,6,5
YouTube::@gabyolmeda8756,YouTube,1,3,T07,66.7,T07_S6,33.3,2,3
YouTube::@gadielmata1804,YouTube,1,0,,0.0,,0.0,0,0
YouTube::@gamalielmartinezcarmona8484,YouTube,1,2,T20,50.0,T20_S0,50.0,2,2
YouTube::@gasparperez147,YouTube,1,7,T00,28.6,T00_S1,28.6,6,6
YouTube::@gatitogloton9190,YouTube,1,0,,0.0,,0.0,0,0
YouTube::@genovevavazquez1910,YouTube,6,10,T10,20.0,T10_S0,20.0,7,7
YouTube::@georginabrenez2435,YouTube,1,4,T13,25.0,T13_S2,25.0,4,4
YouTube::@geronimoalvarez4363,YouTube,1,2,T20,50.0,T20_S0,50.0,2,2
YouTube::@gersonalcantar3731,YouTube,1,4,T09,50.0,T10_S2,25.0,3,4
YouTube::@gilbertobecker3564,YouTube,1,1,T04,100.0,T04_S1,100.0,1,1
YouTube::@gloriaarenaszepeda9487,YouTube,2,4,T24,25.0,T24_S2,25.0,4,4
YouTube::@good5446,YouTube,1,1,T01,100.0,T01_S1,100.0,1,1
YouTube::@gracem.z7345,YouTube,1,10,T12,20.0,T12_S0,20.0,8,9
YouTube::@gracielabalderas9999,YouTube,1,4,T17,25.0,T17_S2,25.0,4,4
YouTube::@gracielaramirez5079,YouTube,1,1,T20,100.0,T20_S1,100.0,1,1
YouTube::@griseldagovea8298,YouTube,1,2,T20,50.0,T13_S1,50.0,2,1
YouTube::@griseldaquezada7685,YouTube,1,0,,0.0,,0.0,0,0
YouTube::@guadalupemonroy2073,YouTube,1,8,T01,25.0,T10_S1,12.5,7,8
YouTube::@guadaluperuiz6009,YouTube,1,5,T15,20.0,T17_S2,20.0,5,4
YouTube::@guillerminaascencio3068,YouTube,2,6,T20,33.3,T20_S0,33.3,5,5
YouTube::@guillermogamboafrayre5949,YouTube,1,3,T18,66.7,T18_S1,66.7,2,2
YouTube::@gustavocarrancoplata1775,YouTube,1,1,T10,100.0,T10_S0,100.0,1,1
YouTube::@h5jy,YouTube,1,12,T07,33.3,T00_S1,25.0,6,9
YouTube::@hamanmardoqueo1058,YouTube,1,4,T24,25.0,T24_S2,25.0,4,4
YouTube::@helobsidiana5138,YouTube,1,0,,0.0,,0.0,0,0
YouTube::@henryhernandez7714,YouTube,1,7,T07,42.9,T15_S1,14.3,5,7
YouTube::@henryreyes3167,YouTube,1,6,T17,33.3,T17_S2,33.3,5,5
YouTube::@heribertocastanedacastro5822,YouTube,1,5,T07,60.0,T07_S5,60.0,3,3
YouTube::@hortensiabec9226,YouTube,1,2,T17,50.0,T17_S4,50.0,2,2
YouTube::@imeldasalamanca3937,YouTube,1,2,T00,50.0,T20_S0,50.0,2,1
YouTube::@indrid4015,YouTube,3,3,T10,33.3,T10_S0,33.3,3,3
YouTube::@ingarqraca8765,YouTube,1,7,T15,28.6,T10_S0,28.6,5,6
YouTube::@ingrisitasthelllima664,YouTube,1,3,T07,66.7,T03_S1,33.3,2,3
YouTube::@irenelouly9487,YouTube,1,2,T07,100.0,T07_S4,50.0,1,2
YouTube::@irmacolorina,YouTube,3,9,T20,44.4,T20_S0,22.2,6,7
YouTube::@irmareyes2608,YouTube,1,0,,0.0,,0.0,0,0
YouTube::@irmasuarez5931,YouTube,1,3,T20,33.3,T20_S0,33.3,3,2
YouTube::@isaacm3591,YouTube,1,3,T05,66.7,T05_S2,66.7,2,1
YouTube::@isauramartinez2213,YouTube,1,1,T07,100.0,T07_S5,100.0,1,1
YouTube::@iselaakiko7309,YouTube,2,5,T01,40.0,T01_S2,40.0,4,4
YouTube::@javier-p4e1t,YouTube,1,2,T07,50.0,T07_S5,50.0,2,2
YouTube::@javierbarrios1491,YouTube,1,6,T15,33.3,T20_S1,16.7,5,5
YouTube::@javiercarrera9124,YouTube,1,4,T10,50.0,T22_S0,25.0,3,2
YouTube::@javierchavezluna2943,YouTube,1,8,T22,25.0,T11_S0,12.5,7,8
YouTube::@jazminlobo3229,YouTube,1,2,T07,50.0,T07_S4,50.0,2,2
YouTube::@jccarrera9261,YouTube,1,1,T07,100.0,T07_S5,100.0,1,1
YouTube::@jequer._15,YouTube,1,3,T17,66.7,T17_S0,33.3,2,2
YouTube::@jesaiasmunoz9683,YouTube,1,3,T07,66.7,T07_S7,33.3,2,2
YouTube::@jessicanavit,YouTube,1,9,T07,33.3,T24_S0,11.1,5,7
YouTube::@jessieflores2153,YouTube,1,0,,0.0,,0.0,0,0
YouTube::@jesus6387,YouTube,1,1,T07,100.0,T07_S3,100.0,1,1
YouTube::@jinkazama9287,YouTube,1,7,T07,28.6,T13_S3,14.3,6,6
YouTube::@jml5809,YouTube,1,4,T07,50.0,T01_S3,25.0,3,4
YouTube::@jmsauza1,YouTube,1,1,T18,100.0,T18_S1,100.0,1,1
YouTube::@jonathanalejandrolazarocha3814,YouTube,1,1,T15,100.0,,0.0,1,0
YouTube::@jorgealbertoherrera3778,YouTube,1,12,T20,33.3,T20_S0,25.0,7,8
YouTube::@jorgealbertosantiagogonzal6997,YouTube,1,5,T00,40.0,T13_S1,20.0,4,4
YouTube::@jorgehernandezmartinez331,YouTube,1,3,T24,33.3,T24_S0,33.3,3,3
YouTube::@jorgevazquez8595,YouTube,1,8,T00,25.0,T00_S1,25.0,5,5
YouTube::@joseabarca6755,YouTube,2,12,T14,16.7,T20_S0,16.7,9,10
YouTube::@josecarreno7780,YouTube,1,13,T20,30.8,T20_S0,30.8,7,7
YouTube::@josedejesuagonzalez7271,YouTube,1,5,T11,60.0,T11_S4,60.0,3,3
YouTube::@josefaguzman1645,YouTube,1,5,T07,60.0,T07_S1,60.0,3,3
YouTube::@josemandujano7626,YouTube,1,10,T15,20.0,T15_S3,20.0,9,9
YouTube::@josemarin1819,YouTube,1,0,,0.0,,0.0,0,0
YouTube::@juancarlosac1,YouTube,1,2,T12,50.0,T12_S2,50.0,2,2
YouTube::@juancaz1z,YouTube,1,0,,0.0,,0.0,0,0
YouTube::@juandiaz2155,YouTube,1,0,,0.0,,0.0,0,0
YouTube::@juandrew47,YouTube,1,2,T09,50.0,T09_S1,50.0,2,2
YouTube::@juanmanuelgalvez2111,YouTube,1,1,T07,100.0,T07_S6,100.0,1,1
YouTube::@juanmanuelpadillahernandez3161,YouTube,1,6,T24,33.3,T24_S2,33.3,5,4
YouTube::@juanplascencia6094,YouTube,1,1,T10,100.0,T10_S0,100.0,1,1
YouTube::@juanviflo,YouTube,1,1,T04,100.0,T04_S1,100.0,1,1
YouTube::@juliorios1593,YouTube,1,4,T15,50.0,T15_S3,25.0,3,3
YouTube::@karenchic4860,YouTube,1,18,T00,16.7,T02_S0,11.1,11,13
YouTube::@karinacaballerorodriguez6945,YouTube,1,3,T00,33.3,T00_S1,33.3,3,3
YouTube::@karinamelchor2207,YouTube,1,4,T11,25.0,T11_S4,25.0,4,3
YouTube::@karlal.685,YouTube,1,2,T17,50.0,T17_S2,50.0,2,2
YouTube::@karydelangel9488,YouTube,1,2,T24,50.0,T24_S0,50.0,2,2
YouTube::@katherineatencio6189,YouTube,1,3,T07,66.7,T01_S3,33.3,2,3
YouTube::@kike241080,YouTube,1,2,T10,50.0,T10_S0,50.0,2,1
YouTube::@kimberlyestefaniasosarojas8498,YouTube,1,6,T05,33.3,T05_S2,33.3,5,4
YouTube::@kolegamurcielago1014,YouTube,1,4,T20,25.0,T20_S0,25.0,4,4
YouTube::@kovoz7918,YouTube,1,0,,0.0,,0.0,0,0
YouTube::@lamore35,YouTube,1,4,T07,50.0,T07_S7,25.0,3,4
YouTube::@latuna8395,YouTube,1,10,T24,30.0,T24_S2,30.0,6,6
YouTube::@laurariv2038,YouTube,1,2,T25,50.0,T25_S2,50.0,2,2
YouTube::@laylatov3941,YouTube,2,10,T25,30.0,T20_S1,20.0,6,6
YouTube::@leiarivera7135,YouTube,1,2,T17,50.0,T17_S2,50.0,2,2
YouTube::@leonornegrete8684,YouTube,1,2,T00,50.0,T09_S1,50.0,2,1
YouTube::@letyalicia277,YouTube,1,2,T18,50.0,T18_S1,50.0,2,2
YouTube::@ligiaestrada9504,YouTube,1,2,T11,50.0,T11_S0,50.0,2,2
YouTube::@liznunez9364,YouTube,2,0,,0.0,,0.0,0,0
YouTube::@lizzieguez,YouTube,2,24,T07,29.2,T00_S1,16.7,12,19
YouTube::@locochon4847,YouTube,1,5,T07,20.0,T07_S6,20.0,5,5
YouTube::@lombrizdoberman,YouTube,1,4,T07,25.0,T07_S5,25.0,4,4
YouTube::@lordyaco5202,YouTube,1,10,T07,30.0,T07_S1,20.0,7,6
YouTube::@lorenzobrito9537,YouTube,1,1,T20,100.0,T20_S1,100.0,1,1
YouTube::@losjuguetesfamosos9491,YouTube,2,7,T15,28.6,T15_S3,14.3,5,6
YouTube::@lourdesgr7663,YouTube,1,5,T07,40.0,T07_S5,20.0,4,4
YouTube::@lourdespenaloza3885,YouTube,1,12,T20,25.0,T20_S0,25.0,7,6
YouTube::@lourdessilvaruiz8642,YouTube,1,26,T15,23.1,T15_S0,15.4,13,17
YouTube::@lucerodiaz7706,YouTube,1,2,T25,50.0,T25_S0,50.0,2,2
YouTube::@lucialeguizamon590,YouTube,1,10,T00,50.0,T07_S1,20.0,4,6
YouTube::@luciamontealegre3859,YouTube,1,18,T15,16.7,T10_S0,11.1,10,12
YouTube::@luis8237,YouTube,1,3,T23,33.3,T23_S0,33.3,3,3
YouTube::@luisameliacapistran5055,YouTube,1,3,T10,33.3,T10_S0,33.3,3,3
YouTube::@luisfavela5709,YouTube,1,0,,0.0,,0.0,0,0
YouTube::@lupitaortizgarcia7364,YouTube,1,7,T07,42.9,T07_S7,28.6,4,4
YouTube::@lupitasolorio8586,YouTube,1,1,T15,100.0,T15_S0,100.0,1,1
YouTube::@luzmariaramos543,YouTube,2,4,T17,25.0,T17_S4,25.0,4,3
YouTube::@luzmilacaicedo6866,YouTube,1,1,T25,100.0,T25_S3,100.0,1,1
YouTube::@luztorresruiz7480,YouTube,1,1,T15,100.0,,0.0,1,0
YouTube::@ma.dejesustovarvenegas6884,YouTube,1,2,T10,100.0,T10_S0,100.0,1,1
YouTube::@maelenacarreon1194,YouTube,1,2,T00,50.0,T00_S1,50.0,2,2
YouTube::@magdalenabeltran6265,YouTube,1,2,T07,50.0,T07_S1,50.0,2,1
YouTube::@mamarodriguez9122,YouTube,1,10,T07,30.0,T13_S1,10.0,8,10
YouTube::@manuelgutierrez4859,YouTube,1,2,T09,50.0,T09_S1,50.0,2,2
YouTube::@manuelmoralesleal6075,YouTube,1,3,T25,33.3,T25_S2,33.3,3,3
YouTube::@mar1257-j7n,YouTube,1,6,T09,33.3,T11_S4,16.7,5,6
YouTube::@marciavillacres4841,YouTube,2,3,T22,33.3,T22_S0,33.3,3,3
YouTube::@marcoantoniomandujanocruz,YouTube,1,3,T17,33.3,T17_S2,33.3,3,3
YouTube::@marcopolozuniga7298,YouTube,1,0,,0.0,,0.0,0,0
YouTube::@marcosgutierrez5419,YouTube,1,1,T20,100.0,T20_S0,100.0,1,1
YouTube::@margaritamendoza5191,YouTube,1,7,T10,28.6,T10_S0,28.6,5,6
YouTube::@margaritamendozamartinez4829,YouTube,1,6,T13,33.3,T13_S1,33.3,5,5
YouTube::@margaritaquiroz8245,YouTube,1,5,T10,40.0,T20_S0,20.0,4,4
YouTube::@margaritazasocoteco8457,YouTube,1,12,T17,16.7,T17_S2,16.7,9,10
YouTube::@maria.67,YouTube,2,8,T07,37.5,T00_S1,25.0,5,5
YouTube::@mariadelpilarhernandezsanc5836,YouTube,1,6,T24,33.3,T24_S0,33.3,5,4
YouTube::@mariadelrefugiohernandezro772,YouTube,1,10,T07,30.0,T07_S1,30.0,7,7
YouTube::@mariadelsocorrorangel3725,YouTube,1,6,T07,50.0,T07_S6,33.3,4,5
YouTube::@mariaedithrangelreyes4273,YouTube,1,4,T09,25.0,T09_S1,25.0,4,4
YouTube::@mariaelenagovea5709,YouTube,1,2,T13,50.0,T13_S1,50.0,2,2
YouTube::@mariaeugeniabrena,YouTube,1,8,T07,25.0,T00_S1,25.0,5,7
YouTube::@mariafernandezortiz9753,YouTube,1,2,T12,50.0,T12_S2,50.0,2,2
YouTube::@mariaflorinaguanajuato8999,YouTube,1,6,T17,16.7,T17_S2,16.7,6,5
YouTube::@mariaguadalupemontes2624,YouTube,1,2,T20,50.0,T20_S0,50.0,2,1
YouTube::@mariahstjhon8714,YouTube,2,1,T05,100.0,T05_S2,100.0,1,1
YouTube::@marianacabrera1486,YouTube,2,11,T17,27.3,T03_S0,18.2,7,7
YouTube::@marianamontalvo7530,YouTube,2,60,T00,20.0,T13_S1,10.0,19,28
YouTube::@mariaolmos3345,YouTube,1,3,T00,66.7,T00_S1,66.7,2,2
YouTube::@mariasalinas6298,YouTube,1,5,T15,40.0,T15_S0,40.0,3,3
YouTube::@mariateresarosas3268,YouTube,1,22,T25,18.2,T25_S2,18.2,10,12
YouTube::@maribelramirez5590,YouTube,1,3,T00,33.3,T11_S1,33.3,3,2
YouTube::@maricruzquijas,YouTube,1,0,,0.0,,0.0,0,0
YouTube::@marielaromero9787,YouTube,1,4,T00,50.0,T07_S5,25.0,3,2
YouTube::@mariest-johndelacroix2505,YouTube,1,3,T10,66.7,T10_S3,33.3,2,1
YouTube::@mariluroman5709,YouTube,2,13,T00,23.1,T17_S2,15.4,10,10
YouTube::@marinaperez8785,YouTube,1,0,,0.0,,0.0,0,0
YouTube::@marioalbertolopezsegura9555,YouTube,1,0,,0.0,,0.0,0,0
YouTube::@marioalmazan2906,YouTube,1,3,T12,33.3,T12_S2,33.3,3,3
YouTube::@marita6697,YouTube,1,0,,0.0,,0.0,0,0
YouTube::@marleneherediahidalgo8847,YouTube,1,0,,0.0,,0.0,0,0
YouTube::@marthaflores3364,YouTube,1,0,,0.0,,0.0,0,0
YouTube::@martharaquelramirezcelesti1660,YouTube,1,9,T07,33.3,T07_S1,22.2,7,8
YouTube::@marthaverduzco8467,YouTube,2,14,T00,21.4,T15_S3,14.3,11,11
YouTube::@marthazamora3156,YouTube,1,3,T07,66.7,T07_S1,66.7,2,2
YouTube::@martinarios1353,YouTube,1,1,T07,100.0,T07_S1,100.0,1,1
YouTube::@martinfierro9707,YouTube,1,2,T17,50.0,T10_S3,50.0,2,1
YouTube::@maruperez5931,YouTube,1,1,T07,100.0,T07_S1,100.0,1,1
YouTube::@marytejeda533,YouTube,2,2,T07,100.0,T07_S1,100.0,1,1
YouTube::@mauriciovaldes9007,YouTube,1,0,,0.0,,0.0,0,0
YouTube::@maximusmixed,YouTube,1,3,T20,33.3,T20_S2,33.3,3,3
YouTube::@mayrasugeymarnavarro3768,YouTube,1,1,T24,100.0,T24_S0,100.0,1,1
YouTube::@mex4cegarcia948,YouTube,1,5,T07,40.0,T07_S6,40.0,4,3
YouTube::@miatomberry1423,YouTube,1,1,T07,100.0,T07_S7,100.0,1,1
YouTube::@milk-u9u,YouTube,1,1,T12,100.0,T12_S2,100.0,1,1
YouTube::@miriammartinez4530,YouTube,1,16,T07,37.5,T11_S0,12.5,9,12
YouTube::@misaelalonso2382,YouTube,1,10,T07,50.0,T07_S6,30.0,5,7
YouTube::@miss.mely28,YouTube,1,3,T00,66.7,T07_S1,33.3,2,1
YouTube::@moncerratssancheznieto2125,YouTube,1,2,T12,50.0,T12_S2,50.0,2,2
YouTube::@montserratlozano3710,YouTube,1,2,T07,50.0,T07_S1,50.0,2,2
YouTube::@moritamora167,YouTube,1,6,T00,33.3,T00_S1,33.3,5,5
YouTube::@mrjv173,YouTube,1,1,T00,100.0,T00_S2,100.0,1,1
YouTube::@mufasawapa7310,YouTube,1,3,T22,33.3,T22_S0,33.3,3,3
YouTube::@mundomagicodekate,YouTube,1,3,T24,33.3,T24_S2,33.3,3,3
YouTube::@myriamjannethtapiaamezcua2141,YouTube,1,37,T15,13.5,T17_S2,8.1,15,21
YouTube::@mzaleta7850,YouTube,1,5,T00,40.0,T11_S4,20.0,4,3
YouTube::@nancycemeterygirl5176,YouTube,1,4,T07,25.0,T07_S7,25.0,4,4
YouTube::@nataliacastaneda2758,YouTube,1,7,T10,28.6,T10_S0,28.6,5,4
YouTube::@nenadelgado2117,YouTube,2,4,T00,50.0,T00_S1,50.0,3,3
YouTube::@nicoSaucedoEsparza,YouTube,3,10,T10,50.0,T10_S0,50.0,4,5
YouTube::@nicolasalbarran421,YouTube,1,2,T03,100.0,T03_S1,100.0,1,1
YouTube::@ninamoonlight4897,YouTube,1,10,T00,20.0,T18_S0,10.0,8,9
YouTube::@noeliagonzalez6639,YouTube,1,7,T10,28.6,T10_S4,28.6,5,5
YouTube::@normal1665,YouTube,1,1,T24,100.0,T24_S2,100.0,1,1
YouTube::@normandgarza1260,YouTube,1,3,T14,33.3,T14_S2,33.3,3,3
YouTube::@nubygp7839,YouTube,1,4,T07,25.0,T07_S5,25.0,4,4
YouTube::@olgasantos315,YouTube,1,1,T15,100.0,,0.0,1,0
YouTube::@omaralmada5849,YouTube,1,7,T07,28.6,T02_S0,14.3,6,5
YouTube::@ootilootil9062,YouTube,2,11,T07,36.4,T07_S1,27.3,7,8
YouTube::@orlandohernansacacajancko4624,YouTube,1,0,,0.0,,0.0,0,0
YouTube::@oscarhoracioc.n7726,YouTube,1,2,T17,50.0,T17_S2,50.0,2,2
YouTube::@oscarhuerta3637,YouTube,1,9,T07,33.3,T20_S0,22.2,5,7
YouTube::@oscarneri2647,YouTube,1,0,,0.0,,0.0,0,0
YouTube::@p.m7910,YouTube,2,8,T00,25.0,T13_S1,12.5,7,7
YouTube::@pablobaltodano1982,YouTube,1,1,T07,100.0,T07_S1,100.0,1,1
YouTube::@pacotorreando,YouTube,1,4,T11,25.0,T11_S0,25.0,4,4
YouTube::@pammatie3494,YouTube,1,3,T07,33.3,T07_S7,33.3,3,2
YouTube::@panchovilla1135,YouTube,1,1,T00,100.0,,0.0,1,0
YouTube::@paolabeltrans,YouTube,1,3,T00,33.3,T07_S3,33.3,3,2
YouTube::@paolac.7266,YouTube,1,7,T07,57.1,T15_S3,14.3,4,7
YouTube::@paolarodas7417,YouTube,1,0,,0.0,,0.0,0,0
YouTube::@paolocesareograneto5777,YouTube,1,2,T20,50.0,T20_S0,50.0,2,2
YouTube::@pastelito33,YouTube,1,3,T07,66.7,T07_S2,66.7,2,1
YouTube::@patriciaponce3989,YouTube,1,10,T07,30.0,T07_S5,30.0,6,6
YouTube::@pattoronto8594,YouTube,1,7,T07,42.9,T07_S6,28.6,4,5
YouTube::@pilardavalos1176,YouTube,1,2,T00,50.0,T11_S4,50.0,2,1
YouTube::@pilarflores9869,YouTube,1,4,T10,25.0,T07_S5,25.0,4,3
YouTube::@pilargomez5520,YouTube,1,9,T25,22.2,T25_S2,22.2,7,6
YouTube::@piranaazul,YouTube,1,3,T07,33.3,T07_S1,33.3,3,3
YouTube::@portoneseconomicoscdjuarez1848,YouTube,1,1,T07,100.0,T07_S1,100.0,1,1
YouTube::@pradakaran4013,YouTube,1,1,T11,100.0,T11_S0,100.0,1,1
YouTube::@psicolandia5027,YouTube,1,2,T22,50.0,T22_S0,50.0,2,2
YouTube::@puchaine_89,YouTube,1,9,T07,22.2,T10_S0,11.1,8,8
YouTube::@rafaraflex2305,YouTube,2,0,,0.0,,0.0,0,0
YouTube::@ramirezpcmusica,YouTube,1,14,T10,28.6,T00_S2,7.1,9,11
YouTube::@rauldorantesloeza3694,YouTube,1,5,T07,40.0,T07_S7,40.0,4,4
YouTube::@rayon67689,YouTube,1,1,T24,100.0,T24_S3,100.0,1,1
YouTube::@rebecaLM4318,YouTube,2,15,T07,53.3,T07_S3,33.3,7,10
YouTube::@rebecarodriguez8849,YouTube,1,3,T14,33.3,T14_S0,33.3,3,3
YouTube::@renevalencia2260,YouTube,2,5,T07,40.0,T07_S2,20.0,4,4
YouTube::@repa77777,YouTube,2,2,T15,50.0,T15_S1,50.0,2,2
YouTube::@researchera1654,YouTube,1,0,,0.0,,0.0,0,0
YouTube::@reymicroc,YouTube,1,1,T20,100.0,T20_S0,100.0,1,1
YouTube::@reynaacevedojuana2852,YouTube,1,5,T11,20.0,T11_S4,20.0,5,4
YouTube::@reystarkbanner207,YouTube,1,4,T02,50.0,T02_S0,50.0,3,3
YouTube::@rgdoozim71,YouTube,1,1,T18,100.0,T18_S1,100.0,1,1
YouTube::@ricardoarchivaldo5144,YouTube,1,4,T10,25.0,T10_S3,25.0,4,4
YouTube::@ritavillarreal4356,YouTube,1,1,T09,100.0,T09_S4,100.0,1,1
YouTube::@rocioa6081,YouTube,1,0,,0.0,,0.0,0,0
YouTube::@rociotrabanco854,YouTube,1,4,T20,50.0,T20_S0,50.0,3,3
YouTube::@rodolforosales8347,YouTube,1,1,T10,100.0,T10_S3,100.0,1,1
YouTube::@rogeliolopez5651,YouTube,1,0,,0.0,,0.0,0,0
YouTube::@rojoazul1687,YouTube,1,9,T07,44.4,T11_S4,22.2,5,7
YouTube::@rosaanahernandezgalan1961,YouTube,1,3,T21,33.3,T21_S1,33.3,3,3
YouTube::@rosadelcarmen2947,YouTube,1,1,T10,100.0,T10_S1,100.0,1,1
YouTube::@rosalbacastellanos3845,YouTube,1,12,T09,25.0,T09_S1,16.7,8,9
YouTube::@rosalbamendoza6326,YouTube,1,1,T07,100.0,T07_S7,100.0,1,1
YouTube::@rosslo5340,YouTube,1,2,T07,50.0,T07_S1,50.0,2,2
YouTube::@rubenmendez5538,YouTube,2,4,T05,25.0,T05_S0,25.0,4,4
YouTube::@ruthgomez3960,YouTube,2,3,T17,33.3,T17_S2,33.3,3,3
YouTube::@salas254,YouTube,1,2,T09,50.0,T09_S4,50.0,2,2
YouTube::@samiamendoza2332,YouTube,1,9,T00,22.2,T00_S1,22.2,7,7
YouTube::@sandraramones3863,YouTube,1,6,T20,33.3,T20_S0,33.3,5,5
YouTube::@saraibanezcastillo6090,YouTube,1,5,T11,20.0,T11_S4,20.0,5,5
YouTube::@saullunajr1219,YouTube,1,5,T24,40.0,T07_S2,20.0,4,5
YouTube::@sbg-r2c,YouTube,2,7,T07,28.6,T25_S0,14.3,6,7
YouTube::@seberusscumplido6963,YouTube,1,1,T07,100.0,T07_S5,100.0,1,1
YouTube::@seferinaxd4138,YouTube,1,2,T20,50.0,T20_S0,50.0,2,2
YouTube::@selesel681,YouTube,1,2,T24,50.0,T24_S2,50.0,2,2
YouTube::@señor-minuto,YouTube,1,0,,0.0,,0.0,0,0
YouTube::@shalom7732,YouTube,1,6,T07,16.7,T07_S3,16.7,6,6
YouTube::@shinok938,YouTube,1,3,T07,100.0,T07_S2,66.7,1,2
YouTube::@silgs8038,YouTube,1,1,T13,100.0,T13_S1,100.0,1,1
YouTube::@silviasilvia2684,YouTube,1,5,T17,20.0,T17_S2,20.0,5,5
YouTube::@soniae6029,YouTube,1,1,T07,100.0,T07_S5,100.0,1,1
YouTube::@soniaperales540,YouTube,1,4,T14,25.0,T14_S0,25.0,4,4
YouTube::@spicysith9627,YouTube,1,6,T23,33.3,T09_S1,16.7,5,4
YouTube::@ssoyluz20,YouTube,1,18,T21,16.7,T21_S1,11.1,12,15
YouTube::@storres1368,YouTube,1,0,,0.0,,0.0,0,0
YouTube::@superspeeddraw,YouTube,1,0,,0.0,,0.0,0,0
YouTube::@susanaedithguzmanjuarez774,YouTube,1,2,T25,50.0,T25_S2,50.0,2,2
YouTube::@tatianagarcia6278-b5o,YouTube,1,2,T07,50.0,T07_S1,50.0,2,2
YouTube::@teculeo_,YouTube,1,10,T20,20.0,T01_S3,10.0,8,8
YouTube::@teresacastillo1099,YouTube,1,2,T12,50.0,T12_S0,50.0,2,2
YouTube::@teresitacancela7956,YouTube,1,7,T07,28.6,T07_S6,14.3,6,7
YouTube::@thefrankkogames2868,YouTube,1,0,,0.0,,0.0,0,0
YouTube::@thepantherpink7142,YouTube,1,5,T11,20.0,T11_S4,20.0,5,4
YouTube::@toctocgreen,YouTube,1,7,T17,42.9,T17_S2,42.9,5,5
YouTube::@toursequilibrium1427,YouTube,1,1,T11,100.0,T11_S0,100.0,1,1
YouTube::@universalanillodfuego5765,YouTube,1,2,T20,50.0,T20_S0,50.0,2,2
YouTube::@unvatoenmoto5988,YouTube,1,1,T24,100.0,T24_S0,100.0,1,1
YouTube::@user-bv9sz8ls6t,YouTube,1,1,T13,100.0,T13_S1,100.0,1,1
YouTube::@user-qy3my1bp4w,YouTube,1,4,T20,25.0,T20_S0,25.0,4,4
YouTube::@user-sd7qn6of7n,YouTube,1,1,T22,100.0,T22_S1,100.0,1,1
YouTube::@vaci5358,YouTube,1,3,T17,33.3,T17_S2,33.3,3,2
YouTube::@vainillaantares1741,YouTube,1,2,T13,50.0,T13_S1,50.0,2,2
YouTube::@valentinaanselmocuellar354,YouTube,1,0,,0.0,,0.0,0,0
YouTube::@valentinasanchezsierra869,YouTube,2,7,T14,28.6,T14_S0,28.6,4,4
YouTube::@valeriabecerra1682,YouTube,1,0,,0.0,,0.0,0,0
YouTube::@veronicacopal8166,YouTube,1,11,T07,36.4,T07_S5,18.2,6,9
YouTube::@veronicamorales2894,YouTube,1,6,T01,16.7,T01_S2,16.7,6,6
YouTube::@vianeyd713,YouTube,1,4,T17,25.0,T17_S2,25.0,4,4
YouTube::@victoralfonsosoto6634,YouTube,1,1,T20,100.0,T20_S0,100.0,1,1
YouTube::@victoralmazan3733,YouTube,1,2,T07,50.0,T07_S3,50.0,2,2
YouTube::@victorcastro-le3mb,YouTube,2,4,T24,50.0,T24_S1,25.0,3,4
YouTube::@viollet-vg,YouTube,1,4,T07,25.0,T07_S6,25.0,4,4
YouTube::@virginiaayala5358,YouTube,4,4,T07,50.0,T07_S6,25.0,3,4
YouTube::@virgo8736,YouTube,1,3,T13,33.3,T13_S0,33.3,3,3
YouTube::@weirdscience-s3l,YouTube,1,0,,0.0,,0.0,0,0
YouTube::@wendygonzalez4896,YouTube,2,1,T00,100.0,T00_S1,100.0,1,1
YouTube::@willygarces9181,YouTube,1,2,T00,50.0,T00_S1,50.0,2,2
YouTube::@xXGRYMMXx97,YouTube,1,9,T07,22.2,T04_S1,11.1,8,7
YouTube::@xavierzuniga6610,YouTube,1,5,T07,60.0,T07_S2,20.0,3,5
YouTube::@xena7857,YouTube,1,11,T12,18.2,T12_S0,18.2,8,7
YouTube::@yadiraalvarez7220,YouTube,1,3,T07,33.3,T07_S2,33.3,3,2
YouTube::@ycml5388,YouTube,1,3,T10,33.3,T10_S0,33.3,3,3
YouTube::@yeseniasegundo2659,YouTube,1,2,T01,100.0,T01_S2,50.0,1,2
YouTube::@yherrera7040,YouTube,2,7,T07,28.6,T10_S0,28.6,5,5
YouTube::@yogag4413,YouTube,1,3,T09,33.3,T09_S2,33.3,3,3
YouTube::@yolandamurillo4369,YouTube,1,0,,0.0,,0.0,0,0
YouTube::@yumasterperez2730,YouTube,1,4,T11,25.0,T11_S0,25.0,4,4
YouTube::@yves21,YouTube,2,3,T08,33.3,T08_S1,33.3,3,3
YouTube::@zenaidacastillo5422,YouTube,1,3,T07,66.7,T07_S1,66.7,2,2
YouTube::@ziraortsac6815,YouTube,1,4,T14,50.0,T14_S2,50.0,3,3
YouTube::@zitlallidelrio1567,YouTube,1,5,T12,40.0,T24_S2,20.0,4,4
YouTube::@zoilaaltamirano23,YouTube,1,2,T25,50.0,T25_S2,50.0,2,2
