de_tema,a_tema,termino_interno,termino_externo,weight
0,1,camara,contar,4
0,1,hijo,vivir,3
0,1,nino,tampicotecuida,3
0,2,nino,tampico,8
0,2,nina,tampico,6
0,2,pais,tampico,5
0,3,derecho,mexico,3
0,3,pais,mexico,3
0,3,pais,cuyo,2
0,4,pais,nacional,5
0,4,pais,tamaulipas,4
0,4,camara,nacional,4
0,5,pais,visitante,3
0,5,pais,formar,2
0,6,investigar,ruffo,5
0,6,camara,industria,4
0,6,investigar,empresa,4
0,7,hijo,pasar,8
0,7,pais,justicia,6
0,7,investigar,justicia,6
0,8,camara,zona,3
0,8,pais,politico,3
0,8,delegacion,zona,3
0,9,nina,marina,6
0,9,pais,mundo,5
0,9,cosa,dejar,4
0,10,nino,menor,5
0,10,nina,madre,5
0,10,nino,militar,4
0,11,nina,ano,5
0,11,nino,ano,5
0,11,pais,ano,3
0,12,pais,recibir,4
0,12,camara,pedir,4
0,12,nina,militarizado,3
0,13,mujer,hombre,5
0,13,investigar,deber,5
0,13,hijo,deber,5
0,14,pais,millon,6
0,14,camara,proyecto,4
0,14,investigar,federal,3
0,15,nina,caso,5
0,15,nino,familia,4
0,15,nina,familia,4
0,16,nina,servicio,3
0,17,muerto,persona,4
0,17,camara,publico,4
0,17,nina,inmediato,4
0,18,nina,seguir,5
0,20,investigar,escuela,9
0,20,nina,escuela,6
0,20,hijo,escuela,6
0,21,nino,vacacion,4
0,21,camara,entregar,4
0,21,hijo,plantel,3
0,22,hijo,llamado,3
0,23,pais,exposicion,5
0,23,pais,bodies,3
0,23,hijo,dia,3
0,24,muerto,muerte,3
0,24,investigar,muerte,3
0,24,mujer,academia,3
0,25,cosa,quedar,3
0,25,hijo,casa,3
1,0,contar,camara,4
1,0,vivir,hijo,3
1,0,tampicotecuida,nino,3
1,2,experiencia,tampico,11
1,2,vivir,tampico,9
1,2,unico,tampico,9
1,3,historia,mexico,3
1,3,contar,detener,3
1,3,vivir,mexico,2
1,4,contar,tamaulipas,4
1,4,social,sur,3
1,4,contar,sur,3
1,5,experiencia,visitante,3
1,5,privado,desarrollar,3
1,5,tampicotecuida,deporte,3
1,6,social,red,10
1,6,contar,ruffo,5
1,6,contar,ernesto,4
1,7,afirmar,fiscalia,4
1,7,agosto,edad,3
1,7,afirmar,justicia,3
1,9,experiencia,mundo,4
1,9,experiencia,cuerpo,4
1,9,vivir,dejar,3
1,10,cultura,salud,4
1,10,experiencia,salud,4
1,10,social,presunto,3
1,11,agosto,ano,14
1,11,domingo,internacional,3
1,11,unico,internacional,3
1,12,historia,ciudad,5
1,12,experiencia,ciudad,4
1,12,experiencia,dafne,3
1,13,contar,gobierno,3
1,13,social,gobierno,3
1,13,tampicotecuida,cercano,3
1,14,social,proyecto,3
1,14,privado,proyecto,3
1,14,social,federal,3
1,15,experiencia,familia,4
1,15,vivir,familia,4
1,15,agosto,joven,3
1,16,social,programa,3
1,16,experiencia,villarreal,3
1,17,tampicotecuida,excelente,5
1,17,tampicotecuida,persona,4
1,17,contar,unidad,3
1,18,contar,afiliado,3
1,20,agosto,ninos,9
1,20,agosto,verano,5
1,20,tampicotecuida,verano,4
1,21,experiencia,direccion,3
1,23,experiencia,exposicion,9
1,23,jaiba,gratuito,8
1,23,unico,exposicion,6
1,24,contar,seguridad,3
1,24,vivir,academia,3
1,25,cultura,libertad,3
2,0,tampico,nino,8
2,0,tampico,nina,6
2,0,tampico,pais,5
2,1,tampico,experiencia,11
2,1,tampico,vivir,9
2,1,tampico,unico,9
2,3,tampico,pesos,7
2,3,tampico,paz,5
2,4,tampico,tamaulipas,18
2,4,julio,tamaulipas,12
2,4,tampico,nacional,5
2,5,tampico,desarrollo,9
2,5,tampico,limpieza,9
2,5,tampico,municipal,8
2,6,julio,baja,5
2,8,tampico,ayuntamiento,8
2,8,tampico,municipio,5
2,8,julio,temperatura,5
2,9,tampico,recurso,9
2,9,tampico,hora,7
2,9,tampico,cuerpo,6
2,10,tampico,exigir,6
2,10,tampico,presentar,5
2,10,tampico,salud,5
2,11,tampico,ano,13
2,11,tampico,internacional,12
2,11,tampico,oportunidad,7
2,12,tampico,ciudad,20
2,12,julio,dafne,9
2,12,tampico,evento,8
2,13,tampico,obra,15
2,13,tampico,agua,6
2,13,tampico,gobierno,5
2,14,tampico,proyecto,10
2,14,tampico,construir,9
2,14,tampico,millon,7
2,15,tampico,familia,11
2,15,tampico,caso,8
2,15,julio,localsabado,6
2,16,tampico,monica,16
2,16,tampico,villarreal,15
2,16,tampico,prevencion,11
2,17,tampico,autoridad,9
2,17,tampico,labor,8
2,17,tampico,asegurar,8
2,18,tampico,seguir,18
2,18,tampico,inversion,6
2,18,espacio,seguir,5
2,20,tampico,escuela,16
2,20,tampico,verano,9
2,20,tampico,presidenta,5
2,21,tampico,vacacion,9
2,21,tampico,escolar,6
2,21,tampico,sector,5
2,22,tampico,registrar,8
2,22,tampico,vida,7
2,22,tampico,nivel,4
2,23,tampico,exposicion,24
2,23,tampico,gratuito,19
2,23,tampico,dia,13
2,24,tampico,madero,17
2,24,tampico,muerte,11
2,24,tampico,academia,8
2,25,editorial,columna,8
3,0,mexico,derecho,3
3,0,mexico,pais,3
3,0,cuyo,pais,2
3,1,mexico,historia,3
3,1,detener,contar,3
3,1,mexico,vivir,2
3,2,pesos,tampico,7
3,2,paz,tampico,5
3,2,costo,espacio,3
3,4,mexico,tamaulipas,6
3,4,acuerdo,tamaulipas,5
3,4,mexico,partido,5
3,5,pesos,municipal,4
3,5,pesos,desarrollo,4
3,5,mexico,deporte,3
3,6,delincuencia,ruffo,7
3,6,organizado,ruffo,7
3,6,delincuencia,baja,6
3,7,organizado,institucion,3
3,7,acuerdo,institucion,3
3,7,detener,caer,3
3,8,senalar,maximo,4
3,8,senalar,proceso,3
3,8,cierre,zona,2
3,9,mexico,marina,4
3,9,mexico,mundo,4
3,9,ciento,dejar,3
3,10,senalar,medico,6
3,10,acuerdo,presunto,5
3,10,acuerdo,actividad,3
3,11,mexico,ano,6
3,11,paz,ano,3
3,11,costo,ano,3
3,12,pesos,ciudad,5
3,12,organizado,ciudad,4
3,12,acuerdo,ciudad,3
3,13,pesos,gobierno,6
3,13,pesos,obra,5
3,13,acuerdo,agua,3
3,14,pesos,millon,18
3,14,pesos,sumar,4
3,14,ciento,proyecto,4
3,15,acuerdo,ocurrir,5
3,15,delincuencia,delito,4
3,15,organizado,delito,4
3,16,pesos,servicio,6
3,16,pesos,programa,4
3,16,pesos,fortalecer,2
3,17,costo,persona,5
3,17,acuerdo,entidad,3
3,17,ciento,lograr,3
3,18,pesos,inversion,7
3,18,pesos,seguir,4
3,18,pesos,publica,4
3,20,cierre,metro,2
3,20,cuyo,estatal,2
3,21,obtener,respuesta,3
3,21,paz,vacacion,2
3,22,promedio,nivel,4
3,22,acuerdo,vida,3
3,22,perdida,accidente,3
3,23,acuerdo,dia,4
3,23,obtener,gratuito,3
3,23,mexico,forma,2
3,24,acuerdo,seguridad,4
3,25,acuerdo,proteccion,3
4,0,nacional,pais,5
4,0,tamaulipas,pais,4
4,0,nacional,camara,4
4,1,tamaulipas,contar,4
4,2,tamaulipas,tampico,18
4,2,tamaulipas,julio,12
4,2,nacional,tampico,5
4,3,tamaulipas,mexico,6
4,3,tamaulipas,acuerdo,5
4,3,partido,mexico,5
4,5,sur,formar,5
4,5,tamaulipas,manana,4
4,5,tamaulipas,concluir,3
4,6,tamaulipas,solicitar,6
4,6,tamaulipas,baja,4
4,6,nacional,california,4
4,7,tamaulipas,justicia,5
4,7,tamaulipas,fiscalia,5
4,7,tamaulipas,hija,4
4,8,tamaulipas,zona,16
4,8,tamaulipas,temperatura,11
4,8,sur,zona,8
4,9,tamaulipas,hora,10
4,9,tamaulipas,dejar,6
4,9,tamaulipas,continuar,6
4,10,tamaulipas,actividad,7
4,10,tamaulipas,menor,5
4,10,sur,presunto,4
4,11,tamaulipas,ano,9
4,11,tamaulipas,economico,8
4,11,nacional,ano,5
4,12,tamaulipas,ciudad,11
4,12,tamaulipas,dafne,8
4,12,nacional,evento,4
4,13,tamaulipas,gobierno,7
4,13,sur,obra,6
4,13,tamaulipas,obra,5
4,14,tamaulipas,region,6
4,14,tamaulipas,sumar,5
4,14,tamaulipas,laredo,5
4,15,tamaulipas,familia,11
4,15,tamaulipas,ocurrir,4
4,15,tamaulipas,caso,4
4,16,tamaulipas,jornada,5
4,16,tamaulipas,villarreal,3
4,17,tamaulipas,lograr,8
4,17,tamaulipas,resultado,7
4,17,tamaulipas,entidad,7
4,18,tamaulipas,seguir,5
4,18,tamaulipas,inversion,4
4,18,tamaulipas,afiliado,3
4,20,tamaulipas,escuela,8
4,20,tamaulipas,presidenta,3
4,21,tamaulipas,principal,5
4,21,tamaulipas,riesgo,4
4,21,tamaulipas,presidente,3
4,22,nacional,nivel,10
4,22,tamaulipas,nivel,9
4,22,sur,nivel,6
4,23,tamaulipas,compartir,5
4,23,tamaulipas,dia,5
4,24,tamaulipas,doenitz,10
4,24,tamaulipas,academia,9
4,24,tamaulipas,madero,9
4,25,civil,proteccion,11
4,25,tamaulipas,proteccion,4
4,25,tamaulipas,fuerte,4
5,0,visitante,pais,3
5,1,visitante,experiencia,3
5,1,desarrollar,privado,3
5,1,deporte,tampicotecuida,3
5,2,desarrollo,tampico,9
5,2,limpieza,tampico,9
5,2,municipal,tampico,8
5,3,municipal,pesos,4
5,3,desarrollo,pesos,4
5,3,deporte,mexico,3
5,4,formar,sur,5
5,4,manana,tamaulipas,4
5,4,concluir,tamaulipas,3
5,6,desarrollar,empresa,4
5,6,limpieza,grande,4
5,6,municipal,grande,3
5,7,viernes,hija,3
5,8,municipal,atencion,3
5,9,limpieza,calle,4
5,9,desarrollo,reflejar,3
5,9,visitante,mundo,3
5,10,cuidar,salud,7
5,10,viernes,militar,4
5,10,manana,militar,3
5,11,desarrollo,economico,5
5,11,limpieza,entorno,5
5,11,desarrollo,impulsar,4
5,12,desarrollo,ciudad,5
5,12,carmen,ciudad,4
5,12,viernes,ciudad,4
5,13,municipal,gobierno,8
5,13,rio,pescador,4
5,13,formar,obra,4
5,14,carmen,laredo,7
5,14,municipal,millon,4
5,14,desarrollo,millon,4
5,15,manana,familia,4
5,15,gracias,familia,3
5,15,rio,ocurrir,3
5,16,municipal,monica,7
5,16,municipal,villarreal,7
5,16,limpieza,jornada,7
5,17,limpieza,colonia,7
5,17,carmen,alcaldesa,5
5,17,gracias,colonia,4
5,18,desarrollo,inversion,4
5,18,desarrollo,seguir,4
5,18,municipal,inversion,3
5,20,municipal,presidenta,7
5,20,municipal,verano,4
5,20,gracias,escuela,3
5,21,desarrollo,sector,3
5,22,manana,ingresar,3
5,23,visitante,exposicion,4
5,23,formar,descubrir,3
5,23,cuidar,exposicion,3
5,24,carmen,madero,6
5,24,gracias,madero,4
5,24,desarrollo,madero,4
5,25,municipal,proteccion,3
6,0,ruffo,investigar,5
6,0,industria,camara,4
6,0,empresa,investigar,4
6,1,red,social,10
6,1,ruffo,contar,5
6,1,ernesto,contar,4
6,2,baja,julio,5
6,2,empresa,julio,4
6,2,california,julio,4
6,3,ruffo,delincuencia,7
6,3,ruffo,organizado,7
6,3,baja,delincuencia,6
6,4,solicitar,tamaulipas,6
6,4,baja,tamaulipas,4
6,4,california,nacional,4
6,5,empresa,desarrollar,4
6,5,grande,limpieza,4
6,7,republica,fiscalia,4
6,7,ernesto,fiscalia,3
6,7,ruffo,fiscalia,3
6,8,empresa,municipio,3
6,9,empresa,participacion,5
6,9,huachicol,marina,4
6,10,ruffo,presunto,5
6,10,relacionado,presunto,4
6,10,exgobernador,presunto,4
6,11,empresa,pequeno,4
6,11,empresa,impulsar,3
6,11,industria,directivo,3
6,12,red,pedir,3
6,12,empresa,pedir,3
6,13,solicitar,gobierno,4
6,13,empresa,obra,3
6,13,ernesto,tarde,3
6,14,republica,general,4
6,14,empresa,millon,4
6,14,huachicol,millon,4
6,15,ernesto,delito,7
6,15,ruffo,delito,7
6,15,baja,delito,6
6,17,combustible,lograr,5
6,17,empresa,unidad,4
6,17,alto,investigacion,4
6,18,solicitar,seguir,3
6,22,california,nivel,5
6,22,baja,nivel,4
6,22,combustible,registrar,3
6,25,california,responsabilidad,3
6,25,alto,responsabilidad,3
7,0,pasar,hijo,8
7,0,justicia,pais,6
7,0,justicia,investigar,6
7,1,fiscalia,afirmar,4
7,1,edad,agosto,3
7,1,justicia,afirmar,3
7,2,fiscalia,tampico,4
7,2,adolescente,tampico,3
7,2,edad,tampico,3
7,3,institucion,organizado,3
7,3,institucion,acuerdo,3
7,3,caer,detener,3
7,4,justicia,tamaulipas,5
7,4,fiscalia,tamaulipas,5
7,4,hija,tamaulipas,4
7,5,hija,viernes,3
7,6,fiscalia,republica,4
7,6,fiscalia,ernesto,3
7,6,fiscalia,ruffo,3
7,9,justicia,marina,4
7,9,pasar,marina,4
7,9,mama,marina,3
7,10,hija,madre,6
7,10,campamento,militar,6
7,10,edad,madre,6
7,11,campamento,ano,6
7,11,justicia,ano,6
7,11,mal,entender,5
7,12,justicia,dafne,13
7,12,morir,dafne,9
7,12,justicia,ciudad,7
7,13,querer,deber,6
7,13,justicia,deber,4
7,14,fiscalia,general,10
7,14,justicia,general,5
7,15,justicia,caso,8
7,15,justicia,familia,8
7,15,pasar,familia,6
7,16,mama,prevencion,4
7,17,curso,padre,6
7,17,fiscalia,investigacion,5
7,17,fiscalia,resultado,4
7,18,mama,seguir,5
7,18,pasar,seguir,4
7,18,ojala,seguir,4
7,20,hija,escuela,10
7,20,campamento,verano,6
7,20,curso,verano,6
7,21,fiscalia,respuesta,3
7,21,curso,plantel,3
7,23,hija,llegar,4
7,23,hija,noche,3
7,23,caer,llegar,3
7,24,justicia,madero,6
7,24,hija,madero,6
7,24,justicia,muerte,6
7,25,curso,casa,7
7,25,fiscalia,responsabilidad,4
7,25,ojala,casa,4
8,0,zona,camara,3
8,0,politico,pais,3
8,0,zona,delegacion,3
8,2,ayuntamiento,tampico,8
8,2,municipio,tampico,5
8,2,temperatura,julio,5
8,3,maximo,senalar,4
8,3,proceso,senalar,3
8,3,zona,cierre,2
8,4,zona,tamaulipas,16
8,4,temperatura,tamaulipas,11
8,4,zona,sur,8
8,5,atencion,municipal,3
8,5,municipio,municipal,2
8,6,municipio,empresa,3
8,6,temperatura,alto,3
8,6,maximo,alto,3
8,9,temperatura,hora,6
8,9,temperatura,continuar,4
8,9,falta,dejar,3
8,10,atencion,medico,5
8,11,temperatura,posibilidad,5
8,11,politico,ano,4
8,11,maximo,posibilidad,4
8,12,municipio,ciudad,4
8,12,ayuntamiento,pedir,3
8,12,ayuntamiento,ciudad,3
8,13,grado,cercano,6
8,13,maximo,cercano,5
8,13,zona,tarde,4
8,14,temperatura,esperar,9
8,14,maximo,laredo,8
8,14,maximo,esperar,6
8,15,falta,familia,4
8,15,apoyo,caso,3
8,15,atencion,joven,2
8,16,municipio,fortalecer,3
8,16,ayuntamiento,prevencion,2
8,17,grado,entidad,5
8,17,zona,entidad,4
8,17,temperatura,entidad,4
8,18,zona,seguir,3
8,18,municipio,seguir,2
8,20,zona,fuerza,3
8,20,ayuntamiento,escuela,2
8,21,zona,principal,3
8,21,ayuntamiento,vacacion,2
8,22,maximo,registrar,4
8,22,zona,area,3
8,22,temperatura,registrar,3
8,23,atencion,noche,3
8,23,zona,llegar,3
8,23,zona,forma,2
8,24,zona,academia,4
8,24,zona,seguridad,3
8,25,temperatura,fuerte,3
9,0,marina,nina,6
9,0,mundo,pais,5
9,0,dejar,cosa,4
9,1,mundo,experiencia,4
9,1,cuerpo,experiencia,4
9,1,dejar,vivir,3
9,2,recurso,tampico,9
9,2,hora,tampico,7
9,2,cuerpo,tampico,6
9,3,marina,mexico,4
9,3,mundo,mexico,4
9,3,dejar,ciento,3
9,4,hora,tamaulipas,10
9,4,dejar,tamaulipas,6
9,4,continuar,tamaulipas,6
9,5,calle,limpieza,4
9,5,reflejar,desarrollo,3
9,5,mundo,visitante,3
9,6,participacion,empresa,5
9,6,marina,huachicol,4
9,6,marina,fiscal,3
9,7,marina,justicia,4
9,7,marina,pasar,4
9,7,marina,mama,3
9,8,hora,temperatura,6
9,8,continuar,temperatura,4
9,8,dejar,falta,3
9,10,marina,menor,5
9,10,conocimiento,salud,4
9,10,marina,militar,3
9,11,participacion,abrir,4
9,11,operar,ano,4
9,11,participacion,ayudar,3
9,12,marina,luis,5
9,12,participacion,pedir,5
9,12,marina,dafne,4
9,13,recurso,obra,5
9,13,recurso,pendiente,3
9,13,recurso,agua,3
9,14,continuar,comunidad,2
9,14,continuar,centro,2
9,15,clase,familia,5
9,15,dejar,ocurrir,5
9,15,marina,familia,5
9,16,invitar,extraordinario,3
9,16,continuar,monica,2
9,16,continuar,villarreal,2
9,17,participacion,autoridad,4
9,17,dejar,persona,3
9,17,marina,investigacion,3
9,18,recurso,inversion,3
9,18,participacion,situacion,3
9,18,puerto,seguir,3
9,20,cuerpo,escuela,4
9,20,marina,escuela,4
9,20,recurso,escuela,3
9,21,marina,secretaria,3
9,21,operar,soler,3
9,21,cuerpo,escolar,2
9,22,reflejar,vida,3
9,22,hora,registrar,3
9,23,humano,exposicion,8
9,23,humano,bodies,6
9,23,cuerpo,exposicion,6
9,24,marina,academia,6
9,24,marina,militarizada,6
9,24,marina,doenitz,6
9,25,hora,casa,3
10,0,menor,nino,5
10,0,madre,nina,5
10,0,militar,nino,4
10,1,salud,cultura,4
10,1,salud,experiencia,4
10,1,presunto,social,3
10,2,exigir,tampico,6
10,2,presentar,tampico,5
10,2,salud,tampico,5
10,3,medico,senalar,6
10,3,presunto,acuerdo,5
10,3,actividad,acuerdo,3
10,4,actividad,tamaulipas,7
10,4,menor,tamaulipas,5
10,4,presunto,sur,4
10,5,salud,cuidar,7
10,5,militar,viernes,4
10,5,madre,viernes,3
10,6,presunto,ruffo,5
10,6,presunto,relacionado,4
10,6,presunto,exgobernador,4
10,7,madre,hija,6
10,7,militar,campamento,6
10,7,madre,edad,6
10,8,medico,atencion,5
10,9,menor,marina,5
10,9,salud,conocimiento,4
10,11,menor,ano,6
10,11,salud,alla,4
10,11,exigir,ano,4
10,12,menor,dafne,10
10,12,menor,ciudad,9
10,12,madre,dafne,8
10,13,menor,deber,5
10,13,presentar,agua,3
10,13,salud,informar,3
10,14,presentar,encargado,4
10,14,medico,centro,3
10,15,salud,familia,6
10,15,menor,caso,6
10,15,violencia,caso,6
10,16,salud,prevencion,8
10,16,salud,bienestar,6
10,16,salud,servicio,6
10,17,presentar,asegurar,5
10,17,presentar,lograr,4
10,17,medico,atender,4
10,20,video,escuela,8
10,20,madre,escuela,7
10,20,menor,escuela,7
10,21,salud,direccion,6
10,21,salud,comision,3
10,22,menor,vida,5
10,22,reportar,accidente,4
10,22,presunto,vida,4
10,23,salud,gratuito,6
10,23,salud,exposicion,5
10,23,madre,dia,4
10,24,menor,academia,9
10,24,menor,muerte,8
10,24,presunto,academia,6
10,25,sufrir,salir,4
10,25,menor,proteccion,4
10,25,medico,proteccion,3
11,0,ano,nina,5
11,0,ano,nino,5
11,0,ano,pais,3
11,1,ano,agosto,14
11,2,ano,tampico,13
11,2,internacional,tampico,12
11,2,oportunidad,tampico,7
11,3,ano,mexico,6
11,3,ano,paz,3
11,3,ano,costo,3
11,4,ano,tamaulipas,9
11,4,economico,tamaulipas,8
11,4,ano,nacional,5
11,5,economico,desarrollo,5
11,5,entorno,limpieza,5
11,5,impulsar,desarrollo,4
11,6,pequeno,empresa,4
11,6,impulsar,empresa,3
11,6,directivo,industria,3
11,7,ano,campamento,6
11,7,ano,justicia,6
11,7,entender,mal,5
11,8,posibilidad,temperatura,5
11,8,ano,politico,4
11,8,posibilidad,maximo,4
11,9,abrir,participacion,4
11,9,ano,operar,4
11,9,ayudar,participacion,3
11,10,ano,menor,6
11,10,alla,salud,4
11,10,ano,exigir,4
11,12,ano,ciudad,10
11,12,ano,dafne,5
11,12,ano,recibir,4
11,13,impulsar,gobierno,3
11,13,avance,obra,3
11,13,ano,obra,3
11,14,mundial,region,5
11,14,ano,proyecto,4
11,14,ano,generar,4
11,15,ano,ocurrir,4
11,15,ano,familia,4
11,15,ano,caso,4
11,16,entorno,prevencion,6
11,16,entorno,jornada,5
11,16,entorno,villarreal,4
11,17,ano,persona,5
11,17,ano,autoridad,5
11,17,ano,perder,4
11,18,impulsar,seguir,5
11,18,oportunidad,seguir,5
11,18,ano,seguir,5
11,20,ano,ninos,9
11,20,ano,verano,5
11,20,ano,escuela,5
11,21,ano,exito,5
11,21,directivo,escolar,4
11,21,oportunidad,sector,3
11,22,ano,vida,4
11,22,ano,accidente,3
11,22,ano,encontrar,3
11,23,internacional,exposicion,7
11,23,internacional,bodies,5
11,23,internacional,gratuito,4
11,24,ano,madero,7
11,24,ano,academia,5
11,24,ano,muerte,3
11,25,ano,casa,5
12,0,recibir,pais,4
12,0,pedir,camara,4
12,1,ciudad,historia,5
12,1,ciudad,experiencia,4
12,2,ciudad,tampico,20
12,2,dafne,julio,9
12,2,evento,tampico,8
12,3,ciudad,pesos,5
12,3,ciudad,organizado,4
12,3,ciudad,acuerdo,3
12,4,ciudad,tamaulipas,11
12,4,dafne,tamaulipas,8
12,4,evento,nacional,4
12,5,ciudad,desarrollo,5
12,5,ciudad,carmen,4
12,5,ciudad,viernes,4
12,6,pedir,red,3
12,6,pedir,empresa,3
12,7,dafne,justicia,13
12,7,dafne,morir,9
12,7,ciudad,justicia,7
12,8,ciudad,municipio,4
12,8,pedir,ayuntamiento,3
12,8,ciudad,ayuntamiento,3
12,9,luis,marina,5
12,9,pedir,participacion,5
12,9,dafne,marina,4
12,10,dafne,menor,10
12,10,ciudad,menor,9
12,10,dafne,madre,8
12,11,ciudad,ano,10
12,11,dafne,ano,5
12,11,recibir,ano,4
12,13,ciudad,gobierno,5
12,13,luis,jorge,3
12,13,ciudad,miercoles,3
12,14,ciudad,centro,5
12,14,ciudad,generar,5
12,14,dafne,generar,5
12,15,dafne,caso,9
12,15,ciudad,familia,8
12,15,ciudad,caso,7
12,16,ciudad,fortalecer,4
12,16,ciudad,monica,4
12,16,ciudad,villarreal,4
12,17,dafne,asegurar,8
12,17,ciudad,asegurar,6
12,17,ciudad,labor,4
12,18,pedir,situacion,3
12,20,ciudad,escuela,12
12,20,dafne,escuela,10
12,20,militarizado,escuela,10
12,21,ciudad,convertir,3
12,22,ciudad,vida,6
12,22,dafne,vida,5
12,22,dafne,llamado,4
12,23,ciudad,dia,8
12,23,recibir,exposicion,4
12,23,ciudad,noche,3
12,24,ciudad,madero,34
12,24,dafne,muerte,18
12,24,dafne,madero,14
12,25,ciudad,abril,4
13,0,hombre,mujer,5
13,0,deber,investigar,5
13,0,deber,hijo,5
13,1,gobierno,contar,3
13,1,gobierno,social,3
13,1,cercano,tampicotecuida,3
13,2,obra,tampico,15
13,2,agua,tampico,6
13,2,gobierno,tampico,5
13,3,gobierno,pesos,6
13,3,obra,pesos,5
13,3,agua,acuerdo,3
13,4,gobierno,tamaulipas,7
13,4,obra,sur,6
13,4,obra,tamaulipas,5
13,5,gobierno,municipal,8
13,5,pescador,rio,4
13,5,obra,formar,4
13,6,gobierno,solicitar,4
13,6,obra,empresa,3
13,6,tarde,ernesto,3
13,7,deber,querer,6
13,7,deber,justicia,4
13,7,deber,curso,3
13,8,cercano,grado,6
13,8,cercano,maximo,5
13,8,tarde,zona,4
13,9,obra,recurso,5
13,9,pendiente,recurso,3
13,9,agua,recurso,3
13,10,deber,menor,5
13,10,agua,presentar,3
13,10,informar,salud,3
13,11,gobierno,impulsar,3
13,11,obra,avance,3
13,11,obra,ano,3
13,12,gobierno,ciudad,5
13,12,jorge,luis,3
13,12,miercoles,ciudad,3
13,14,obra,proyecto,7
13,14,agua,proyecto,6
13,14,obra,millon,5
13,15,hombre,mar,5
13,15,tarde,delito,5
13,15,agua,mar,3
13,16,gobierno,villarreal,5
13,16,gobierno,fortalecer,5
13,16,gobierno,monica,4
13,17,deber,padre,5
13,17,obra,publico,4
13,17,agua,accion,4
13,18,obra,seguir,6
13,18,obra,inversion,5
13,18,deber,seguir,4
13,20,deber,escuela,7
13,20,gobierno,presidenta,5
13,20,utilizar,presidenta,4
13,21,deber,plantel,3
13,22,agua,area,3
13,23,agua,jardin,4
13,23,jorge,dia,4
13,23,obra,compartir,3
13,24,gobierno,septiembre,6
13,24,deber,director,4
13,24,gobierno,madero,4
13,25,frente,proteccion,3
13,25,agua,salir,3
14,0,millon,pais,6
14,0,proyecto,camara,4
14,0,federal,investigar,3
14,1,proyecto,social,3
14,1,proyecto,privado,3
14,1,federal,social,3
14,2,proyecto,tampico,10
14,2,construir,tampico,9
14,2,millon,tampico,7
14,3,millon,pesos,18
14,3,sumar,pesos,4
14,3,proyecto,ciento,4
14,4,region,tamaulipas,6
14,4,sumar,tamaulipas,5
14,4,laredo,tamaulipas,5
14,5,laredo,carmen,7
14,5,millon,municipal,4
14,5,millon,desarrollo,4
14,6,general,republica,4
14,6,millon,empresa,4
14,6,millon,huachicol,4
14,7,general,fiscalia,10
14,7,general,justicia,5
14,8,esperar,temperatura,9
14,8,laredo,maximo,8
14,8,esperar,maximo,6
14,10,encargado,presentar,4
14,10,centro,medico,3
14,11,region,mundial,5
14,11,proyecto,ano,4
14,11,generar,ano,4
14,12,centro,ciudad,5
14,12,generar,ciudad,5
14,12,generar,dafne,5
14,13,proyecto,obra,7
14,13,proyecto,agua,6
14,13,millon,obra,5
14,15,construir,familia,4
14,15,terminar,joven,4
14,15,federal,mantener,3
14,16,millon,programa,4
14,16,federal,programa,4
14,17,terminar,unidad,4
14,17,centro,persona,4
14,17,laredo,alcaldesa,4
14,18,millon,inversion,7
14,18,construir,seguir,6
14,18,millon,publica,4
14,20,esperar,escuela,4
14,20,sumar,metro,3
14,21,proyecto,sector,4
14,22,construir,vida,3
14,23,millon,exposicion,4
14,23,comunidad,dia,3
14,24,laredo,septiembre,4
14,25,terminar,quedar,4
14,25,laredo,abril,3
15,0,caso,nina,5
15,0,familia,nino,4
15,0,familia,nina,4
15,1,familia,experiencia,4
15,1,familia,vivir,4
15,1,joven,agosto,3
15,2,familia,tampico,11
15,2,caso,tampico,8
15,2,localsabado,julio,6
15,3,ocurrir,acuerdo,5
15,3,delito,delincuencia,4
15,3,delito,organizado,4
15,4,familia,tamaulipas,11
15,4,ocurrir,tamaulipas,4
15,4,caso,tamaulipas,4
15,5,familia,manana,4
15,5,familia,gracias,3
15,5,ocurrir,rio,3
15,6,delito,ernesto,7
15,6,delito,ruffo,7
15,6,delito,baja,6
15,7,caso,justicia,8
15,7,familia,justicia,8
15,7,familia,pasar,6
15,8,familia,falta,4
15,9,familia,clase,5
15,9,ocurrir,dejar,5
15,9,familia,marina,5
15,10,familia,salud,6
15,10,caso,menor,6
15,10,caso,violencia,6
15,11,ocurrir,ano,4
15,11,familia,ano,4
15,11,caso,ano,4
15,12,caso,dafne,9
15,12,familia,ciudad,8
15,12,caso,ciudad,7
15,13,mar,hombre,5
15,13,delito,tarde,5
15,13,mar,agua,3
15,14,familia,construir,4
15,14,joven,terminar,4
15,14,mantener,federal,3
15,16,delito,prevencion,6
15,16,familia,bienestar,5
15,16,familia,prevencion,4
15,17,ocurrir,persona,5
15,17,familia,investigacion,5
15,17,familia,padre,4
15,18,ocurrir,situacion,3
15,20,caso,escuela,8
15,20,familia,escuela,6
15,20,delito,escuela,5
15,21,mes,escolar,3
15,22,caso,registrar,4
15,22,ocurrir,accidente,3
15,22,joven,ubicado,3
15,23,familia,dia,8
15,23,familia,disfrutar,5
15,23,familia,exposicion,5
15,24,caso,muerte,6
15,24,familia,madero,5
15,24,familia,seguridad,5
15,25,familia,casa,4
16,0,servicio,nina,3
16,1,programa,social,3
16,1,villarreal,experiencia,3
16,2,monica,tampico,16
16,2,villarreal,tampico,15
16,2,prevencion,tampico,11
16,3,servicio,pesos,6
16,3,programa,pesos,4
16,3,fortalecer,pesos,2
16,4,jornada,tamaulipas,5
16,4,villarreal,tamaulipas,3
16,4,bienestar,tamaulipas,3
16,5,monica,municipal,7
16,5,villarreal,municipal,7
16,5,jornada,limpieza,7
16,6,servicio,operacion,3
16,7,prevencion,mama,4
16,8,fortalecer,municipio,3
16,8,prevencion,ayuntamiento,2
16,9,extraordinario,invitar,3
16,9,monica,continuar,2
16,9,villarreal,continuar,2
16,10,prevencion,salud,8
16,10,bienestar,salud,6
16,10,servicio,salud,6
16,11,prevencion,entorno,6
16,11,jornada,entorno,5
16,11,villarreal,entorno,4
16,12,fortalecer,ciudad,4
16,12,monica,ciudad,4
16,12,villarreal,ciudad,4
16,13,villarreal,gobierno,5
16,13,fortalecer,gobierno,5
16,13,monica,gobierno,4
16,14,programa,millon,4
16,14,programa,federal,4
16,14,villarreal,laredo,3
16,15,prevencion,delito,6
16,15,bienestar,familia,5
16,15,prevencion,familia,4
16,17,villarreal,alcaldesa,8
16,17,familiar,persona,6
16,17,monica,alcaldesa,6
16,18,programa,seguir,4
16,18,extraordinario,seguir,3
16,18,programa,inversion,3
16,20,monica,presidenta,7
16,20,villarreal,presidenta,7
16,20,prevencion,escuela,6
16,21,prevencion,direccion,5
16,21,prevencion,escolar,4
16,21,bienestar,direccion,3
16,22,bienestar,nivel,4
16,22,jornada,registrar,3
16,22,monica,nivel,2
16,23,monica,turistico,6
16,23,monica,bodies,6
16,23,villarreal,turistico,6
16,24,villarreal,amenazar,4
16,24,villarreal,muerte,4
16,24,monica,septiembre,3
17,0,persona,muerto,4
17,0,publico,camara,4
17,0,inmediato,nina,4
17,1,excelente,tampicotecuida,5
17,1,persona,tampicotecuida,4
17,1,unidad,contar,3
17,2,autoridad,tampico,9
17,2,labor,tampico,8
17,2,asegurar,tampico,8
17,3,persona,costo,5
17,3,entidad,acuerdo,3
17,3,lograr,ciento,3
17,4,lograr,tamaulipas,8
17,4,resultado,tamaulipas,7
17,4,entidad,tamaulipas,7
17,5,colonia,limpieza,7
17,5,alcaldesa,carmen,5
17,5,colonia,gracias,4
17,6,lograr,combustible,5
17,6,unidad,empresa,4
17,6,investigacion,alto,4
17,7,padre,curso,6
17,7,investigacion,fiscalia,5
17,7,resultado,fiscalia,4
17,8,entidad,grado,5
17,8,entidad,zona,4
17,8,entidad,temperatura,4
17,9,autoridad,participacion,4
17,9,persona,dejar,3
17,10,asegurar,presentar,5
17,10,lograr,presentar,4
17,10,atender,medico,4
17,11,persona,ano,5
17,11,autoridad,ano,5
17,11,perder,ano,4
17,12,asegurar,dafne,8
17,12,asegurar,ciudad,6
17,12,labor,ciudad,4
17,13,padre,deber,5
17,13,publico,obra,4
17,13,accion,agua,4
17,14,unidad,terminar,4
17,14,persona,centro,4
17,14,alcaldesa,laredo,4
17,15,persona,ocurrir,5
17,15,investigacion,familia,5
17,15,padre,familia,4
17,16,alcaldesa,villarreal,8
17,16,persona,familiar,6
17,16,alcaldesa,monica,6
17,18,autoridad,situacion,4
17,18,lograr,situacion,4
17,18,persona,seguir,4
17,20,padre,escuela,6
17,20,autoridad,escuela,6
17,20,persona,metro,5
17,21,excelente,vacacion,3
17,22,perder,vida,5
17,22,persona,vida,4
17,22,resultado,vida,4
17,23,persona,cultural,4
17,23,persona,metropolitano,4
17,23,alcaldesa,exposicion,3
17,24,asegurar,madero,7
17,24,unidad,seguridad,6
17,24,asegurar,muerte,6
17,25,investigacion,quedar,4
17,25,autoridad,proteccion,3
18,0,seguir,nina,5
18,0,aparecer,muerto,2
18,1,afiliado,contar,3
18,1,situacion,social,2
18,2,seguir,tampico,18
18,2,inversion,tampico,6
18,2,seguir,espacio,5
18,3,inversion,pesos,7
18,3,seguir,pesos,4
18,3,publica,pesos,4
18,4,seguir,tamaulipas,5
18,4,inversion,tamaulipas,4
18,4,afiliado,tamaulipas,3
18,5,inversion,desarrollo,4
18,5,seguir,desarrollo,4
18,5,inversion,municipal,3
18,6,seguir,solicitar,3
18,7,seguir,mama,5
18,7,seguir,pasar,4
18,7,seguir,ojala,4
18,8,seguir,zona,3
18,8,seguir,municipio,2
18,8,emergencia,municipio,2
18,9,inversion,recurso,3
18,9,situacion,participacion,3
18,9,seguir,puerto,3
18,10,inversion,presentar,2
18,10,situacion,sufrir,2
18,11,seguir,impulsar,5
18,11,seguir,oportunidad,5
18,11,seguir,ano,5
18,12,situacion,pedir,3
18,12,seguir,dafne,3
18,12,inversion,ciudad,2
18,13,seguir,obra,6
18,13,inversion,obra,5
18,13,seguir,deber,4
18,14,inversion,millon,7
18,14,seguir,construir,6
18,14,publica,millon,4
18,15,situacion,ocurrir,3
18,15,seguir,mantener,3
18,15,situacion,caso,2
18,16,seguir,programa,4
18,16,seguir,extraordinario,3
18,16,inversion,programa,3
18,17,situacion,autoridad,4
18,17,situacion,lograr,4
18,17,seguir,persona,4
18,20,seguir,escuela,5
18,20,seguir,metro,3
18,21,seguir,vacacion,5
18,21,seguir,sector,3
18,21,seguir,equipo,3
18,22,situacion,encontrar,5
18,22,situacion,similar,4
18,22,seguir,vida,3
18,23,afiliado,compartir,3
18,23,inversion,compartir,3
18,23,seguir,tampiqueno,3
18,24,situacion,seguridad,3
18,24,aparecer,madero,3
18,24,aparecer,muerte,2
18,25,seguir,salir,4
18,25,emergencia,proteccion,3
18,25,seguir,quedar,2
20,0,escuela,investigar,9
20,0,escuela,nina,6
20,0,escuela,hijo,6
20,1,ninos,agosto,9
20,1,verano,agosto,5
20,1,verano,tampicotecuida,4
20,2,escuela,tampico,16
20,2,verano,tampico,9
20,2,presidenta,tampico,5
20,4,escuela,tamaulipas,8
20,4,presidenta,tamaulipas,3
20,4,fuerza,tamaulipas,3
20,5,presidenta,municipal,7
20,5,verano,municipal,4
20,5,escuela,gracias,3
20,6,escuela,grande,3
20,6,escuela,solicitar,3
20,7,escuela,hija,10
20,7,verano,campamento,6
20,7,verano,curso,6
20,8,fuerza,zona,3
20,9,escuela,cuerpo,4
20,9,escuela,marina,4
20,9,escuela,recurso,3
20,10,escuela,video,8
20,10,escuela,madre,7
20,10,escuela,menor,7
20,11,ninos,ano,9
20,11,verano,ano,5
20,11,escuela,ano,5
20,12,escuela,ciudad,12
20,12,escuela,dafne,10
20,12,escuela,militarizado,10
20,13,escuela,deber,7
20,13,presidenta,gobierno,5
20,13,presidenta,utilizar,4
20,14,escuela,esperar,4
20,14,metro,sumar,3
20,15,escuela,caso,8
20,15,escuela,familia,6
20,15,escuela,delito,5
20,16,presidenta,monica,7
20,16,presidenta,villarreal,7
20,16,escuela,prevencion,6
20,17,escuela,padre,6
20,17,escuela,autoridad,6
20,17,metro,persona,5
20,18,escuela,seguir,5
20,18,metro,seguir,3
20,21,escuela,plantel,8
20,21,escuela,escolar,5
20,21,verano,vacacion,4
20,22,escuela,registrar,3
20,22,verano,ubicado,3
20,22,escuela,vida,2
20,23,verano,descubrir,6
20,23,metro,descubrir,3
20,23,verano,cultural,3
20,24,escuela,madero,10
20,24,escuela,septiembre,10
20,24,escuela,muerte,9
20,25,verano,casa,3
21,0,vacacion,nino,4
21,0,entregar,camara,4
21,0,plantel,hijo,3
21,1,direccion,experiencia,3
21,1,sector,social,2
21,1,direccion,cultura,2
21,2,vacacion,tampico,9
21,2,escolar,tampico,6
21,2,sector,tampico,5
21,3,respuesta,obtener,3
21,3,vacacion,paz,2
21,3,comision,acuerdo,2
21,4,principal,tamaulipas,5
21,4,riesgo,tamaulipas,4
21,4,presidente,tamaulipas,3
21,5,sector,desarrollo,3
21,5,direccion,municipal,2
21,5,escolar,municipal,2
21,6,sector,baja,2
21,7,respuesta,fiscalia,3
21,7,plantel,curso,3
21,7,vacacion,curso,3
21,8,principal,zona,3
21,8,vacacion,ayuntamiento,2
21,8,riesgo,zona,2
21,9,secretaria,marina,3
21,9,soler,operar,3
21,9,escolar,cuerpo,2
21,10,direccion,salud,6
21,10,comision,salud,3
21,10,plantel,menor,3
21,11,exito,ano,5
21,11,escolar,directivo,4
21,11,sector,oportunidad,3
21,12,convertir,ciudad,3
21,12,vacacion,dafne,3
21,12,principal,ciudad,2
21,13,plantel,deber,3
21,13,comision,agua,2
21,13,comision,ley,2
21,14,sector,proyecto,4
21,14,vacacion,construir,2
21,14,sector,federal,2
21,15,escolar,mes,3
21,15,direccion,delito,2
21,15,funcionario,caso,2
21,16,direccion,prevencion,5
21,16,escolar,prevencion,4
21,16,direccion,bienestar,3
21,17,vacacion,excelente,3
21,17,principal,autoridad,3
21,17,entregar,padre,3
21,18,vacacion,seguir,5
21,18,sector,seguir,3
21,18,equipo,seguir,3
21,20,plantel,escuela,8
21,20,escolar,escuela,5
21,20,vacacion,verano,4
21,22,riesgo,accidente,3
21,22,plantel,llamado,3
21,22,equipo,vida,2
21,23,direccion,exposicion,2
21,23,direccion,gratuito,2
21,24,principal,seguridad,3
21,24,secretaria,seguridad,2
21,25,secretaria,casa,4
21,25,direccion,casa,4
21,25,equipo,casa,4
22,0,llamado,hijo,3
22,0,nivel,mujer,2
22,1,vida,social,2
22,1,ubicado,privado,2
22,2,registrar,tampico,8
22,2,vida,tampico,7
22,2,nivel,tampico,4
22,3,nivel,promedio,4
22,3,vida,acuerdo,3
22,3,accidente,perdida,3
22,4,nivel,nacional,10
22,4,nivel,tamaulipas,9
22,4,nivel,sur,6
22,5,ingresar,manana,3
22,5,vida,formar,2
22,5,vida,desarrollo,2
22,6,nivel,california,5
22,6,nivel,baja,4
22,6,registrar,combustible,3
22,7,similar,campamento,3
22,8,registrar,maximo,4
22,8,area,zona,3
22,8,registrar,temperatura,3
22,9,vida,reflejar,3
22,9,registrar,hora,3
22,9,nivel,reflejar,2
22,10,vida,menor,5
22,10,accidente,reportar,4
22,10,vida,presunto,4
22,11,vida,ano,4
22,11,accidente,ano,3
22,11,encontrar,ano,3
22,12,vida,ciudad,6
22,12,vida,dafne,5
22,12,llamado,dafne,4
22,13,area,agua,3
22,14,vida,construir,3
22,14,vida,comunidad,2
22,14,nivel,coahuila,2
22,15,registrar,caso,4
22,15,accidente,ocurrir,3
22,15,ubicado,joven,3
22,16,nivel,bienestar,4
22,16,registrar,jornada,3
22,16,nivel,monica,2
22,17,vida,perder,5
22,17,vida,persona,4
22,17,vida,resultado,4
22,18,encontrar,situacion,5
22,18,similar,situacion,4
22,18,vida,seguir,3
22,20,registrar,escuela,3
22,20,ubicado,verano,3
22,20,vida,escuela,2
22,21,accidente,riesgo,3
22,21,llamado,plantel,3
22,21,vida,equipo,2
22,23,vida,dia,4
22,23,accidente,llegar,3
22,23,presencia,llegar,3
22,24,vida,academia,4
22,24,accidente,academia,4
22,24,vida,madero,3
22,25,guardia,proteccion,3
22,25,hospital,proteccion,2
23,0,exposicion,pais,5
23,0,bodies,pais,3
23,0,dia,hijo,3
23,1,exposicion,experiencia,9
23,1,gratuito,jaiba,8
23,1,exposicion,unico,6
23,2,exposicion,tampico,24
23,2,gratuito,tampico,19
23,2,dia,tampico,13
23,3,dia,acuerdo,4
23,4,compartir,tamaulipas,5
23,4,dia,tamaulipas,5
23,4,tampiqueno,tamaulipas,3
23,5,exposicion,visitante,4
23,5,descubrir,formar,3
23,5,exposicion,cuidar,3
23,7,llegar,hija,4
23,7,noche,hija,3
23,7,llegar,caer,3
23,8,noche,atencion,3
23,8,llegar,zona,3
23,9,exposicion,humano,8
23,9,bodies,humano,6
23,9,exposicion,cuerpo,6
23,10,gratuito,salud,6
23,10,exposicion,salud,5
23,10,dia,madre,4
23,11,exposicion,internacional,7
23,11,bodies,internacional,5
23,11,gratuito,internacional,4
23,12,dia,ciudad,8
23,12,exposicion,recibir,4
23,12,noche,ciudad,3
23,13,jardin,agua,4
23,13,dia,jorge,4
23,13,compartir,obra,3
23,14,exposicion,millon,4
23,14,dia,comunidad,3
23,15,dia,familia,8
23,15,disfrutar,familia,5
23,15,exposicion,familia,5
23,16,turistico,monica,6
23,16,turistico,villarreal,6
23,16,turistico,oferta,6
23,17,cultural,persona,4
23,17,metropolitano,persona,4
23,17,exposicion,alcaldesa,3
23,18,compartir,afiliado,3
23,18,compartir,inversion,3
23,18,tampiqueno,seguir,3
23,20,descubrir,verano,6
23,20,descubrir,metro,3
23,20,cultural,verano,3
23,22,dia,vida,4
23,22,llegar,accidente,3
23,22,llegar,presencia,3
23,24,dia,madero,5
23,24,noche,academia,4
23,24,dia,muerte,3
23,25,dia,casa,3
23,25,profundo,casa,3
24,2,madero,tampico,17
24,2,muerte,tampico,11
24,2,academia,tampico,8
24,3,seguridad,acuerdo,4
24,4,doenitz,tamaulipas,10
24,4,academia,tamaulipas,9
24,4,madero,tamaulipas,9
24,5,madero,carmen,6
24,5,madero,gracias,4
24,5,madero,desarrollo,4
24,7,madero,justicia,6
24,7,madero,hija,6
24,7,muerte,justicia,6
24,8,academia,zona,4
24,9,academia,marina,6
24,9,militarizada,marina,6
24,9,doenitz,marina,6
24,10,academia,menor,9
24,10,muerte,menor,8
24,10,academia,presunto,6
24,11,madero,ano,7
24,11,academia,ano,5
24,12,madero,ciudad,34
24,12,muerte,dafne,18
24,12,madero,dafne,14
24,13,septiembre,gobierno,6
24,13,director,deber,4
24,13,madero,gobierno,4
24,14,septiembre,laredo,4
24,15,muerte,caso,6
24,15,madero,familia,5
24,15,seguridad,familia,5
24,16,amenazar,villarreal,4
24,16,muerte,villarreal,4
24,17,madero,asegurar,7
24,17,seguridad,unidad,6
24,17,muerte,asegurar,6
24,20,madero,escuela,10
24,20,septiembre,escuela,10
24,20,muerte,escuela,9
24,22,academia,vida,4
24,22,academia,accidente,4
24,23,madero,dia,5
24,23,academia,noche,4
24,25,seguridad,proteccion,6
24,25,madero,abril,5
25,0,quedar,cosa,3
25,0,casa,hijo,3
25,0,salir,camara,2
25,1,libertad,cultura,3
25,1,casa,vivir,2
25,1,columna,social,2
25,2,columna,editorial,8
25,2,articulo,editorial,4
25,2,responsabilidad,editorial,4
25,3,proteccion,acuerdo,3
25,3,quedar,ciento,2
25,3,impactar,ciento,2
25,4,proteccion,civil,11
25,4,proteccion,tamaulipas,4
25,4,fuerte,tamaulipas,4
25,5,proteccion,municipal,3
25,5,proteccion,manana,2
25,5,columna,crecimiento,2
25,6,responsabilidad,california,3
25,6,responsabilidad,alto,3
25,6,impactar,empresa,2
25,7,casa,curso,7
25,7,responsabilidad,fiscalia,4
25,7,casa,ojala,4
25,8,fuerte,temperatura,3
25,8,proteccion,municipio,2
25,9,casa,hora,3
25,9,quedar,hora,2
25,10,salir,sufrir,4
25,10,proteccion,menor,4
25,10,proteccion,medico,3
25,11,casa,ano,5
25,12,abril,ciudad,4
25,12,quedar,luis,2
25,12,casa,pedir,2
25,13,proteccion,frente,3
25,13,salir,agua,3
25,13,proteccion,miercoles,2
25,14,quedar,terminar,4
25,14,abril,laredo,3
25,14,impactar,proyecto,2
25,15,casa,familia,4
25,15,abril,delito,3
25,15,abril,veracruz,3
25,17,quedar,investigacion,4
25,17,proteccion,autoridad,3
25,17,quedar,atender,2
25,18,salir,seguir,4
25,18,proteccion,emergencia,3
25,18,quedar,seguir,2
25,20,casa,verano,3
25,20,quedar,presidenta,2
25,21,casa,secretaria,4
25,21,casa,direccion,4
25,21,casa,equipo,4
25,22,proteccion,guardia,3
25,22,proteccion,hospital,2
25,22,casa,ingresar,2
25,23,casa,dia,3
25,23,casa,profundo,3
25,24,proteccion,seguridad,6
25,24,abril,madero,5
25,24,abril,muerte,3
