source,target,weight
pedro,san,89
tormenta,tropical,45
tomar,votar,40
san,tomar,28
com,nao,27
com,uma,25
nao,uma,24
ministro,votar,22
ruta,tomar,22
jazz,octubre,21
marcos,san,17
elegir,votar,16
pra,uma,16
sueldo,tomar,16
san,tercer,15
mendez,pedro,15
electo,pedro,15
ortiz,sem,15
electo,san,14
calzada,pedro,14
ministro,tomar,14
ruta,san,14
pedro,tomar,13
aviso,tomar,13
band,jazz,12
cerrado,tomar,12
calzada,san,12
doctora,tomar,12
com,pra,12
doctora,votar,12
soltar,votar,12
ruta,vuelo,12
com,sem,11
aviso,ruta,11
doctora,octubre,10
elegir,ministro,10
aportar,tomar,10
martin,san,10
san,votar,10
jazz,pedro,10
alterno,ruta,9
doctora,san,9
legislativo,san,8
elegir,tomar,8
obedecer,tomar,8
narino,tumaco,8
nao,pra,8
tomar,tormenta,8
cerrado,san,8
orgullosamente,sem,8
apostar,octubre,7
octubre,san,7
octubre,pedro,7
indicacion,tomar,7
ortiz,votar,7
nao,sem,7
aportar,ministro,7
aviso,san,7
san,soltar,7
blues,san,7
ramon,tomar,6
octubre,votar,6
paga,tomar,6
com,sua,6
elegir,san,6
aportar,ruta,6
san,tropical,6
mendez,sem,6
pedro,sem,6
iclei,san,6
ortiz,san,6
indicacion,tormenta,6
ramon,san,5
god,time,5
bless,time,5
alterno,tomar,5
corriente,tomar,5
corriente,paga,5
comprometer,legislativo,5
nao,ter,5
soltar,tomar,5
tomar,trascender,5
sueldo,votar,5
global,san,5
time,votar,5
parcial,san,5
apostar,global,4
cerrado,octubre,4
elegir,octubre,4
enamorar,octubre,4
pedro,votar,4
aviso,cerrado,4
enterado,tomar,4
agradar,tomar,4
sem,uma,4
corriente,san,4
san,sueldo,4
regresen,votar,4
alcanzado,tomar,4
doctora,sueldo,4
martin,tomar,4
ruta,votar,4
avalar,votar,4
tomar,vuelo,4
martin,votar,4
san,tormenta,4
aviso,tormenta,4
com,tomar,4
global,iclei,4
corriente,tormenta,4
elegir,vuelo,4
octubre,tomar,4
band,blues,4
ortiz,pedro,4
global,tomar,4
ministro,sueldo,4
locatario,ruta,4
pedro,ruta,4
bless,votar,4
avalar,locatario,4
miriam,time,4
god,votar,4
indicacion,san,4
global,sueldo,3
jazz,orgullosamente,3
tercer,tomar,3
pedro,ramon,3
doctora,orgullosa,3
electo,elegir,3
electo,ministro,3
legislativo,ministro,3
electo,legislativo,3
electo,tomar,3
bless,god,3
san,time,3
extraordinaria,san,3
aviso,parcial,3
aviso,pedro,3
parcial,pedro,3
alterno,indicacion,3
fino,tomar,3
corriente,votar,3
paga,sueldo,3
pra,sua,3
apostar,tomar,3
inedito,legislativo,3
regresen,tomar,3
ministro,san,3
aportar,tercer,3
corriente,pedro,3
comprometer,tomar,3
ministro,uma,3
doctora,ortiz,3
cerrado,ruta,3
avalar,electo,3
electo,votar,3
agradar,votar,3
elegir,ramon,3
ganado,votar,3
ramon,vuelo,3
aviso,tropical,3
obedecer,votar,3
fuser,san,3
pra,twitter,3
nao,tomar,3
captar,tomar,3
doctora,global,3
martin,soltar,3
mendez,ortiz,3
miriam,sem,3
ramon,sem,3
sem,votar,3
indicacion,parcial,3
doctora,paga,3
aviso,marcos,3
mendez,san,3
indicacion,pedro,3
pedro,soltar,3
demolicion,votar,3
bless,miriam,3
san,trascender,3
senorita,votar,3
indicacion,tercer,3
soltar,vuelo,3
calzada,ruta,3
aportar,soltar,3
global,ruta,3
tormenta,vuelo,3
avalar,legislativo,3
san,uma,3
buenavista,sueldo,3
aportar,mendez,2
aportar,band,2
aportar,jazz,2
inedito,jazz,2
apostar,jazz,2
global,jazz,2
octubre,trascender,2
apostar,trascender,2
apostar,sueldo,2
sueldo,trascender,2
jazz,trascender,2
orgullosamente,sueldo,2
excelencia,jazz,2
octubre,orgullosa,2
octubre,ramon,2
enamorar,san,2
doctora,elegir,2
elegir,legislativo,2
legislativo,tomar,2
aportar,octubre,2
ministro,pedro,2
pedro,tercer,2
aviso,mendez,2
mendez,parcial,2
cerrado,pedro,2
indicacion,obedecer,2
indicacion,ruta,2
enterado,ruta,2
censura,corriente,2
corriente,senorita,2
elegir,locatario,2
parcial,tomar,2
aportar,votar,2
legislativo,sueldo,2
martin,ramon,2
san,vuelo,2
sem,sua,2
directiva,iclei,2
repente,tulipan,2
tulipan,twitter,2
nao,sua,2
alterno,calzada,2
alterno,san,2
elegir,miriam,2
pra,sem,2
comprometer,global,2
censura,votar,2
ministro,ruta,2
avalar,san,2
avalar,octubre,2
alterno,cerrado,2
doctora,tulipan,2
ruta,soltar,2
cerrado,fino,2
com,ter,2
excelencia,ramon,2
aportar,ganado,2
enterado,vuelo,2
enterado,ministro,2
censura,directiva,2
tomar,uma,2
ramon,votar,2
captar,san,2
ganado,san,2
cerrado,elegir,2
cerrado,vuelo,2
cerrado,ramon,2
extraordinaria,tropical,2
repente,san,2
enamorar,ruta,2
paga,ramon,2
pra,ter,2
elegir,fuser,2
aviso,paga,2
aportar,ortiz,2
orgullosamente,tomar,2
apostar,time,2
octubre,tumaco,2
aviso,votar,2
san,tumaco,2
doctora,fuser,2
doctora,tercer,2
band,pedro,2
blues,jazz,2
aportar,doctora,2
martin,sem,2
ortiz,ramon,2
marcos,sem,2
ruta,time,2
time,tomar,2
lampara,time,2
fuser,tomar,2
martin,ortiz,2
comprometer,pedro,2
corriente,sueldo,2
farol,tomar,2
elegir,sueldo,2
elegir,paga,2
apostar,san,2
apostar,soltar,2
doctora,extraordinaria,2
extraordinaria,votar,2
ganado,soltar,2
miriam,votar,2
aportar,sueldo,2
pedro,repente,2
votar,vuelo,2
com,pedro,2
time,tropical,2
sueldo,time,2
legislativo,pedro,2
directiva,pedro,2
cerrado,parcial,2
directiva,san,2
ortiz,tomar,2
corriente,tropical,2
aportar,pedro,2
comprometer,directiva,2
apostar,cerrado,2
captar,tormenta,2
indicacion,trascender,2
directiva,tomar,2
global,pedro,2
global,repente,2
apostar,electo,2
apostar,tercer,2
pedro,uma,2
captar,uma,2
band,inedito,1
band,publicidad,1
aportar,inedito,1
aportar,publicidad,1
inedito,publicidad,1
inedito,octubre,1
jazz,publicidad,1
octubre,publicidad,1
apostar,publicidad,1
global,octubre,1
global,trascender,1
jazz,sueldo,1
apostar,orgullosamente,1
global,orgullosamente,1
excelencia,orgullosamente,1
miriam,orgullosamente,1
excelencia,global,1
global,miriam,1
ganado,global,1
excelencia,miriam,1
excelencia,ganado,1
excelencia,trascender,1
ganado,miriam,1
miriam,trascender,1
jazz,miriam,1
ganado,trascender,1
ganado,jazz,1
ganado,octubre,1
orgullosa,trascender,1
jazz,orgullosa,1
ramon,tercer,1
elegir,orgullosa,1
doctora,enamorar,1
bless,san,1
extraordinaria,pedro,1
alcanzado,pedro,1
extraordinaria,tercer,1
alcanzado,tercer,1
alcanzado,extraordinaria,1
electo,octubre,1
miriam,tomar,1
miriam,san,1
demolicion,parcial,1
demolicion,pedro,1
demolicion,mendez,1
cerrado,mendez,1
cerrado,demolicion,1
aviso,demolicion,1
demolicion,tomar,1
cerrado,obedecer,1
aviso,obedecer,1
aviso,indicacion,1
obedecer,ruta,1
alterno,enterado,1
censura,senorita,1
fino,parcial,1
censura,paga,1
censura,miriam,1
miriam,paga,1
corriente,ministro,1
ministro,paga,1
corriente,legislativo,1
corriente,regresen,1
legislativo,paga,1
paga,regresen,1
legislativo,regresen,1
fuser,legislativo,1
regresen,sueldo,1
fuser,regresen,1
fuser,sueldo,1
time,vuelo,1
blues,ramon,1
farol,ramon,1
blues,martin,1
blues,farol,1
blues,ter,1
farol,martin,1
martin,ter,1
farol,ter,1
doctora,vuelo,1
avalar,senorita,1
muniz,sem,1
muniz,uma,1
sua,uma,1
muniz,sua,1
muniz,pra,1
trascender,tumaco,1
repente,twitter,1
agradar,calzada,1
agradar,san,1
san,senorita,1
agradar,pedro,1
pedro,senorita,1
agradar,senorita,1
comprometer,elegir,1
cerrado,doctora,1
doctora,ramon,1
comprometer,votar,1
legislativo,votar,1
lampara,san,1
lampara,octubre,1
martin,sueldo,1
comprometer,inedito,1
fino,twitter,1
aviso,buenavista,1
electo,ganado,1
mendez,ramon,1
avalar,ministro,1
avalar,ruta,1
octubre,ruta,1
ruta,tercer,1
octubre,tercer,1
alterno,aviso,1
apostar,excelencia,1
comprometer,martin,1
doctora,ruta,1
fino,ruta,1
doctora,fino,1
fino,votar,1
global,ministro,1
ministro,nao,1
ministro,pra,1
ter,uma,1
excelencia,god,1
directiva,legislativo,1
miriam,sueldo,1
ministro,vuelo,1
orgullosamente,trascender,1
sua,ter,1
sem,ter,1
pedro,trascender,1
pedro,sueldo,1
soltar,toalla,1
comprometer,tumaco,1
ministro,ramon,1
parcial,vuelo,1
aviso,captar,1
obedecer,orgullosamente,1
senorita,vuelo,1
locatario,san,1
locatario,martin,1
ramon,tormenta,1
extraordinaria,tormenta,1
aviso,extraordinaria,1
avalar,ramon,1
avalar,cerrado,1
cerrado,com,1
avalar,tomar,1
avalar,com,1
avalar,aviso,1
aviso,com,1
global,inedito,1
cerrado,repente,1
cerrado,global,1
fino,san,1
fino,soltar,1
censura,fino,1
censura,san,1
censura,soltar,1
paga,vuelo,1
com,ramon,1
com,paga,1
elegir,ruta,1
alcanzado,doctora,1
fuser,vuelo,1
orgullosamente,san,1
pedro,vuelo,1
mendez,vuelo,1
doctora,orgullosamente,1
orgullosamente,votar,1
locatario,tomar,1
soltar,tropical,1
doctora,electo,1
alterno,apostar,1
alterno,time,1
doctora,pra,1
doctora,nao,1
pra,tomar,1
pra,san,1
nao,san,1
nao,votar,1
inedito,uma,1
doctora,tormenta,1
tumaco,votar,1
narino,octubre,1
narino,votar,1
orgullosa,san,1
aviso,regresen,1
god,tormenta,1
god,soltar,1
god,san,1
soltar,tormenta,1
narino,san,1
fuser,tercer,1
jazz,tercer,1
ministro,octubre,1
marcos,twitter,1
twitter,uma,1
inedito,twitter,1
nao,twitter,1
censura,octubre,1
agradar,sem,1
agradar,mendez,1
agradar,ortiz,1
martin,miriam,1
marcos,orgullosamente,1
orgullosamente,pedro,1
marcos,pedro,1
lampara,tomar,1
orgullosamente,ortiz,1
fuser,orgullosamente,1
ramon,soltar,1
ortiz,soltar,1
corriente,lampara,1
ganado,iclei,1
cerrado,martin,1
tormenta,votar,1
publicidad,tomar,1
ganado,ruta,1
comprometer,paga,1
paga,repente,1
comprometer,repente,1
farol,sueldo,1
elegir,farol,1
electo,farol,1
ganado,toalla,1
bless,ganado,1
bless,toalla,1
publicidad,sueldo,1
orgullosa,paga,1
aportar,blues,1
obedecer,ramon,1
obedecer,san,1
com,votar,1
global,nao,1
fuser,global,1
global,paga,1
fuser,nao,1
nao,paga,1
elegir,nao,1
fuser,paga,1
paga,twitter,1
elegir,twitter,1
apostar,elegir,1
doctora,twitter,1
apostar,doctora,1
doctora,time,1
apostar,twitter,1
time,twitter,1
obedecer,vuelo,1
enterado,obedecer,1
indicacion,ortiz,1
indicacion,soltar,1
fuser,votar,1
demolicion,soltar,1
demolicion,fuser,1
demolicion,ganado,1
fuser,soltar,1
fuser,ganado,1
ruta,sueldo,1
cerrado,ministro,1
enterado,votar,1
cerrado,votar,1
cerrado,enterado,1
com,san,1
san,sem,1
com,mendez,1
bless,pedro,1
bless,soltar,1
bless,ruta,1
octubre,orgullosamente,1
cerrado,sueldo,1
obedecer,sueldo,1
cerrado,fuser,1
fino,ramon,1
corriente,repente,1
indicacion,octubre,1
obedecer,octubre,1
god,martin,1
god,tomar,1
corriente,time,1
sueldo,tercer,1
calzada,nao,1
aviso,ortiz,1
ortiz,parcial,1
sueldo,tropical,1
alterno,parcial,1
tomar,tropical,1
aviso,calzada,1
global,parcial,1
aviso,global,1
apostar,ramon,1
excelencia,tercer,1
global,vuelo,1
ganado,parcial,1
ganado,tomar,1
farol,obedecer,1
alcanzado,trascender,1
alterno,vuelo,1
alterno,tormenta,1
ruta,tormenta,1
apostar,ortiz,1
comprometer,marcos,1
elegir,pedro,1
avalar,sueldo,1
alcanzado,comprometer,1
alcanzado,global,1
alcanzado,vuelo,1
martin,mendez,1
lampara,ruta,1
legislativo,ortiz,1
alcanzado,excelencia,1
ter,tomar,1
aviso,enterado,1
aviso,corriente,1
alterno,captar,1
obedecer,pedro,1
aportar,obedecer,1
tormenta,twitter,1
directiva,trascender,1
directiva,indicacion,1
alcanzado,electo,1
obedecer,tormenta,1
directiva,elegir,1
elegir,fino,1
cerrado,directiva,1
directiva,fino,1
com,doctora,1
com,senorita,1
doctora,senorita,1
senorita,tomar,1
mendez,tomar,1
apostar,pedro,1
apostar,repente,1
ministro,regresen,1
apostar,votar,1
apostar,tormenta,1
excelencia,tomar,1
cerrado,locatario,1
captar,pedro,1
tercer,trascender,1
global,tropical,1
orgullosamente,tercer,1
ortiz,trascender,1
doctora,trascender,1
mendez,trascender,1
doctora,mendez,1
band,san,1
captar,corriente,1
marcos,octubre,1
