id_global,tema_id,sub_id,hex_color,n_palabras,n_aristas,densidad,peso_total,nombre_subtema
T00_S01,0,1,#1f77b4,3,3,1.0,23.0,"Hijo, investigar, cosa"
T00_S02,0,2,#1f77b4,6,10,0.667,19.0,"Camara, mujer, derecho, cumplir"
T00_S03,0,3,#1f77b4,3,3,1.0,8.0,"Muerto, cualquiera, cabo"
T00_S04,0,4,#1f77b4,3,3,1.0,7.0,"Pais, empezar, control"
T01_S00,1,0,#ff7f0e,5,9,0.9,32.0,"Tampicotecuida, agosto, arte, tampicovacontodo"
T01_S01,1,1,#ff7f0e,3,3,1.0,26.0,"Experiencia, vivir, historia"
T01_S02,1,2,#ff7f0e,4,5,0.833,15.0,"Contar, social, privado, afirmar"
T01_S03,1,3,#ff7f0e,3,3,1.0,13.0,"Unico, jaiba, domingo"
T02_S00,2,0,#2ca02c,6,14,0.933,65.0,"Tampico, buscar, recordar, encuentro"
T02_S01,2,1,#2ca02c,3,3,1.0,14.0,"Espacio, martes, jueves"
T02_S02,2,2,#2ca02c,3,3,1.0,10.0,"Sol, regresar, editorial"
T03_S00,3,0,#d62728,4,6,1.0,28.0,"Organizado, detener, delincuencia, obtener"
T03_S01,3,1,#d62728,4,6,1.0,27.0,"Mexico, paz, pan, noticia"
T03_S02,3,2,#d62728,5,9,0.9,26.0,"Ciento, promedio, perdida, directamente"
T03_S03,3,3,#d62728,4,5,0.833,19.0,"Acuerdo, senalar, amigo, oficial"
T03_S04,3,4,#d62728,4,4,0.667,14.0,"Pesos, costo, cuyo, cierre"
T04_S00,4,0,#9467bd,3,3,1.0,54.0,"Tamaulipas, sur, norte"
T04_S01,4,1,#9467bd,4,6,1.0,21.0,"Partido, final, morena, electoral"
T04_S02,4,2,#9467bd,4,6,1.0,19.0,"Nacional, civil, medida, litro"
T04_S03,4,3,#9467bd,3,3,1.0,10.0,"Empresario, mayo, junio"
T04_S04,4,4,#9467bd,3,3,1.0,7.0,"Cerrar, anunciar, mensaje"
T05_S00,5,0,#8c564b,8,20,0.714,72.0,"Municipal, formar, desarrollo, desarrollar"
T05_S01,5,1,#8c564b,7,18,0.857,44.0,"Carmen, gracias, rio, panuco"
T05_S02,5,2,#8c564b,6,13,0.867,23.0,"Cuidar, claudia, puerta, visitante"
T05_S03,5,3,#8c564b,4,6,1.0,13.0,"Manana, viernes, permanecer, posteriormente"
T06_S00,6,0,#e377c2,8,27,0.964,164.0,"Ruffo, california, baja, ernesto"
T06_S01,6,1,#e377c2,10,35,0.778,94.0,"Empresa, operacion, combustible, grande"
T06_S02,6,2,#e377c2,4,6,1.0,23.0,"Huachicol, relacionado, fiscal, firma"
T06_S03,6,3,#e377c2,4,5,0.833,13.0,"Orden, aprehension, solicitar, titular"
T07_S00,7,0,#7f7f7f,3,3,1.0,21.0,"Institucion, fiscalia, edad"
T07_S01,7,1,#7f7f7f,3,3,1.0,19.0,"Justicia, querer, pagar"
T07_S02,7,2,#7f7f7f,4,6,1.0,17.0,"Mal, morir, culpa, fisico"
T07_S03,7,3,#7f7f7f,3,3,1.0,16.0,"Hija, mama, golpe"
T07_S04,7,4,#7f7f7f,4,6,1.0,16.0,"Ojala, suceder, resultar, mano"
T07_S05,7,5,#7f7f7f,3,3,1.0,15.0,"Curso, campamento, meter"
T07_S06,7,6,#7f7f7f,4,6,1.0,10.0,"Responsable, caer, alguien, adolescente"
T07_S07,7,7,#7f7f7f,3,2,0.667,9.0,"Pasar, culpable, tratar"
T08_S00,8,0,#bcbd22,4,6,1.0,55.0,"Maximo, temperatura, grado, ambiente"
T08_S01,8,1,#bcbd22,5,9,0.9,29.0,"Atencion, politico, falta, apoyo"
T08_S02,8,2,#bcbd22,4,5,0.833,23.0,"Zona, municipio, ayuntamiento, peligroso"
T09_S00,9,0,#17becf,6,11,0.733,21.0,"Mundo, invitar, recorrer, calle"
T09_S01,9,1,#17becf,3,3,1.0,20.0,"Dejar, marina, participacion"
T09_S02,9,2,#17becf,4,5,0.833,12.0,"Hora, continuar, sitio, generacion"
T09_S03,9,3,#17becf,5,7,0.7,12.0,"Operar, sistema, puerto, recurso"
T09_S04,9,4,#17becf,3,3,1.0,10.0,"Cuerpo, humano, conocimiento"
T10_S00,10,0,#aec7e8,3,3,1.0,24.0,"Madre, militar, alejandra"
T10_S01,10,1,#aec7e8,3,3,1.0,13.0,"Menor, actividad, revisar"
T10_S02,10,2,#aec7e8,3,3,1.0,12.0,"Medico, victima, salud"
T10_S03,10,3,#aec7e8,3,3,1.0,11.0,"Presunto, video, declaracion"
T10_S04,10,4,#aec7e8,3,3,1.0,9.0,"Exigir, macay, mariela"
T11_S00,11,0,#ffbb78,6,13,0.867,34.0,"Pequeno, mexicano, entender, enfrentar"
T11_S01,11,1,#ffbb78,6,12,0.8,27.0,"Aprovechar, mundial, alla, observar"
T11_S02,11,2,#ffbb78,6,12,0.8,27.0,"Explicar, impulsar, escenario, comercio"
T11_S03,11,3,#ffbb78,4,6,1.0,25.0,"Importante, economico, oportunidad, representar"
T11_S04,11,4,#ffbb78,3,3,1.0,11.0,"Ano, posibilidad, marcado"
T11_S05,11,5,#ffbb78,3,3,1.0,5.0,"Directivo, cambio, ayudar"
T12_S00,12,0,#98df8a,3,3,1.0,31.0,"Dafne, militarizado, localviernes"
T12_S01,12,1,#98df8a,6,11,0.733,29.0,"Antonio, juan, sosa, evento"
T12_S02,12,2,#98df8a,3,3,1.0,22.0,"Ciudad, mante, originario"
T12_S03,12,3,#98df8a,4,6,1.0,14.0,"Recibir, pedir, luis, localdomingo"
T13_S00,13,0,#ff9896,6,14,0.933,42.0,"Gobierno, escuchar, apoyar, responder"
T13_S01,13,1,#ff9896,5,9,0.9,37.0,"Deber, ley, pendiente, obra"
T13_S02,13,2,#ff9896,6,15,1.0,33.0,"Frente, hombre, evitar, tarde"
T13_S03,13,3,#ff9896,4,6,1.0,23.0,"Agua, utilizar, pescador, informar"
T14_S00,14,0,#c5b0d5,5,10,1.0,36.0,"Centro, general, region, comunidad"
T14_S01,14,1,#c5b0d5,3,3,1.0,26.0,"Millon, proyecto, construir"
T14_S02,14,2,#c5b0d5,4,6,1.0,17.0,"Terminar, esperar, indicar, encargado"
T14_S03,14,3,#c5b0d5,4,6,1.0,12.0,"Federal, frontera, coahuila, unidos"
T14_S04,14,4,#c5b0d5,4,5,0.833,10.0,"Infraestructura, generar, medio, grupo"
T14_S05,14,5,#c5b0d5,3,3,1.0,10.0,"Laredo, sumar, confirmar"
T15_S00,15,0,#1f77b4,5,10,1.0,38.0,"Joven, existir, declarar, mantener"
T15_S01,15,1,#1f77b4,6,13,0.867,30.0,"Delito, ocurrir, veracruz, considerar"
T15_S03,15,3,#1f77b4,3,2,0.667,17.0,"Familia, mar, instancia"
T16_S00,16,0,#ff7f0e,5,9,0.9,45.0,"Villarreal, monica, fortalecer, oferta"
T16_S01,16,1,#ff7f0e,4,6,1.0,31.0,"Prevencion, programa, bienestar, servicio"
T16_S02,16,2,#ff7f0e,3,3,1.0,10.0,"Jornada, saludable, familiar"
T17_S00,17,0,#2ca02c,6,14,0.933,44.0,"Investigacion, personal, diverso, inmediato"
T17_S01,17,1,#2ca02c,6,14,0.933,44.0,"Lograr, unidad, elemento, accion"
T17_S02,17,2,#2ca02c,4,5,0.833,19.0,"Autoridad, padre, correspondiente, legal"
T17_S03,17,3,#2ca02c,4,6,1.0,18.0,"Asegurar, perder, operativo, publico"
T17_S04,17,4,#2ca02c,5,10,1.0,17.0,"Atender, colonia, gestion, alcaldesa"
T18_S00,18,0,#d62728,3,3,1.0,17.0,"Situacion, fuga, emergencia"
T18_S01,18,1,#d62728,3,2,0.667,13.0,"Seguir, calidad, aparecer"
T18_S02,18,2,#d62728,3,3,1.0,8.0,"Inversion, publica, afiliado"
T20_S00,20,0,#8c564b,3,3,1.0,19.0,"Escuela, disciplina, instalacion"
T20_S01,20,1,#8c564b,3,3,1.0,19.0,"Presidenta, verano, ninos"
T20_S02,20,2,#8c564b,3,3,1.0,12.0,"Fuerza, iniciar, estatal"
T21_S00,21,0,#e377c2,8,18,0.643,32.0,"Sector, comision, presidente, principal"
T21_S01,21,1,#e377c2,6,13,0.867,24.0,"Vacacion, realidad, seguro, soler"
T21_S02,21,2,#e377c2,4,6,1.0,22.0,"Escolar, plantel, convertir, riesgo"
T21_S03,21,3,#e377c2,4,6,1.0,17.0,"Secretaria, equipo, direccion, entregar"
T22_S00,22,0,#7f7f7f,4,6,1.0,33.0,"Accidente, vida, nivel, unicamente"
T22_S01,22,1,#7f7f7f,4,6,1.0,18.0,"Llamado, encontrar, similar, hospital"
T22_S02,22,2,#7f7f7f,4,6,1.0,14.0,"Registrar, guardia, presencia, francisco"
T22_S03,22,3,#7f7f7f,3,3,1.0,10.0,"Ingresar, ubicado, area"
T23_S00,23,0,#bcbd22,8,18,0.643,45.0,"Dia, llegar, compartir, forma"
T23_S01,23,1,#bcbd22,3,3,1.0,29.0,"Exposicion, bodies, turistico"
T23_S03,23,3,#bcbd22,3,3,1.0,10.0,"Cultural, descubrir, especial"
T23_S04,23,4,#bcbd22,3,3,1.0,9.0,"Metropolitano, disfrutar, jardin"
T24_S00,24,0,#17becf,9,29,0.806,121.0,"Muerte, madero, amenazar, septiembre"
T24_S01,24,1,#17becf,4,6,1.0,103.0,"Militarizada, doenitz, seguridad, temer"
T24_S02,24,2,#17becf,4,6,1.0,46.0,"Academia, director, cobrar, denunciar"
T24_S03,24,3,#17becf,3,3,1.0,12.0,"Nombre, revelar, sexo"
T25_S00,25,0,#aec7e8,7,16,0.762,73.0,"Casa, responsabilidad, respetar, libertad"
T25_S01,25,1,#aec7e8,5,9,0.9,55.0,"Columna, cartones, loultimo, newsletter"
T25_S02,25,2,#aec7e8,5,9,0.9,45.0,"Mandar, correo, conversacion, resumen"
T25_S03,25,3,#aec7e8,5,10,1.0,29.0,"Quedar, proteccion, fuerte, abril"
