termino,tema_id,peso
tampico,0,0.07913977652788162
monica,0,0.056853801012039185
villarreal,0,0.04370623081922531
impulsar,0,0.029300542548298836
alcaldesa,0,0.027691591531038284
excelente,0,0.025610702112317085
deportivo,0,0.023375267162919044
deporte,0,0.023272287100553513
tampicotecuida,0,0.022574802860617638
seguir,0,0.021374644711613655
oportunidad,0,0.016525432467460632
deportiva,0,0.01105903834104538
felicidad,0,0.01046744454652071
evento,0,0.010217070579528809
felicidades,0,0.01009321492165327
festival,0,0.009746663272380829
historico,0,0.009693474508821964
municipal,0,0.009078997187316418
turismo,0,0.007822224870324135
centro,0,0.00759081169962883
regreso,0,0.0073939841240644455
generar,0,0.007176684681326151
nino,0,0.006783700548112392
salud,0,0.006760712247341871
margarita,0,0.0062227086164057255
minibasquet,0,0.0062223454006016254
equipo,0,0.006004857365041971
gracias,0,0.005707616452127695
renovar,0,0.005646985489875078
rehabilitacion,0,0.005587540101259947
esperar,0,0.00542408088222146
transformacion,0,0.005247608292847872
pilar,0,0.004456040449440479
organizacion,0,0.004384472034871578
clase,0,0.004098064731806517
fomentar,0,0.00402945838868618
gratuito,0,0.0036678588949143887
viva,0,0.0036223491188138723
ninez,0,0.003504271851852536
gracia,0,0.0034953681752085686
favor,0,0.0033194078132510185
entrada,0,0.0032362155616283417
auto,0,0.003189269918948412
precio,0,0.0031199126970022917
duda,0,0.003015114925801754
emprendedor,0,0.0029550620820373297
fiesta,0,0.0026903680991381407
mil,0,0.002667878521606326
conductor,0,0.0026640647556632757
ruiz,0,0.0025403001345694065
vivar,0,0.002332897624000907
derrama,0,0.0023154602386057377
modernizacion,0,0.0020257115829735994
restaurante,0,0.0017973710782825947
correcto,0,0.0017851322190836072
dafne,1,0.047939483076334
justicia,1,0.03240970894694328
gobernador,1,0.02745882421731949
americo,1,0.0217538271099329
familia,1,0.01969548873603344
exigir,1,0.01829022355377674
abuela,1,0.015455089509487152
investigacion,1,0.011913134716451168
pedir,1,0.010694468393921852
zapata,1,0.010411323979496956
apoyo,1,0.008782105520367622
laura,1,0.007272953167557716
madre,1,0.007251853588968515
recibir,1,0.007104077842086554
martinez,1,0.006829706486314535
asegurar,1,0.006667198613286018
nieta,1,0.006521773058921099
ley,1,0.006182795390486717
juana,1,0.005662153009325266
ingreso,1,0.0055726575665175915
pescador,1,0.004858103115111589
confianza,1,0.004828315693885088
sorgo,1,0.0046867504715919495
marcha,1,0.004577994346618652
sostener,1,0.0045565213076770306
voto,1,0.004441414959728718
ofrecer,1,0.004173399414867163
mama,1,0.004150179214775562
mandatario,1,0.004046767484396696
aplicar,1,0.004008820280432701
reconocimiento,1,0.003984477836638689
alejandra,1,0.0038207038305699825
peso,1,0.0037871990352869034
adriana,1,0.003721935674548149
pertenecer,1,0.003552856156602502
republica,1,0.003484784858301282
veda,1,0.0032286823261529207
merecido,1,0.0032194063533097506
sensibilidad,1,0.003208763664588332
premio,1,0.0032087622676044703
tonantzin,1,0.0032087620347738266
luz,1,0.0031782297883182764
tamaulipeco,1,0.0030067528132349253
pendiente,1,0.0029162848368287086
respuesta,1,0.0028621708042919636
obtener,1,0.002809325698763132
felicitar,1,0.0024512717500329018
pesca,1,0.0024475385434925556
perder,1,0.0024445971939712763
beneficiario,1,0.0024144563358277082
despensa,1,0.002414455870166421
tragedia,1,0.0023617446422576904
respaldar,1,0.002350194612517953
fallecer,1,0.0023015406914055347
esclarecer,1,0.0022716636303812265
pleno,1,0.002228804863989353
genero,1,0.0019583827815949917
eliminar,1,0.0016450966941192746
localmartes,1,0.0016327162738889456
resolucion,1,0.001592349843122065
amor,1,0.0015820724656805396
impune,1,0.0015545763308182359
zaragoza,1,0.0012802338460460305
busca,1,0.0012436755932867527
mexico,2,0.018789589405059814
servicio,2,0.012432295829057693
fiscal,2,0.011644786223769188
situacion,2,0.008472662419080734
victima,2,0.008402618579566479
oficina,2,0.007880870252847672
categoria,2,0.006684718653559685
jueves,2,0.006590258330106735
directo,2,0.0060075195506215096
tramite,2,0.005871549714356661
hija,2,0.00526548083871603
ampliar,2,0.00525593850761652
san,2,0.005215144716203213
costa,2,0.005208968184888363
plan,2,0.005182081367820501
afectar,2,0.005072912201285362
golfo,2,0.005064814351499081
atender,2,0.004852179903537035
fuerte,2,0.0044581713154911995
producto,2,0.004377079661935568
pago,2,0.0041758157312870026
meteorologico,2,0.004075234290212393
especial,2,0.004028334282338619
sed,2,0.0040260255336761475
vigilancia,2,0.003862419631332159
dolares,2,0.0035493311006575823
inscripcion,2,0.0033724065870046616
generacion,2,0.0031765277963131666
mercado,2,0.0031753394287079573
producir,2,0.0031753135845065117
electrico,2,0.003175312653183937
aclarar,2,0.003175307996571064
crecimiento,2,0.0031620636582374573
entrar,2,0.0031616988126188517
competencia,2,0.003081222763285041
mayo,2,0.0030603744089603424
coahuila,2,0.003054414177313447
anunciar,2,0.0030162751208990812
renovacion,2,0.0028783485759049654
asesino,2,0.0027733994647860527
valle,2,0.002761236624792218
objetivo,2,0.0027520942967385054
feria,2,0.0026117193046957254
cita,2,0.00232002348639071
secuestro,2,0.002130228327587247
evidencia,2,0.002130193170160055
intencion,2,0.0021301761735230684
negar,2,0.0021301605738699436
ala,2,0.00212857942096889
marca,2,0.002126517938449979
campeonato,2,0.00212550675496459
amplio,2,0.002121610101312399
cadena,2,0.002120894379913807
proveedor,2,0.002118635457009077
amenaza,2,0.002112596295773983
tijuana,2,0.0021117760334163904
viento,2,0.002110357629135251
fernando,2,0.002109722699970007
significar,2,0.002106898929923773
detallar,2,0.00207566493190825
afectado,2,0.0020335062872618437
presencia,2,0.001973481848835945
previo,2,0.0019103129161521792
celebrado,2,0.001801402191631496
domicilio,2,0.0016023506177589297
lamentar,2,0.0010973471216857433
expectativa,2,0.00109550217166543
cuanto,2,0.0010850836988538504
constante,2,0.0010850831167772412
fractura,2,0.0010850068647414446
dividido,2,0.0010486189275979996
mujer,3,0.007809448055922985
impulsado,3,0.006619661580771208
federal,3,0.0060858153738081455
encuentro,3,0.006061538588255644
garcia,3,0.005827993154525757
iniciativa,3,0.005597666837275028
economico,3,0.00553131802007556
responsable,3,0.005347023718059063
plaza,3,0.004727981984615326
corazon,3,0.004271470010280609
apoyar,3,0.004221695940941572
pardo,3,0.003942999057471752
decision,3,0.0039254045113921165
senadora,3,0.003728674491867423
beneficiar,3,0.003658492583781481
olga,3,0.003596310969442129
tecnologia,3,0.0035008022096008062
tierra,3,0.003465371672064066
participacion,3,0.0032366113737225533
tomar,3,0.0031477315351366997
patria,3,0.003111023921519518
energia,3,0.0031086995732039213
agradecer,3,0.003053708001971245
promover,3,0.0030322002712637186
direccion,3,0.0026836020406335592
herramienta,3,0.0026239610742777586
sosa,3,0.0026145114097744226
presente,3,0.0024918043054640293
pese,3,0.0023882007226347923
aprovechar,3,0.002367101376876235
roberto,3,0.0023643672466278076
autorizacion,3,0.0023626021575182676
plazo,3,0.002361275488510728
testigo,3,0.002360857790336013
posicion,3,0.002321257023140788
zacil,3,0.002275855280458927
diputada,3,0.0022470608819276094
venir,3,0.0021784636192023754
lleno,3,0.002168380655348301
preparacion,3,0.0019202912226319313
aparecer,3,0.001590315019711852
mover,3,0.0015890438808128238
originario,3,0.0015885395696386695
apostar,3,0.0015862217405810952
competitivo,3,0.001585575402714312
omar,3,0.0015796516090631485
gloria,3,0.0015715520130470395
absoluto,3,0.001557768788188696
sostenible,3,0.0015555326826870441
clave,3,0.0013052929425612092
columna,4,0.03371904417872429
noticias,4,0.019488634541630745
quedar,4,0.017372697591781616
mandar,4,0.015982292592525482
informativo,4,0.015929559245705605
loultimo,4,0.014767128974199295
cartones,4,0.014767126180231571
newsletter,4,0.014767124317586422
correo,4,0.014767122454941273
conversacion,4,0.014766586944460869
resumen,4,0.014756565913558006
opinion,4,0.011044562794268131
articulo,4,0.010985315777361393
libertad,4,0.009863842278718948
editorial,4,0.00986362062394619
respetar,4,0.00986362062394619
vertido,4,0.00986362062394619
emitir,4,0.009863263927400112
responsabilidad,4,0.00985956285148859
casa,4,0.009837258607149124
expresion,4,0.009637010283768177
tour,4,0.00943987350910902
francia,4,0.009236223064363003
buscar,4,0.008377598598599434
talento,4,0.008189593441784382
comenzar,4,0.007890507578849792
toro,4,0.006845352705568075
empresa,4,0.006225213874131441
ganar,4,0.005936174653470516
proyectar,4,0.004974380135536194
corona,4,0.004925924353301525
drenaje,4,0.004919087048619986
tercer,4,0.004893788602203131
guardia,4,0.004769075661897659
combustible,4,0.004760353825986385
fuerza,4,0.00440187519416213
isaac,4,0.004250198602676392
involucrado,4,0.0037539310287684202
hidrocarburo,4,0.0037481156177818775
clandestino,4,0.003746758447960019
culminar,4,0.0037385928444564342
minibasket,4,0.003736455226317048
abusar,4,0.003667073789983988
volar,4,0.0035984767600893974
futbolista,4,0.0035773259587585926
transparencia,4,0.0035202885046601295
expediente,4,0.0033859750255942345
ortega,4,0.003371115308254957
basico,4,0.0033362179528921843
terminar,4,0.0031745624728500843
organismo,4,0.002878322033211589
logro,4,0.002715079579502344
pemex,4,0.002518722089007497
practica,4,0.0024972085375338793
importacion,4,0.002495797351002693
appel,4,0.0024874191731214523
decada,4,0.0024870054330676794
terreno,4,0.002473279135301709
contrabando,4,0.0024281314108520746
cuento,4,0.002313547767698765
funcionario,4,0.002113714814186096
organizado,4,0.00209946115501225
prometer,4,0.002061636885628104
delincuencia,4,0.0017360975034534931
unicamente,4,0.0015234214952215552
dedicado,4,0.0012854482047259808
falla,4,0.0012843774165958166
lavado,4,0.0012833212967962027
sexenio,4,0.0012832020875066519
pagina,4,0.0012828524922952056
cantidad,4,0.0012828519102185965
checar,4,0.0012828507460653782
camioneta,4,0.0012825817102566361
robo,4,0.0012689882423728704
morena,5,0.015257718041539192
deber,5,0.01261822134256363
corrupto,5,0.010904578492045403
querer,5,0.010112104937434196
pais,5,0.009315472096204758
pasar,5,0.00801889132708311
huachicol,5,0.0074429283849895
lopez,5,0.0071374401450157166
culpable,5,0.007110974285751581
dinero,5,0.006884648930281401
puro,5,0.006401600781828165
salir,5,0.006354593671858311
creer,5,0.006344552151858807
dejar,5,0.006257560104131699
hablar,5,0.0058755697682499886
narco,5,0.005658067762851715
carcel,5,0.005553513765335083
rocha,5,0.005327404011040926
pueblo,5,0.005264790263026953
ruffo,5,0.005071863532066345
ojala,5,0.005037242546677589
cosa,5,0.004871801473200321
detener,5,0.004786815494298935
claro,5,0.004771370440721512
moya,5,0.0046103233471512794
nina,5,0.004526302218437195
adan,5,0.004311664961278439
andy,5,0.004103332292288542
amlo,5,0.004097995348274708
gustar,5,0.004077347926795483
augusto,5,0.0039934031665325165
empezar,5,0.003951979801058769
delincuente,5,0.0038237927947193384
peor,5,0.00379542401060462
resultar,5,0.0037318693939596415
hijo,5,0.003705529263243079
caer,5,0.0036749327555298805
cartel,5,0.003655933076515794
meter,5,0.003563087433576584
inocente,5,0.0035509581211954355
informacion,5,0.0035391671117395163
agarrar,5,0.0035234964452683926
mario,5,0.003513726405799389
parecer,5,0.003509041154757142
robar,5,0.003506661392748356
criminal,5,0.0034651930909603834
delgado,5,0.0034141389187425375
rata,5,0.0033686126116663218
mal,5,0.003304447280243039
problema,5,0.003284461796283722
pan,5,0.0032650905195623636
prian,5,0.0031778595875948668
senor,5,0.003156984457746148
cara,5,0.0031361235305666924
ernesto,5,0.003112825797870755
alguien,5,0.0030397935770452023
corrupcion,5,0.0028645885176956654
beltran,5,0.0028577514458447695
bola,5,0.0028490161057561636
proteger,5,0.002828793367370963
obrador,5,0.0027732967864722013
oposicion,5,0.002721810480579734
pri,5,0.0027205264195799828
crimen,5,0.002679351717233658
tocar,5,0.0026233054231852293
pensar,5,0.0025959424674510956
malo,5,0.002583721186965704
falso,5,0.0025495116133242846
mentira,5,0.0025196585338562727
hermano,5,0.0024867206811904907
culpar,5,0.002407488878816366
actuar,5,0.002358437282964587
votar,5,0.0022952486760914326
preso,5,0.002227805322036147
trump,5,0.0022213722113519907
aduana,5,0.002206592820584774
tren,5,0.002181468764320016
pendejo,5,0.0021654062438756227
mayoria,5,0.0021386914886534214
serio,5,0.002135429298505187
acabar,5,0.0021168915554881096
maximo,5,0.0019661770202219486
movimiento,5,0.0019126151455566287
mero,5,0.0019111474975943565
dificil,5,0.0019083952065557241
poderoso,5,0.001901501789689064
facil,5,0.0018965492490679026
comprar,5,0.0018965027993544936
morenista,5,0.0018552710535004735
golpear,5,0.0018259832868352532
impunidad,5,0.0018211818533018231
suceder,5,0.0018081035232171416
matar,5,0.0018073138780891895
cabeza,5,0.0018073078244924545
libre,5,0.0017731644911691546
asesinato,5,0.0017540780827403069
regimen,5,0.0017227092757821083
razon,5,0.001673421822488308
aceptar,5,0.0016362981405109167
chivo,5,0.001633183564990759
sedena,5,0.0016098790802061558
lamentable,5,0.0016002451302483678
durazo,5,0.0015959952725097537
inzunza,5,0.001585816266015172
presidencia,5,0.001582514145411551
ratero,5,0.0015618243487551808
eeuu,5,0.0015440984861925244
ahorita,5,0.001520205638371408
expiatorio,5,0.0015135332942008972
supuesto,5,0.0014925297582522035
rey,5,0.0014905938878655434
calderon,5,0.001481984625570476
miedo,5,0.0014752461574971676
mentiroso,5,0.001467637368477881
mediocre,5,0.0014495780924335122
costar,5,0.001386676449328661
echar,5,0.0012836172245442867
aparte,5,0.0012779298704117537
titere,5,0.0012719392543658614
perseguir,5,0.0012680630898103118
inepto,5,0.001195017946884036
castigar,5,0.001190405571833253
ojo,5,0.0011340318014845252
construccion,6,0.010102848522365093
esfuerzo,6,0.0098428288474679
deportista,6,0.007764626294374466
beisbol,6,0.007002485916018486
carretera,6,0.0069380635395646095
campeon,6,0.0064267609268426895
cierre,6,0.006044116336852312
estrategia,6,0.005300075281411409
orgullo,6,0.005061716306954622
acceso,6,0.005051213316619396
frontera,6,0.004883203189820051
reconocer,6,0.004843472968786955
formar,6,0.004449269734323025
produccion,6,0.0043899486772716045
acuerdo,6,0.004389684181660414
serie,6,0.004383716732263565
america,6,0.004383070394396782
medalla,6,0.004326841328293085
costo,6,0.004275146406143904
representar,6,0.004104925785213709
pequeno,6,0.004065928049385548
derechos,6,0.003934566862881184
productor,6,0.003926858771592379
instalacion,6,0.003773417556658387
resultado,6,0.0037427886854857206
amigo,6,0.0036599936429411173
reforzar,6,0.0034044450148940086
enfrentar,6,0.003395202336832881
yucatan,6,0.003320634365081787
reduccion,6,0.0032474130857735872
coordinador,6,0.0027821552939713
torre,6,0.0026863832026720047
dedicacion,6,0.002657729433849454
encuesta,6,0.002650283509865403
conquistar,6,0.0026480359956622124
locallunes,6,0.0026478113140910864
otorgar,6,0.0026473915204405785
violencia,6,0.002545588184148073
tampiqueno,6,0.002472948282957077
especialmente,6,0.0024687424302101135
hectarea,6,0.002377442317083478
humanos,6,0.002358443569391966
integrante,6,0.0020633942913264036
querido,6,0.001974147278815508
marino,6,0.0018521228339523077
juego,6,0.0017798177432268858
dominar,6,0.0017786113312467933
puebla,6,0.0017786100506782532
licencia,6,0.0017774106236174703
pagado,6,0.0017759809270501137
detras,6,0.0017757231835275888
panorama,6,0.0017756008310243487
proponer,6,0.0017691320972517133
campeche,6,0.0017116563394665718
voz,6,0.0016955060418695211
millon,7,0.017564598470926285
pesos,7,0.013637341558933258
inversion,7,0.009151162579655647
hospital,7,0.00818831566721201
guadalupe,7,0.007762608118355274
victoria,7,0.007722613401710987
atencion,7,0.007439866662025452
inaugurar,7,0.007008899003267288
cancha,7,0.006876569241285324
tiendas,7,0.005708396900445223
bara,7,0.005700984038412571
hidalgo,7,0.004554325714707375
tienda,7,0.0045119160786271095
natural,7,0.004358349833637476
col,7,0.004345498979091644
consulta,7,0.0043037510477006435
superior,7,0.004125063773244619
fuente,7,0.0040991296991705894
recuperar,7,0.003618854098021984
nieto,7,0.0035019784700125456
aplicacion,7,0.003496357938274741
soberania,7,0.0034948119428008795
electricidad,7,0.0034905271604657173
gira,7,0.0034486232325434685
traer,7,0.0032991934567689896
necesidad,7,0.0030287252739071846
extorsion,7,0.002635550918057561
diario,7,0.0026318789459764957
cruzar,7,0.002631611190736294
alla,7,0.002630205824971199
energetico,7,0.0026284402702003717
caminar,7,0.002357507823035121
franquicia,7,0.0022265345323830843
bajar,7,0.0020646171178668737
presumir,7,0.0017680953023955226
relacion,7,0.0017659403383731842
distancia,7,0.0017651659436523914
preguntar,7,0.0017650005174800754
diciembre,7,0.0017645799089223146
consumir,7,0.0017644742038100958
circular,7,0.0017640976002439857
abierto,7,0.0017639959696680307
activo,7,0.001762797124683857
cuantos,7,0.0017384022939950228
laboral,7,0.0017371532740071416
practicamente,7,0.0017370155546814203
diferencia,7,0.001734851161018014
periodo,8,0.009709665551781654
informar,8,0.009594611823558807
mantener,8,0.00909632258117199
educacion,8,0.008611047640442848
sur,8,0.008085024543106556
venta,8,0.00807205494493246
aumentar,8,0.007227498106658459
escolar,8,0.006751686800271273
empresario,8,0.0066459602676332
mes,8,0.006576771382242441
indicar,8,0.0053941975347697735
vacacional,8,0.005143784452229738
establecer,8,0.005135941319167614
comerciante,8,0.0051247249357402325
macay,8,0.004941931460052729
mariela,8,0.004941834136843681
visitante,8,0.004816320724785328
gonzalez,8,0.004642793908715248
vender,8,0.004527812823653221
temporada,8,0.004407601431012154
litro,8,0.004317682236433029
club,8,0.004288568161427975
establecimiento,8,0.004200699273496866
alcalde,8,0.003968733828514814
companero,8,0.0039426726289093494
cifra,8,0.003917308058589697
turista,8,0.003659814829006791
carlos,8,0.003555416828021407
paquete,8,0.0034932473208755255
fresco,8,0.0034611292649060488
visitar,8,0.0034502693451941013
oferta,8,0.003430163487792015
comparacion,8,0.0033573894761502743
ramirez,8,0.003337340895086527
garantizar,8,0.0033302248921245337
interes,8,0.003264401340857148
numero,8,0.003250815672799945
ciclo,8,0.003229878842830658
motocicleta,8,0.0031477021984755993
administracion,8,0.0031230836175382137
blanco,8,0.0031228086445480585
gestion,8,0.002988377120345831
actual,8,0.002607830800116062
resolver,8,0.002599615603685379
manifestar,8,0.002597081707790494
alcanzar,8,0.0025957070756703615
normal,8,0.0025699627585709095
reportar,8,0.002560128690674901
lesionado,8,0.0025524497032165527
detectar,8,0.0024836426600813866
impactar,8,0.002421255689114332
sitio,8,0.0023616563994437456
regional,8,0.002221672562882304
reciente,8,0.0022085034288465977
alcance,8,0.0021837628446519375
contratacion,8,0.0020739783067256212
facilitar,8,0.0017471512546762824
agregar,8,0.0017443696269765496
planta,8,0.0017442243406549096
alternativa,8,0.0017320881597697735
supervisar,8,0.001719202264212072
convenir,8,0.0017177092377096415
profundo,8,0.0016897883033379912
listo,8,0.001443179091438651
acordar,8,0.0014215937117114663
eduardo,8,0.0013476593885570765
vehicular,8,0.001183458138257265
ano,9,0.02133866213262081
liga,9,0.013930068351328373
futbol,9,0.010408560745418072
estadio,9,0.010064790025353432
apertura,9,0.00920808594673872
brava,9,0.008488481864333153
jaiba,9,0.008481437340378761
heroes,9,0.007566529791802168
ninos,9,0.007544608321040869
refineria,9,0.006094350013881922
arranque,9,0.005952389910817146
paz,9,0.005921157076954842
importante,9,0.005920372437685728
hotel,9,0.005114588420838118
demanda,9,0.00511143309995532
cruz,9,0.005101391579955816
piratas,9,0.00509748375043273
asociacion,9,0.005057689733803272
expansion,9,0.005030184984207153
gol,9,0.004948307294398546
responder,9,0.0042844838462769985
mostrar,9,0.004266981966793537
torneo,9,0.004260651301592588
mundial,9,0.004254809580743313
empatar,9,0.004250239115208387
jugador,9,0.0042285071685910225
mexicana,9,0.004190384875983
jesus,9,0.004147576168179512
innovacion,9,0.004143115133047104
firma,9,0.004141463432461023
minuto,9,0.004134864080697298
espera,9,0.004134770482778549
dividir,9,0.004098294302821159
imagen,9,0.004091671667993069
federacion,9,0.00408377218991518
alberto,9,0.003958517219871283
impulso,9,0.003864155849441886
tecnico,9,0.003851775312796235
industrial,9,0.0034285946749150753
torres,9,0.0034164292737841606
division,9,0.003385602729395032
privada,9,0.003350533079355955
tecnologica,9,0.003307549050077796
esquema,9,0.003256044117733836
unir,9,0.0030398499220609665
cerrar,9,0.0030016652308404446
decidir,9,0.0028426095377653837
visita,9,0.0025852497201412916
vista,9,0.0025832902174443007
junio,9,0.0025791493244469166
profesional,9,0.0025641953106969595
gerardo,9,0.0025636376813054085
hector,9,0.002560558496043086
operativo,9,0.0025565465912222862
jose,9,0.0024870289489626884
campo,9,0.002383656334131956
habitante,9,0.0023632487282156944
gabinete,9,0.0023121691774576902
concentrar,9,0.0022203067783266306
jugar,9,0.002175776520743966
adelantar,9,0.0017342987703159451
preocupacion,9,0.0017342637293040752
territorio,9,0.0017330058617517352
afuera,9,0.0017329498659819365
siquiera,9,0.0017328944522887468
representacion,9,0.001732598408125341
presentacion,9,0.0017295738216489553
triunfo,9,0.0016251869965344667
sonar,9,0.0014808271080255508
tamaulipas,10,0.0543547198176384
reynosa,10,0.031743600964546204
julio,10,0.0307550560683012
matamoros,10,0.028607821092009544
altamira,10,0.027310965582728386
nuevolaredo,10,0.026225296780467033
cdvictoria,10,0.025577658787369728
riobravo,10,0.01587999239563942
temperatura,10,0.013991711661219597
jornada,10,0.013416352681815624
antonio,10,0.012055435217916965
prision,10,0.011023630388081074
vallehermoso,10,0.010267680510878563
grado,10,0.010208376683294773
preventivo,10,0.009955034591257572
maria,10,0.00984154362231493
campos,10,0.009151415899395943
ciudadmadero,10,0.008943527936935425
sol,10,0.007878453470766544
elmante,10,0.007690893020480871
nuevoleon,10,0.007262879051268101
sistema,10,0.007261753547936678
macias,10,0.006768912076950073
alto,10,0.00674360292032361
lluvia,10,0.006638669408857822
ciudadvictoria,10,0.006593561265617609
tarde,10,0.006069117225706577
cdmx,10,0.006035548634827137
leon,10,0.006031516008079052
ambiente,10,0.0059302859008312225
prever,10,0.005672167520970106
registrar,10,0.005441067274659872
localsabado,10,0.0052503258921206
victor,10,0.005247784778475761
cercano,10,0.004976440221071243
sensacion,10,0.004604258108884096
termico,10,0.004594576079398394
iniciar,10,0.0043282113038003445
convenio,10,0.003965419717133045
dictar,10,0.0039051356725394726
escenario,10,0.003887454280629754
pronostico,10,0.0038368883542716503
monterrey,10,0.0038333763368427753
deportes,10,0.0035570296458899975
intenso,10,0.003259682795032859
manuel,10,0.0026652126107364893
raul,10,0.0026603799778968096
localmiercoles,10,0.002583535620942712
marzo,10,0.002321870531886816
suspension,10,0.0021938502322882414
exigencia,10,0.0021604541689157486
probable,10,0.0018723447574302554
incluir,10,0.0017230751691386104
atleta,10,0.0013549806317314506
minimo,10,0.00135315943043679
anaya,11,0.016980325803160667
leer,11,0.016425468027591705
completo,11,0.013357242569327354
nota,11,0.011602248065173626
red,11,0.011188081465661526
link,11,0.01085660606622696
click,11,0.01080449391156435
turistico,11,0.010480973869562149
invitamos,11,0.010061933659017086
web,11,0.010031098499894142
dando,11,0.010029089637100697
estamosentodaspart,11,0.009252892807126045
somoslared,11,0.0092269042506814
dif,11,0.007526027970016003
encabezar,11,0.006340446416288614
destino,11,0.005938486661761999
miramar,11,0.005665554199367762
verano,11,0.0055372328497469425
tar,11,0.005528478883206844
curso,11,0.003992143552750349
proposito,11,0.0037903389893472195
playa,11,0.0037884388584643602
desarrollar,11,0.003703869879245758
reunion,11,0.0036664337385445833
alianza,11,0.003638633294031024
acercar,11,0.0035602403804659843
mujeres,11,0.0035476640332490206
ayuntamiento,11,0.003482767380774021
consolidar,11,0.003371346974745393
inteligencia,11,0.003341764211654663
integrar,11,0.0033319517970085144
artificial,11,0.0032390798442065716
capital,11,0.0031920436304062605
reto,11,0.0031814787071198225
delegado,11,0.003149743191897869
mesa,11,0.002870189258828759
reencarpetado,11,0.0028699429240077734
titular,11,0.0027654285077005625
vacacion,11,0.0024521267041563988
realidad,11,0.0024368013255298138
percepcion,11,0.0024032711517065763
mando,11,0.00240288651548326
conocido,11,0.0023946163710206747
independiente,11,0.0023862249217927456
transitar,11,0.0023830158170312643
coordinar,11,0.0022532769944518805
cuidado,11,0.002171675907447934
inclusion,11,0.0020167683251202106
llegada,11,0.0016122314846143126
lejos,11,0.0016122219385579228
romper,11,0.0016122080851346254
recientemente,11,0.0016118391649797559
comentar,11,0.0016070494893938303
informe,11,0.0016017785528674722
prioritario,11,0.0015714369947090745
nacional,12,0.024198805913329124
militarizado,12,0.009463577531278133
arbol,12,0.006899217143654823
comercio,12,0.005990583915263414
sumar,12,0.005826050415635109
formacion,12,0.005751118529587984
modelo,12,0.004776885267347097
patrimonio,12,0.0046099829487502575
falta,12,0.004458205308765173
unidos,12,0.004126903600990772
sembrar,12,0.004120025783777237
cualquiera,12,0.0038507708813995123
especialista,12,0.003814274910837412
sep,12,0.0037303923163563013
mexicanos,12,0.0037146173417568207
asimismo,12,0.0035927502904087305
operacion,12,0.0034961840137839317
carga,12,0.003146909410133958
educativo,12,0.0031115480232983828
hombre,12,0.003100773086771369
interno,12,0.0030879697296768427
dependencia,12,0.003074228996410966
verde,12,0.0029793831054121256
legal,12,0.0029773665592074394
andres,12,0.0029097669757902622
alimento,12,0.0025187889114022255
supervision,12,0.002474942011758685
preparar,12,0.0024313179310411215
correr,12,0.0024131364189088345
estructura,12,0.0023259655572474003
grave,12,0.0023155082017183304
limitar,12,0.00231480086222291
inmediato,12,0.002303727902472019
institucional,12,0.0022934633307158947
comandante,12,0.0022858630400151014
factor,12,0.002266792580485344
territorial,12,0.002156050642952323
comunicacion,12,0.0020388609264045954
localjueves,12,0.0020312685519456863
ruta,12,0.0020299211610108614
gob,12,0.0015803196001797915
burgos,12,0.0015794291393831372
matutina,12,0.0015785666182637215
constitucional,12,0.0015771661419421434
siglo,12,0.0015735396882519126
criterio,12,0.0015716474736109376
interesado,12,0.0015706616686657071
respaldado,12,0.0015652773436158895
gasto,12,0.0015055839903652668
modalidad,12,0.0014939189422875643
muestra,12,0.0014880778035148978
creacion,12,0.0014326437376439571
servidor,12,0.0013716609682887793
argumento,12,0.0013576082419604063
local,13,0.015418924391269684
puerta,13,0.009900283068418503
distintivo,13,0.009494630619883537
programa,13,0.009234588593244553
entrega,13,0.009134331718087196
cumplir,13,0.008559498935937881
hidraulico,13,0.008322139270603657
concreto,13,0.007868391461670399
avenida,13,0.0068646022118628025
continuar,13,0.0067988112568855286
personaje,13,0.006743042264133692
politica,13,0.006431950256228447
pavimentacion,13,0.006193459965288639
tercero,13,0.005826010834425688
capacidad,13,0.005817938130348921
manana,13,0.005629249848425388
martes,13,0.005241787992417812
abrir,13,0.00500882463529706
inauguracion,13,0.004895546939224005
determinacion,13,0.004450786858797073
poblacion,13,0.004440969787538052
ecosistema,13,0.004419551696628332
confirmar,13,0.004418663214892149
avance,13,0.004393890965729952
quitar,13,0.004389217589050531
colegio,13,0.004306198097765446
noche,13,0.004261119291186333
advertir,13,0.004197665490210056
propuesta,13,0.004165922291576862
estudiante,13,0.0040710968896746635
servytur,13,0.003997257445007563
anuncio,13,0.0039413548074662685
medio,13,0.003721942426636815
economia,13,0.003542860271409154
concanaco,13,0.003450958523899317
ciudadano,13,0.0030692846048623323
desaparicion,13,0.0029871854931116104
manglar,13,0.0029859538190066814
fuero,13,0.002985948696732521
papa,13,0.0029858804773539305
solucion,13,0.0029832019936293364
liderazgo,13,0.002981369150802493
tecnologico,13,0.0029770031105726957
autonoma,13,0.0029769353568553925
paseo,13,0.002976564224809408
ingenieria,13,0.002974651288241148
resto,13,0.0029635753016918898
hidrosanitaria,13,0.002955188974738121
productivo,13,0.002948120003566146
consumo,13,0.002937236102297902
competitividad,13,0.0029013329185545444
clasico,13,0.002823402639478445
noreste,13,0.002802521688863635
expresar,13,0.0027203187346458435
dirigente,13,0.0026547822635620832
garza,13,0.002652703318744898
provocar,13,0.002639741636812687
cuyo,13,0.002618152182549238
crear,13,0.002405002014711499
prosperidad,13,0.002221297472715378
esperado,13,0.0018010386265814304
batalla,13,0.001690759789198637
financiero,13,0.0015210156561806798
empresarial,13,0.0015210132114589214
prensa,13,0.0015210036654025316
firmar,13,0.0015207291580736637
gana,13,0.0015202605864033103
departamento,13,0.001520030084066093
posibilidad,13,0.001520028687082231
mecanismo,13,0.0015192709397524595
panista,13,0.0015191350830718875
prevenir,13,0.0015188611578196287
telefono,13,0.0015183716313913465
materia,13,0.0015183406649157405
durar,13,0.0015153612475842237
papel,13,0.0015152974519878626
potencial,13,0.0015005270252004266
favorecer,13,0.0014870564918965101
superar,13,0.0014038875233381987
cuenca,14,0.01034513395279646
gobierno,14,0.010208015330135822
social,14,0.00894468929618597
grupo,14,0.007864621467888355
claudia,14,0.00668615847826004
historia,14,0.006249861791729927
pasion,14,0.0055672042071819305
recomendacion,14,0.005521147511899471
gas,14,0.005098249297589064
convencional,14,0.004953628405928612
distinto,14,0.004834621679037809
impuesto,14,0.004743109457194805
ambiental,14,0.004672546871006489
reforma,14,0.004638803191483021
sacar,14,0.004620697349309921
fracking,14,0.004557414911687374
importancia,14,0.004503387492150068
existir,14,0.004451405722647905
colaboracion,14,0.004445564933121204
negocio,14,0.00434537697583437
impacto,14,0.004217454697936773
crecer,14,0.003929768223315477
laredo,14,0.0037733332719653845
baja,14,0.0037414904218167067
cargo,14,0.003718357300385833
gabriel,14,0.0036018341779708862
texas,14,0.003590490436181426
explicar,14,0.0033745942637324333
expo,14,0.003080507041886449
localviernes,14,0.003023273078724742
codigo,14,0.002832710510119796
firme,14,0.002811356680467725
plantear,14,0.002807577606290579
gobernadores,14,0.0028023526538163424
salon,14,0.0028016529977321625
conferencia,14,0.0028015323914587498
analisis,14,0.0027950797230005264
california,14,0.002788511337712407
motor,14,0.002700884360820055
comite,14,0.0026724296621978283
cientifico,14,0.0026707861106842756
marco,14,0.002615224104374647
regalar,14,0.0025020877365022898
judicial,14,0.002442173892632127
perfecto,14,0.002312272787094116
promesa,14,0.002308292780071497
unam,14,0.0021254292223602533
positivo,14,0.001886675599962473
postura,14,0.001886051264591515
eleccion,14,0.0018860053969547153
extraccion,14,0.0018796506337821484
bastar,14,0.0018790356116369367
real,14,0.0018784618005156517
revelar,14,0.0018740663072094321
administrar,14,0.0018654147861525416
integrado,14,0.0018562200712040067
descartar,14,0.0018536916468292475
corte,14,0.001840553479269147
lider,14,0.0018258568597957492
cambio,14,0.0017680521123111248
medir,14,0.0017675065901130438
estadounidense,14,0.0017647423082962632
avila,14,0.0012334642233327031
agosto,15,0.012396380305290222
taller,15,0.010843122377991676
metro,15,0.010512360371649265
nivel,15,0.009189859963953495
mexicano,15,0.008213701657950878
cultural,15,0.007288592401891947
artes,15,0.004833253566175699
viernes,15,0.00474550062790513
arte,15,0.004628967493772507
horario,15,0.004589635878801346
fecha,15,0.004176564980298281
encabezado,15,0.0040719108656048775
final,15,0.0038451356813311577
metropolitano,15,0.00372066767886281
lunes,15,0.003688703989610076
etapa,15,0.003651834325864911
femenil,15,0.0033879110123962164
representante,15,0.0032859817147254944
registro,15,0.003205425338819623
invitar,15,0.0031700744293630123
desaparecido,15,0.0031156253535300493
hrs,15,0.0029999830294400454
miercoles,15,0.002953330287709832
azul,15,0.0028133841697126627
detalles,15,0.002805427648127079
escueladeartesmetro,15,0.002804999705404043
informes,15,0.0028047782834619284
participante,15,0.002764587290585041
teatro,15,0.002707721898332238
conectar,15,0.002706407569348812
maestro,15,0.002269695047289133
top,15,0.0022554865572601557
chihuahua,15,0.002254719380289316
mirar,15,0.002217941451817751
disenado,15,0.0021336451172828674
estudiar,15,0.002037573605775833
aca,15,0.0018434446537867188
estudio,15,0.0017173042288050056
enero,15,0.0017052639741450548
canaco,15,0.0017014351906254888
mental,15,0.0017006535781547427
octavio,15,0.0016991130542010069
titulo,15,0.0016647730953991413
pie,15,0.001628593890927732
proyeccion,15,0.001604617340490222
tecnica,15,0.0015982079785317183
fase,15,0.0015756235225126147
elegir,15,0.0015557119622826576
salvador,15,0.0015366915613412857
laboratorio,15,0.001536575728096068
enfocado,15,0.0015191693091765046
establecido,15,0.0015068313805386424
perfil,15,0.0011469636810943484
copa,15,0.0011450406163930893
bravo,15,0.0011448414297774434
plantilla,15,0.0011437179055064917
vocacion,15,0.0011423677206039429
emprender,15,0.0011333890724927187
autoridad,16,0.009261179715394974
seguridad,16,0.0067060268484056
secretaria,16,0.006469820626080036
delito,16,0.0063589392229914665
senalar,16,0.006316198036074638
participar,16,0.005345252808183432
destacar,16,0.00508302403613925
jaumave,16,0.004726551938802004
condicion,16,0.0041155265644192696
area,16,0.0036601240281015635
camino,16,0.003609288949519396
afirmar,16,0.0036014998331665993
calor,16,0.0035204316955059767
considerar,16,0.0034049134701490402
cuidar,16,0.003333937143906951
comision,16,0.0031654404010623693
relacionado,16,0.0030814041383564472
aspecto,16,0.0029439020436257124
rural,16,0.002819033106788993
rehabilitar,16,0.0028187676798552275
coordinado,16,0.0025782303418964148
determinar,16,0.0025500417686998844
protocolo,16,0.002504180883988738
pena,16,0.002434659283608198
publica,16,0.0022817354183644056
voluntario,16,0.0021562373731285334
recomendar,16,0.0020867029670625925
comunicado,16,0.0019528623670339584
animal,16,0.0018470174400135875
acuerda,16,0.0018103686161339283
dana,16,0.0017744996584951878
sigar,16,0.001769785420037806
invertir,16,0.0017694741254672408
subrayar,16,0.0017682075267657638
inseguridad,16,0.0014853919856250286
recuperacion,16,0.001480288919992745
influencia,16,0.001479018130339682
mananera,16,0.0014789231354370713
puntual,16,0.0014671800890937448
inspeccion,16,0.0014644069597125053
procedimiento,16,0.0014634036924690008
prioridad,16,0.0014541813870891929
tamaulipeca,16,0.0013003064086660743
encargado,16,0.0011812784941866994
renovado,16,0.001118481275625527
saludo,17,0.011297127231955528
ciento,17,0.009782620705664158
region,17,0.009542821906507015
mante,17,0.007831190712749958
estatal,17,0.007757765240967274
libramiento,17,0.007757158949971199
poniente,17,0.007007011212408543
seguro,17,0.006559315603226423
estacion,17,0.006301637273281813
consejo,17,0.006229352671653032
avanzar,17,0.006176657043397427
diaz,17,0.006078001111745834
contemplar,17,0.005352863110601902
electoral,17,0.004997525829821825
entregar,17,0.0047108884900808334
mundo,17,0.0037705220747739077
definir,17,0.003767738351598382
luna,17,0.003766614943742752
ubicar,17,0.00376437371596694
cautelar,17,0.003763396991416812
instituto,17,0.003760251682251692
medida,17,0.0036710884887725115
indicacion,17,0.0036683690268546343
jalisco,17,0.003665125695988536
utilizar,17,0.0035200826823711395
acusar,17,0.0033317054621875286
puerto,17,0.0033082629088312387
miguel,17,0.0032407238613814116
industria,17,0.003212887793779373
enhorabuena,17,0.0030460350681096315
aleman,17,0.0030142071191221476
incremento,17,0.0029151516500860453
directamente,17,0.0028361205477267504
temporal,17,0.002659286605194211
invitacion,17,0.0025834920816123486
socio,17,0.002528124488890171
estacionamiento,17,0.002528121927753091
vigente,17,0.0025280995760113
instalar,17,0.002524787560105324
colocar,17,0.0025236911606043577
kilometro,17,0.0025232795160263777
dirigido,17,0.0025232776533812284
estancia,17,0.002521979156881571
septiembre,17,0.002521116053685546
fronterizo,17,0.002519677858799696
especializado,17,0.002518049208447337
monreal,17,0.0024998080916702747
pedro,17,0.0024548163637518883
controlar,17,0.002342154271900654
suspender,17,0.0017610123613849282
asunto,17,0.0016710918862372637
formal,17,0.0014054292114451528
implementar,17,0.0012886279728263617
regla,17,0.0012877854751423001
regir,17,0.0012877853587269783
coincidir,17,0.001287780120037496
difundir,17,0.0012877797707915306
ciencia,17,0.001287778839468956
exceso,17,0.0012877784902229905
subir,17,0.0012839463306590915
television,17,0.0012833140790462494
ejecutivo,17,0.001282048993743956
ciudad,18,0.023101627826690674
madero,18,0.015494143590331078
policia,18,0.0074927303940057755
municipio,18,0.006779609713703394
exposicion,18,0.006662055384367704
vehiculo,18,0.0063588377088308334
disfrutar,18,0.006173642817884684
reunir,18,0.005666652228683233
causa,18,0.005569010972976685
respaldo,18,0.005512654781341553
aliado,18,0.005409424193203449
solicitar,18,0.005213647149503231
reiterar,18,0.00439984118565917
gusto,18,0.004336660727858543
exito,18,0.004327455069869757
asistente,18,0.004316779784858227
santo,18,0.004311251454055309
recorrer,18,0.004221414215862751
recorrido,18,0.004204575903713703
movilizacion,18,0.004166828002780676
convocatoria,18,0.004159541334956884
rodriguez,18,0.004000193439424038
reyes,18,0.0039238217286765575
increible,18,0.003863061312586069
forma,18,0.003401553723961115
demostrar,18,0.003333956003189087
recurso,18,0.0033236790914088488
oficial,18,0.003305919235572219
identidad,18,0.0029198634438216686
tradicion,18,0.0029136526864022017
guerra,18,0.002913492266088724
ceremonia,18,0.0029131693299859762
acompanado,18,0.0029131686314940453
armando,18,0.002913166768848896
saludos,18,0.002913164906203747
sabado,18,0.0029131630435585976
tradicional,18,0.0029086177237331867
gastronomia,18,0.002908463357016444
flores,18,0.0029083003755658865
oscar,18,0.0029081141110509634
acompanar,18,0.002907902467995882
sucursal,18,0.002907694084569812
gomez,18,0.0029072624165564775
angel,18,0.002907251240685582
cultura,18,0.0029068777803331614
referente,18,0.0029064880218356848
imponer,18,0.002903573913499713
referir,18,0.002903508488088846
adulto,18,0.002898954087868333
inicial,18,0.0028965529054403305
capacitacion,18,0.0028962146025151014
motivo,18,0.0028960315976291895
celebrar,18,0.002895849524065852
blanca,18,0.0028848780784755945
refrendar,18,0.0028535122983157635
protesta,18,0.0028532075230032206
manifestacion,18,0.002837900072336197
comentario,18,0.00279212836176157
requisito,18,0.002639117417857051
conforme,18,0.002518343273550272
ejercer,18,0.0024304408580064774
abandono,18,0.0022313634399324656
respeto,18,0.0016389862867072225
riqueza,18,0.0014841764932498336
aire,18,0.0014839378418400884
abrazo,18,0.001483936794102192
lista,18,0.0014837688067927957
vivo,18,0.001481544808484614
adquirir,18,0.0014784762170165777
detalle,18,0.001478297170251608
incrementar,18,0.001476429752074182
cercania,18,0.0014716337900608778
dulce,18,0.001357946079224348
dia,19,0.011493219062685966
carrera,19,0.010574507527053356
veracruz,19,0.007068258244544268
partido,19,0.007014005910605192
comercial,19,0.006890407297760248
norte,19,0.005849472247064114
via,19,0.005846699234098196
encontrar,19,0.005831889808177948
mantenimiento,19,0.005639262497425079
emergencia,19,0.005133461207151413
unico,19,0.005094893276691437
lograr,19,0.004801468458026648
juventud,19,0.004410669207572937
labor,19,0.004158494994044304
naturaleza,19,0.004007208626717329
universidad,19,0.00393293984234333
maniobra,19,0.00385842751711607
rapido,19,0.003599288873374462
auxilio,19,0.0035634394735097885
super,19,0.0035331372637301683
conurbado,19,0.0034503049682825804
hermoso,19,0.003335377899929881
transporte,19,0.0033231026027351618
atractivo,19,0.0033010151237249374
opcion,19,0.003241658443585038
humano,19,0.00316532701253891
convertir,19,0.0030816064681857824
privado,19,0.003006660146638751
tampia,19,0.0029879864305257797
aprobar,19,0.002946522319689393
viaje,19,0.00294068013317883
puesto,19,0.00291727134026587
trabajador,19,0.002905457280576229
idea,19,0.0027387156151235104
mauricio,19,0.002715234411880374
etc,19,0.0026026663836091757
pronto,19,0.002275001723319292
esperanza,19,0.0022543766535818577
promocion,19,0.0022335518151521683
regresar,19,0.0021278916392475367
disponible,19,0.002041263971477747
funcion,19,0.00203566811978817
report,19,0.0020352366846054792
manejo,19,0.0020347218960523605
nacer,19,0.0020327530801296234
sentido,19,0.0020326143130660057
bolsa,19,0.0020320373587310314
merecer,19,0.0020298680756241083
extranjero,19,0.002028346061706543
pension,19,0.002024767454713583
intervencion,19,0.0020245984196662903
sede,19,0.002010396448895335
tampicovacontodos,19,0.001960464520379901
adecuado,19,0.00196046382188797
funcionamiento,19,0.001960460329428315
incorporar,19,0.0019602247048169374
vision,19,0.0019529566634446383
ayuda,19,0.001951419748365879
protegido,19,0.001936697750352323
guia,19,0.0018287451239302754
olvidar,19,0.0017414630856364965
similar,19,0.0017361895879730582
pobre,19,0.0016390059608966112
sueno,19,0.0015583564527332783
apuesta,19,0.0012895026011392474
boca,19,0.0012403177097439766
ocultar,19,0.00106358015909791
justo,19,0.0010420068865641952
central,19,0.0010390881216153502
mira,19,0.0010372544638812542
ordenar,19,0.001034971559420228
color,19,0.0010341404704377055
raiz,19,0.001033359905704856
laguna,20,0.01831877790391445
colonia,20,0.013622953556478024
zona,20,0.011241008527576923
proteccion,20,0.010010714642703533
chairel,20,0.009545502252876759
calle,20,0.009433622471988201
civil,20,0.008232491090893745
carpintero,20,0.007560720667243004
cocodrilo,20,0.007284244988113642
llegar,20,0.006757011171430349
vivir,20,0.006428965367376804
riesgo,20,0.006378899794071913
transformar,20,0.006200993433594704
descubrir,20,0.0059839049354195595
familiar,20,0.00594816030934453
contar,20,0.005329788196831942
permanente,20,0.005153403617441654
hernandez,20,0.005119339097291231
experiencia,20,0.004995177499949932
notificar,20,0.004795382265001535
inmueble,20,0.004668897017836571
publicos,20,0.004185661673545837
servicios,20,0.004185596480965614
yadira,20,0.004138022195547819
cuerpo,20,0.003705480368807912
vivienda,20,0.003672506893053651
vecino,20,0.003598286071792245
ocasion,20,0.0034328976180404425
analizar,20,0.0033280011266469955
mascota,20,0.003273199312388897
linea,20,0.003258086508139968
viajar,20,0.0031607106793671846
ciudadana,20,0.0031440765596926212
propietario,20,0.003068762132897973
tratar,20,0.0028098858892917633
edificio,20,0.0027472281362861395
cambiar,20,0.0026865191757678986
sabor,20,0.0026273804251104593
recuerdo,20,0.002559558255597949
tanque,20,0.0025430333334952593
carro,20,0.002541283145546913
limitado,20,0.0024650883860886097
juridico,20,0.0024528608191758394
incidente,20,0.0024021940771490335
juan,20,0.0023948403540998697
estructural,20,0.002376760123297572
comun,20,0.002318819984793663
confiar,20,0.0022672016639262438
rodeado,20,0.0022549706045538187
rica,20,0.0022335369139909744
compania,20,0.0022195782512426376
habitar,20,0.0022134026512503624
mar,20,0.0020877267234027386
autobus,20,0.002082908060401678
accidente,20,0.002066453220322728
bonito,20,0.0020381417125463486
llamar,20,0.0019805217161774635
sentir,20,0.0019082339713349938
ingresar,20,0.0018574942369014025
limpio,20,0.0018471345538273454
edad,20,0.0018443017033860087
sufrir,20,0.0017708815867081285
aventura,20,0.001511515467427671
localdomingo,20,0.0014537983806803823
ortiz,20,0.0012446832843124866
tranquilo,20,0.0012439077254384756
militar,21,0.02047584019601345
investigar,21,0.015280092135071754
disciplina,21,0.012002727016806602
institucion,21,0.010198069736361504
unidad,21,0.009674269706010818
sheinbaum,21,0.00828463863581419
reforestacion,21,0.008160552009940147
marina,21,0.007051378488540649
movil,21,0.006748605519533157
sonrisas,21,0.006470584310591221
cuando,21,0.005470996256917715
quinto,21,0.005371592938899994
gente,21,0.005363456904888153
base,21,0.005276140291243792
escuchar,21,0.005243381019681692
delegacion,21,0.0052230702713131905
denunciar,21,0.005193999037146568
denuncia,21,0.004885607864707708
campana,21,0.004645586013793945
operar,21,0.004636811092495918
estricto,21,0.004353477153927088
evitar,21,0.004121172241866589
facultad,21,0.004089272581040859
revision,21,0.004089247900992632
volver,21,0.003946058452129364
sexual,21,0.003941780421882868
enviar,21,0.003839588724076748
necesario,21,0.003738641971722245
pelota,21,0.003728624200448394
juicio,21,0.0036208292003721
registrado,21,0.0033452645875513554
revisar,21,0.0033192713744938374
abuso,21,0.003202825551852584
domingo,21,0.0027670764829963446
comida,21,0.0027637912426143885
ocupar,21,0.002762880641967058
agresion,21,0.0027621863409876823
donde,21,0.0027594882994890213
caracter,21,0.0027564605697989464
rumbo,21,0.002755453111603856
inicio,21,0.002754815388470888
altura,21,0.0027541439048945904
tonto,21,0.0027540945447981358
conservacion,21,0.0027538358699530363
armado,21,0.0027445373125374317
oficialmente,21,0.0027219168841838837
lic,21,0.002706727711483836
acto,21,0.002483245451003313
correspondiente,21,0.002326395595446229
enorme,21,0.0014078468084335327
documento,21,0.0014078421518206596
psicologico,21,0.0014076902298256755
rendir,21,0.0014076835941523314
proceder,21,0.0014076402876526117
mitad,21,0.0014073566999286413
aprovechamiento,21,0.0014073154889047146
epoca,21,0.0014070981414988637
gobernadora,21,0.0014070860343053937
asumir,21,0.0014070834731683135
palacio,21,0.0014069996541365981
academico,21,0.0014008120633661747
obviamente,21,0.0014002076350152493
precisar,21,0.0013986406847834587
mandataria,21,0.0013950158609077334
presidenta,22,0.013894935138523579
construir,22,0.00880385097116232
presidente,22,0.0061724684201180935
politico,22,0.0061294157058000565
padre,22,0.006089799106121063
cdmadero,22,0.005858882796019316
ejercito,22,0.0057692318223416805
servir,22,0.0052997698076069355
personal,22,0.0051824310794472694
senora,22,0.005144199356436729
grande,22,0.005098503548651934
defender,22,0.004579038359224796
mano,22,0.004541895817965269
faltar,22,0.004354867152869701
permiso,22,0.004123759921640158
medico,22,0.003940883092582226
tortura,22,0.0038753647822886705
necesitar,22,0.0038697293493896723
particular,22,0.0037958226166665554
semana,22,0.003674151608720422
dueno,22,0.0036380672827363014
periodista,22,0.003614894114434719
depender,22,0.0035738488659262657
dano,22,0.0034261448308825493
corresponder,22,0.0034206323325634003
basura,22,0.0034123393706977367
palabra,22,0.003307855222374201
pagar,22,0.003260576631873846
ayudar,22,0.003255310468375683
doctor,22,0.0032207940239459276
importar,22,0.0031705040019005537
verguenza,22,0.002729590516537428
inmediatamente,22,0.0027206793893128633
pinche,22,0.002591533586382866
presion,22,0.0025728524196892977
valer,22,0.0024890501517802477
viejo,22,0.0022960142232477665
clima,22,0.0021278487984091043
totalmente,22,0.0021141197066754103
contratar,22,0.0020591479260474443
guardar,22,0.0020538242533802986
conocimiento,22,0.0019973781891167164
vaca,22,0.0019805303309112787
ganancia,22,0.0019458093447610736
publicar,22,0.0018994627753272653
raro,22,0.00189180055167526
presidentar,22,0.0018656584434211254
funcionar,22,0.0018254596507176757
nacion,22,0.0018216086318716407
quintana,22,0.0017629889771342278
diputado,22,0.0016825739294290543
complejo,22,0.0016812909161671996
dedicar,22,0.0016106755938380957
asta,22,0.0015354456845670938
alumna,22,0.0015340318204835057
andar,22,0.0015058612916618586
requerir,22,0.0013837342849001288
peligro,22,0.0013763003516942263
manejar,22,0.0013756537809967995
bienestar,23,0.019434724003076553
fortalecer,23,0.015633609145879745
espacio,23,0.012766952626407146
accion,23,0.011875919997692108
vida,23,0.010886136442422867
obra,23,0.010821173898875713
desarrollo,23,0.009573204442858696
mejorar,23,0.008828040212392807
compromiso,23,0.008725116960704327
agua,23,0.008713792078197002
urbano,23,0.008572613820433617
permitir,23,0.00833120197057724
infraestructura,23,0.007894951850175858
beneficio,23,0.007484033703804016
proyecto,23,0.007420535199344158
brindar,23,0.007251071743667126
futuro,23,0.006976219359785318
secretario,23,0.006258155684918165
actividad,23,0.00585399754345417
internacional,23,0.005769583862274885
calidad,23,0.0053066713735461235
vial,23,0.005260593723505735
comunidad,23,0.005219775252044201
movilidad,23,0.005158402491360903
estrategico,23,0.005136001855134964
vialidad,23,0.005102300550788641
digno,23,0.004761442542076111
entorno,23,0.00463663088157773
compartir,23,0.004626687616109848
convivencia,23,0.0044773840345442295
aprender,23,0.004412167239934206
frente,23,0.004409664776176214
noticia,23,0.0043493881821632385
contribuir,23,0.004329454153776169
entidad,23,0.0043241409584879875
perro,23,0.004041882231831551
coordinacion,23,0.004024337977170944
tampicovacontodo,23,0.0039544254541397095
ciudadania,23,0.003927885554730892
cabo,23,0.003910754807293415
tampiquenas,23,0.0038226882461458445
sector,23,0.003778911428526044
parque,23,0.003737865714356303
transito,23,0.0037356929387897253
principal,23,0.0037165582180023193
tampiquena,23,0.0037064796779304743
obras,23,0.0036553358659148216
publicas,23,0.003646099241450429
reflejar,23,0.00364002026617527
conjunto,23,0.0036204056814312935
reafirmar,23,0.0032837195321917534
seguimiento,23,0.003071246901527047
instruccion,23,0.003019171766936779
sesion,23,0.0030013134237378836
convivir,23,0.0029654037207365036
solicitud,23,0.0029142939019948244
agente,23,0.002857629442587495
plataforma,23,0.0027326541021466255
recordar,23,0.002730107167735696
asfaltico,23,0.002654163632541895
rio,23,0.0026042917743325233
traducir,23,0.0024375836364924908
sociedad,23,0.0022781812585890293
tamaulipecos,23,0.0022773712407797575
ganado,23,0.0022693127393722534
agilizar,23,0.0021085317712277174
tranquilidad,23,0.0019390179077163339
fundamental,23,0.001734281424432993
reconocido,23,0.0016383641632273793
habilidad,23,0.001528345630504191
cual,23,0.0015283448155969381
salida,23,0.0015261839143931866
devolver,23,0.0014963187277317047
disposicion,23,0.0014751312555745244
derivado,23,0.0012783511774614453
ambito,23,0.0011996942339465022
danna,24,0.02778848633170128
yanina,24,0.02738104574382305
academia,24,0.019029302522540092
joven,24,0.015624608844518661
doenitz,24,0.01457757968455553
fiscalia,24,0.01337783969938755
militarizada,24,0.01178202498704195
audiencia,24,0.011737694963812828
muerte,24,0.011474469676613808
persona,24,0.009805883280932903
adolescente,24,0.009737585671246052
quintos,24,0.008612675592303276
feminicidio,24,0.007826200686395168
mora,24,0.007690286263823509
presentar,24,0.006740787532180548
defensa,24,0.006673422642052174
elemento,24,0.005873473361134529
permanecer,24,0.0057295821607112885
abogado,24,0.005464427638798952
orden,24,0.005375425331294537
general,24,0.005173910409212112
prueba,24,0.005021283868700266
puente,24,0.004787985235452652
jueza,24,0.004712047055363655
acudir,24,0.004618399776518345
diligencia,24,0.004287268966436386
ocurrir,24,0.0041043865494430065
mensaje,24,0.004055481404066086
aprehension,24,0.004030908923596144
carpeta,24,0.003972828853875399
imputado,24,0.003941736649721861
ocurrido,24,0.003920316230505705
detencion,24,0.003874443704262376
estrella,24,0.0038685877807438374
trasladar,24,0.0036654307041317225
entrevista,24,0.003518982557579875
interior,24,0.003479590406641364
video,24,0.0034695244394242764
ubicado,24,0.0033373397309333086
dato,24,0.0032409345731139183
presuntamente,24,0.0031377363484352827
defensor,24,0.0031372481025755405
bomberos,24,0.003132751677185297
integral,24,0.0029738452285528183
alumno,24,0.0029350619297474623
morir,24,0.0028598804492503405
diverso,24,0.002713796915486455
directivo,24,0.0026002083905041218
carril,24,0.002587063703685999
milenio,24,0.0025623650290071964
percance,24,0.0025572406593710184
justiciaparadafne,24,0.002553278813138604
posteriormente,24,0.0024995259009301662
voluntad,24,0.002233305713161826
canal,24,0.0020369638223201036
fondo,24,0.0019517933251336217
circulacion,24,0.001942895702086389
escandalo,24,0.0019419706659391522
acreditar,24,0.0019328376511111856
suficiente,24,0.0019221040420234203
identificado,24,0.0018300390802323818
exponer,24,0.0017456450732424855
consecuencia,24,0.001713226200081408
senalamiento,24,0.0015784752322360873
identificar,24,0.0013694663066416979
negro,24,0.0013158214278519154
perdida,24,0.0013145653065294027
trafico,24,0.0013119276845827699
atraer,24,0.0012542433105409145
constituir,24,0.0012486242922022939
presentado,24,0.0011543584987521172
caso,25,0.02496078796684742
proceso,25,0.019847258925437927
luis,25,0.01130819134414196
escuela,25,0.011022491380572319
estrellita,25,0.009411145001649857
director,25,0.00846957042813301
hora,25,0.007892071269452572
campamento,25,0.007823786698281765
presunto,25,0.007458246313035488
vincular,25,0.007425266783684492
jorge,25,0.007339504547417164
control,25,0.007102318573743105
publico,25,0.006558423396199942
ponce,25,0.006551179103553295
juez,25,0.006359023042023182
detenido,25,0.006186910904943943
esposa,25,0.005924789234995842
penal,25,0.005765021312981844
derecho,25,0.0055836779065430164
menor,25,0.004748044069856405
fisico,25,0.0045431554317474365
ministerio,25,0.004469007253646851
plantel,25,0.004402326885610819
testimonio,25,0.004256049171090126
chucho,25,0.004142656456679106
dolor,25,0.00410436699166894
exalumno,25,0.004083289299160242
nombre,25,0.0039081755094230175
guerrero,25,0.003854872426018119
acusado,25,0.0038147883024066687
irregularidad,25,0.0035581092815846205
castigo,25,0.003437940962612629
homicidio,25,0.0032899463549256325
maltrato,25,0.0032289549708366394
nader,25,0.003214203054085374
entender,25,0.0031731920316815376
declarar,25,0.0031063142232596874
llamado,25,0.0029663529712706804
camara,25,0.002846173942089081
potosi,25,0.002837918233126402
recinto,25,0.0028150298167020082
mencionar,25,0.0028107084799557924
hogar,25,0.0026931860484182835
implicado,25,0.0026513035409152508
declaracion,25,0.002588540781289339
concluir,25,0.002417199779301882
exgobernador,25,0.0020292033441364765
hambre,25,0.00202176533639431
muerto,25,0.002019337611272931
erasmo,25,0.0018784167477861047
uniforme,25,0.001729907002300024
pareja,25,0.0017229918157681823
fallecimiento,25,0.0016502711223438382
foto,25,0.0014384954702109098
muchisimos,25,0.0014323003124445677
prohibir,25,0.0014245221391320229
ejercicio,25,0.001409024465829134
jefe,25,0.0013859433820471168
