palabra,tema_id,sub_id,rol,participation,z_within_degree,grado_total
madre,3,5,broker,0.9081,1.5689,44
muerte,3,5,broker,0.9149,0.5883,52
doenitz,3,0,broker,0.9346,1.9528,58
presunto,3,0,broker,0.8374,0.9113,17
ocurrido,3,0,broker,0.8163,-0.1302,14
video,3,2,broker,0.8505,1.2477,27
exalumno,3,0,broker,0.7901,-0.1302,9
carpeta,3,2,broker,0.7975,2.3914,22
cdmx,3,2,broker,0.7654,-0.4679,9
ochoa,3,4,periferico,0.2778,0.9487,6
retiro,3,4,periferico,0.3457,2.2136,9
llamado,3,1,broker,0.7963,1.4704,18
guillermo,3,4,periferico,0.0,-0.3162,3
violencia,3,0,broker,0.8359,0.3906,16
dolor,3,3,broker,0.7273,0.796,11
mensaje,3,4,broker,0.78,-0.3162,10
sentir,3,1,broker,0.7656,1.4704,16
miedo,3,3,broker,0.76,0.2985,10
suceder,3,3,broker,0.7128,2.2886,17
actuar,3,3,broker,0.7812,-0.6965,8
casodafne,3,0,broker,0.6667,-1.1717,3
expresar,3,6,broker,0.7188,-1.4596,8
abrir,3,1,broker,0.839,0.919,21
fisico,3,7,broker,0.8333,1.7889,18
amenaza,3,5,broker,0.625,-0.3922,4
frente,3,1,broker,0.7811,0.919,13
opcion,3,1,broker,0.5625,0.919,8
gustar,3,1,broker,0.8056,-0.1838,12
describir,3,4,broker,0.6531,-0.3162,7
tranquilo,3,3,broker,0.7347,-0.199,7
practicamente,3,6,broker,0.7755,0.2085,7
morenista,3,2,broker,0.5714,0.104,7
favor,3,3,broker,0.7755,0.2985,14
agarrar,3,3,broker,0.7083,0.2985,12
trayectoria,3,4,broker,0.72,-0.9487,5
profesional,3,4,broker,0.7654,-0.3162,9
garcia,3,2,broker,0.7778,0.104,12
doctor,3,6,broker,0.7901,1.0426,9
morelos,3,5,periferico,0.0,-0.3922,2
acusacion,3,3,broker,0.6667,-1.194,3
comentario,3,2,broker,0.8125,-1.0398,8
psicologico,3,7,broker,0.7222,0.2236,6
aleman,3,7,periferico,0.0,0.2236,1
descartar,3,3,periferico,0.0,-1.194,1
senalamiento,3,0,broker,0.7778,-0.6509,6
dema,3,1,broker,0.5,-0.7352,4
aprendizaje,3,1,periferico,0.0,-0.1838,3
senado,3,2,periferico,0.0,0.104,4
mecanismo,3,7,broker,0.5,-1.3416,2
periodista,3,2,periferico,0.32,0.104,5
disputar,3,4,broker,0.625,-0.9487,4
recurrir,3,0,periferico,0.0,-1.1717,1
voz,3,7,broker,0.625,-1.3416,4
adelantar,3,6,broker,0.625,0.2085,4
canal,3,6,broker,0.6939,1.0426,7
agente,3,3,broker,0.64,-0.6965,5
augusto,3,2,periferico,0.4444,-1.0398,3
diversion,3,1,periferico,0.0,-0.1838,3
visita,3,6,broker,0.7812,1.0426,8
aprovechar,3,1,broker,0.6173,0.919,9
tampicovacontodos,3,1,periferico,0.0,-1.2866,1
juego,3,1,periferico,0.0,-0.1838,3
imss,3,1,broker,0.6667,-1.2866,3
postura,3,2,periferico,0.0,-0.4679,3
suspender,3,2,broker,0.625,-1.0398,4
seguidor,3,6,periferico,0.0,-0.6255,1
preparacion,3,1,periferico,0.4444,-1.2866,3
tecnologia,3,1,periferico,0.4444,-1.2866,3
comparacion,3,7,periferico,0.0,0.2236,1
escala,3,7,periferico,0.0,0.2236,1
tijuana,3,5,periferico,0.0,-1.3728,1
preocupacion,3,6,periferico,0.0,-1.4596,1
acuerdo,17,3,broker,0.8762,0.866,31
general,17,3,broker,0.8781,1.7321,44
medico,17,0,broker,0.7922,1.1346,19
salud,17,0,broker,0.8658,0.6189,23
avance,17,0,broker,0.88,0.1031,25
hospital,17,0,broker,0.8313,1.6503,27
faltar,17,2,broker,0.75,0.8183,12
salir,17,2,broker,0.8613,2.0185,32
contar,17,1,broker,0.86,0.7343,30
final,17,5,broker,0.8166,0.7071,17
informacion,17,1,broker,0.8056,0.7343,24
mundial,17,5,broker,0.7337,1.7678,13
observar,17,5,broker,0.56,-0.3536,5
laboral,17,0,broker,0.5312,0.1031,8
noticia,17,2,broker,0.8061,-0.3819,14
deportivo,17,4,broker,0.8402,1.5689,13
practicar,17,4,periferico,0.32,1.5689,5
reportar,17,5,broker,0.7917,-1.4142,12
fallecimiento,17,3,broker,0.8264,-0.866,11
correspondiente,17,1,broker,0.6509,0.7343,13
oficial,17,1,broker,0.821,-0.216,18
digno,17,4,broker,0.625,-0.3922,4
red,17,6,broker,0.8556,1.9597,30
declaracion,17,6,broker,0.8194,0.5157,12
report,17,1,broker,0.6111,0.7343,12
acoso,17,0,periferico,0.2778,0.1031,6
presentado,17,3,broker,0.6667,-0.866,6
aniversario,17,7,broker,0.6939,1.4142,7
clinica,17,4,periferico,0.375,-1.3728,4
objeto,17,2,broker,0.6667,-0.3819,6
relevante,17,3,periferico,0.375,0.0,4
causa,17,4,broker,0.8056,0.5883,12
sufrir,17,0,broker,0.75,0.1031,12
decada,17,7,broker,0.8395,0.0,9
amigo,17,5,broker,0.7654,-0.3536,9
autopsia,17,4,broker,0.72,-0.3922,5
utilizar,17,2,broker,0.8203,0.2182,16
busqueda,17,6,broker,0.7778,-0.2063,6
personaje,17,8,broker,0.7778,1.4142,6
testigo,17,2,periferico,0.2778,0.8183,6
july,17,3,broker,0.625,-0.866,4
evidencia,17,2,periferico,0.449,0.8183,7
maniobra,17,2,broker,0.6939,-0.3819,7
llenar,17,5,broker,0.56,-0.3536,5
atleta,17,4,periferico,0.0,0.5883,3
progreso,17,0,broker,0.6667,-1.9597,3
dependencia,17,1,periferico,0.46,0.7343,10
animal,17,1,periferico,0.3704,0.7343,9
desaparicion,17,6,broker,0.7222,-0.2063,6
detalle,17,6,broker,0.74,-0.2063,10
bordo,17,6,broker,0.625,-0.2063,4
indagatoria,17,2,broker,0.5,-1.5821,2
localizar,17,4,broker,0.75,-1.3728,4
transportar,17,1,broker,0.75,-2.1165,4
referir,17,0,periferico,0.0,-0.9283,3
publicado,17,8,broker,0.75,-0.7071,4
asistir,17,7,broker,0.72,-1.4142,5
aproximado,17,4,broker,0.625,-0.3922,4
cita,17,4,periferico,0.0,-0.3922,2
mananera,17,0,periferico,0.375,-0.9283,4
procedimiento,17,1,periferico,0.32,-0.6911,5
clasico,17,8,broker,0.72,-0.7071,5
comunicado,17,1,periferico,0.2449,0.2592,7
enhorabuena,17,7,broker,0.625,0.0,4
atribuir,17,6,broker,0.5,-1.6503,2
version,17,2,broker,0.625,-0.982,4
liberar,17,2,broker,0.625,-0.982,4
colaboracion,17,1,periferico,0.4444,-1.6414,3
evento,2,0,broker,0.8554,0.5,22
nacional,2,0,broker,0.9249,1.5,76
nivel,2,0,broker,0.8639,1.5,26
senalar,2,7,broker,0.8691,1.75,32
turistico,2,2,broker,0.8866,1.5076,31
visitante,2,2,broker,0.8544,0.9045,23
presidente,2,1,conector_provincial,0.8475,2.8184,40
destino,2,2,broker,0.8056,0.3015,12
firma,2,1,broker,0.7273,0.2673,11
pacto,2,1,broker,0.6939,-0.4616,7
activo,2,7,broker,0.75,-0.75,4
consolidar,2,0,broker,0.68,0.5,10
aumentar,2,5,broker,0.84,-1.0,10
mes,2,3,broker,0.8438,1.4639,24
octavio,2,1,broker,0.6944,0.6317,12
torre,2,1,broker,0.6446,0.6317,11
identificar,2,4,broker,0.7778,0.2063,6
gonzalez,2,2,broker,0.7733,0.9045,15
rafael,2,2,broker,0.6667,-1.5076,3
tren,2,1,broker,0.7222,-0.4616,12
volver,2,3,broker,0.8516,0.3904,16
canaco,2,1,periferico,0.4463,1.3606,11
erasmo,2,2,broker,0.56,-0.3015,5
cuidar,2,3,broker,0.785,2.0006,20
similar,2,3,broker,0.7917,0.3904,12
plaza,2,5,broker,0.782,1.0,17
eduardo,2,1,broker,0.6667,-0.4616,6
manzur,2,1,periferico,0.375,-0.4616,4
puerto,2,6,broker,0.8299,1.206,24
armas,2,5,broker,0.72,-1.0,5
reunir,2,5,broker,0.74,1.0,10
comercial,2,5,broker,0.8395,1.0,18
estrategia,2,4,broker,0.8367,0.2063,14
reafirmar,2,0,broker,0.56,-0.5,5
television,2,0,broker,0.6667,-0.5,6
echar,2,1,broker,0.625,-0.8261,4
recuperar,2,3,broker,0.82,-0.1464,10
forma,2,3,broker,0.8267,0.3904,15
trabajador,2,6,broker,0.7222,-0.603,6
atraer,2,2,broker,0.8148,-0.9045,9
steffano,2,1,broker,0.625,-0.0972,8
aduana,2,8,broker,0.75,0.7071,8
funcionario,2,7,broker,0.7654,-0.75,9
autobus,2,4,broker,0.5,1.6503,6
diverso,2,5,broker,0.8333,-1.0,12
aspecto,2,0,broker,0.7347,-0.5,7
crear,2,0,periferico,0.4444,-1.0,3
delgado,2,8,broker,0.82,0.7071,10
identidad,2,6,broker,0.8595,-0.603,11
sabor,2,6,broker,0.6667,0.3015,6
jaibo,2,1,periferico,0.32,-0.0972,5
sonar,2,0,periferico,0.0,-1.5,1
significar,2,3,periferico,0.4444,-0.6831,3
imagen,2,4,broker,0.8395,0.2063,9
cabe,2,7,broker,0.8163,0.5,7
urbano,2,4,broker,0.5,1.6503,6
brindar,2,4,broker,0.6562,1.6503,8
record,2,2,periferico,0.0,-0.9045,2
barda,2,6,broker,0.6562,1.206,8
sorprender,2,6,broker,0.5,-1.5076,2
emprender,2,8,broker,0.72,0.7071,5
patrimonio,2,3,broker,0.625,-0.6831,4
instalar,2,3,broker,0.8,-1.2199,5
lara,2,4,broker,0.75,-1.2377,4
porteno,2,8,broker,0.75,-1.4142,4
coordinado,2,4,broker,0.7755,-0.5157,7
sospechoso,2,3,broker,0.5,-0.6831,4
diputado,2,4,broker,0.6667,-0.5157,3
falla,2,4,broker,0.5,-0.5157,2
franquicia,2,8,broker,0.5,0.7071,4
saldo,2,4,broker,0.625,0.2063,4
guardar,2,1,broker,0.72,-0.8261,5
materia,2,1,broker,0.72,-0.8261,5
destinado,2,4,periferico,0.0,-1.2377,1
supervisar,2,1,broker,0.5,-1.1905,2
aunado,2,4,broker,0.8,-0.5157,5
deportesmiercol,2,7,broker,0.6667,-0.75,3
conservar,2,4,periferico,0.0,-1.2377,1
preparado,2,3,periferico,0.0,-1.2199,1
impuesto,2,8,broker,0.6667,-1.4142,3
municipal,18,2,broker,0.8979,1.055,55
presidenta,18,2,broker,0.8871,2.2419,65
mujer,18,4,conector_provincial,0.8179,2.6679,31
cultural,18,1,broker,0.8077,0.3111,26
espacio,18,1,broker,0.8462,0.3111,40
apoyo,18,2,broker,0.815,0.4616,20
economia,18,0,broker,0.8166,-0.0569,17
empresa,18,0,conector_provincial,0.6886,2.9044,34
metropolitano,18,1,periferico,0.497,0.9333,13
pardo,18,2,broker,0.8099,-0.7253,11
participacion,18,0,broker,0.7675,0.8542,23
agosto,18,3,broker,0.7633,2.1381,26
taller,18,3,broker,0.7975,0.9354,22
publico,18,0,broker,0.7728,2.221,37
metro,18,1,broker,0.6901,2.1776,22
iniciativa,18,0,broker,0.6578,-0.0569,15
privado,18,0,broker,0.7143,1.7654,28
horario,18,3,broker,0.5444,1.3363,13
encabezado,18,2,broker,0.7,-0.7253,10
corazon,18,4,broker,0.716,0.7276,9
informes,18,1,periferico,0.0,-0.3111,7
fecha,18,3,broker,0.6627,0.5345,13
artes,18,1,broker,0.6735,-0.9333,14
zacil,18,2,periferico,0.48,-0.7253,5
lunes,18,3,broker,0.642,-0.2673,9
invitar,18,1,broker,0.7219,-0.9333,13
organismo,18,0,broker,0.5124,0.3986,11
bonito,18,4,broker,0.625,-0.2425,4
olga,18,5,broker,0.5312,0.8292,8
senadora,18,5,broker,0.6173,0.8292,9
impulsado,18,2,broker,0.7188,-0.7253,8
inscripcion,18,1,periferico,0.2778,-1.5554,6
gusto,18,5,broker,0.7934,-0.5276,11
ayuntamiento,18,0,broker,0.7574,-0.0569,13
costo,18,1,broker,0.7405,-0.3111,17
impulso,18,2,broker,0.75,-0.7253,8
ruiz,18,5,broker,0.6509,2.186,13
mexicanos,18,0,periferico,0.4444,-0.7403,3
pemex,18,0,broker,0.7407,-0.2847,9
detalles,18,3,broker,0.6562,-0.2673,8
disenado,18,3,broker,0.7222,-1.069,6
arte,18,1,periferico,0.2975,0.9333,11
jose,18,5,broker,0.7222,-1.206,6
miercoles,18,3,broker,0.7769,-0.6682,11
cifra,18,6,broker,0.7654,-0.75,9
ubicar,18,6,broker,0.76,0.5,10
camara,18,0,broker,0.759,0.1708,19
mitad,18,0,periferico,0.0,-0.5125,3
enviar,18,4,broker,0.6939,0.2425,7
tampicovacontodo,18,1,broker,0.5139,0.3111,12
diputada,18,5,broker,0.7654,-0.5276,9
adulto,18,3,broker,0.7812,-1.069,8
dirigido,18,3,broker,0.7867,0.1336,19
respaldo,18,2,broker,0.7438,-0.1319,11
presente,18,4,broker,0.7,-0.2425,10
camino,18,6,broker,0.716,1.75,9
escueladeartesmetro,18,1,periferico,0.0,-0.9333,6
hrs,18,3,broker,0.6122,-0.6682,7
conurbado,18,0,broker,0.5,-0.9681,2
demandar,18,4,periferico,0.4444,-1.2127,3
socio,18,0,periferico,0.449,-0.0569,7
lanzar,18,0,periferico,0.4444,-0.7403,3
afiliado,18,0,periferico,0.449,-0.0569,7
futuro,18,4,broker,0.7778,-0.7276,6
prohibir,18,0,broker,0.6667,-0.9681,3
fuerte,18,5,broker,0.7219,-0.5276,13
pago,18,0,periferico,0.4062,0.1708,8
extranjero,18,0,broker,0.6667,-0.9681,3
patria,18,5,broker,0.6531,-0.5276,7
participante,18,6,broker,0.72,-0.75,10
maestro,18,4,broker,0.6667,0.7276,9
resto,18,0,periferico,0.32,-0.2847,5
pese,18,0,periferico,0.4444,-0.9681,3
checar,18,4,broker,0.75,-0.7276,4
esperanza,18,3,broker,0.7812,-1.069,8
lucero,18,5,broker,0.7188,-0.5276,8
mujeres,18,4,broker,0.5,-0.7276,2
guia,18,4,broker,0.716,0.2425,9
plataforma,18,0,periferico,0.375,-0.5125,4
dedicado,18,0,periferico,0.0,-0.2847,4
respaldar,18,6,broker,0.625,-0.75,4
regla,18,4,broker,0.5,-0.7276,2
rendir,18,0,broker,0.5,-0.9681,2
ano,22,7,broker,0.9201,1.8257,107
seguir,22,4,broker,0.8743,1.2247,70
colonia,22,1,broker,0.8488,2.1213,40
obra,22,2,broker,0.8725,1.6771,40
construir,22,4,broker,0.8558,1.2247,33
gracias,22,3,broker,0.881,1.4985,45
excelente,22,3,broker,0.8673,1.0302,28
edad,22,7,broker,0.8148,0.0,18
transformar,22,4,broker,0.75,0.0,16
empezar,22,0,broker,0.7231,1.3356,22
calidad,22,2,broker,0.7963,0.559,18
mejorar,22,2,broker,0.8299,0.0,21
infraestructura,22,2,broker,0.8393,0.559,23
felicidad,22,3,broker,0.8178,-0.3746,15
felicidades,22,3,broker,0.7734,0.562,16
ninos,22,1,broker,0.8166,-1.2122,13
unidos,22,5,broker,0.8091,1.995,23
cumplir,22,4,broker,0.8089,0.0,19
laguna,22,1,broker,0.8182,-0.101,22
puerta,22,1,broker,0.7982,-0.101,21
alcalde,22,0,broker,0.7422,0.4714,16
heroes,22,1,broker,0.6122,-1.7678,7
apoyar,22,3,broker,0.7937,1.0302,21
escuchar,22,3,broker,0.8416,0.562,25
pavimentacion,22,1,broker,0.5956,1.0102,15
parecer,22,0,broker,0.7872,1.0476,25
entregar,22,1,broker,0.7422,0.4546,16
atender,22,6,broker,0.8313,2.4988,27
problema,22,0,broker,0.6481,1.3356,18
vivienda,22,4,broker,0.68,-1.2247,10
intencion,22,4,broker,0.84,-1.2247,10
dinero,22,0,conector_provincial,0.6492,3.0641,29
golfo,22,6,broker,0.7778,-0.3123,12
tropical,22,6,broker,0.6667,0.3904,6
espera,22,1,periferico,0.46,0.4546,10
hidraulico,22,2,broker,0.6484,0.559,16
avenida,22,1,broker,0.6944,-0.6566,12
inauguracion,22,2,broker,0.716,-0.559,9
concreto,22,2,periferico,0.4734,0.0,13
vender,22,5,broker,0.7769,0.3491,11
lic,22,3,periferico,0.375,-0.8429,4
manifestar,22,7,broker,0.6667,-0.9129,3
sostener,22,6,broker,0.8533,0.3904,15
saludo,22,5,broker,0.6562,0.8978,8
senor,22,5,broker,0.7811,0.3491,13
miramar,22,1,broker,0.7644,-0.101,15
directo,22,0,broker,0.7639,-0.1048,12
duda,22,7,broker,0.8163,0.0,14
mayoria,22,0,broker,0.7273,-0.1048,11
viva,22,3,broker,0.7812,-1.3112,8
beneficiar,22,2,broker,0.72,-1.6771,5
asesinato,22,0,broker,0.6281,0.1833,11
privada,22,1,broker,0.58,-0.101,10
comerciante,22,5,broker,0.6667,-0.7481,3
mencionar,22,0,broker,0.6806,0.1833,12
frecuencia,22,0,broker,0.6667,-0.6809,6
tragedia,22,6,broker,0.72,-0.3123,5
estilo,22,5,broker,0.72,-0.7481,5
necesidad,22,3,broker,0.8163,-1.3112,7
hidrosanitaria,22,2,broker,0.6281,0.559,11
hola,22,5,broker,0.64,-1.2968,5
saludos,22,5,broker,0.74,0.8978,10
obviamente,22,7,periferico,0.0,-0.9129,1
super,22,0,broker,0.6944,0.1833,12
licencia,22,0,broker,0.6667,-1.5452,3
provocar,22,0,broker,0.68,-0.1048,10
tampiquenas,22,2,broker,0.6531,-1.6771,7
venir,22,0,broker,0.7822,-0.1048,15
vivo,22,0,broker,0.7755,-0.969,7
abrazo,22,5,periferico,0.375,0.3491,4
necesario,22,0,broker,0.7101,0.1833,13
adicional,22,6,broker,0.625,-0.3123,4
trump,22,0,broker,0.6111,-0.6809,6
rueda,22,3,periferico,0.0,-0.8429,3
retirar,22,6,broker,0.6667,-1.0151,3
canada,22,0,broker,0.6122,-0.3928,7
peligroso,22,6,broker,0.72,-0.3123,5
rapido,22,0,broker,0.6875,-0.3928,8
facil,22,0,broker,0.625,-0.969,4
ausencia,22,6,broker,0.5,-1.0151,2
blanco,22,0,broker,0.75,-0.6809,8
aparte,22,5,broker,0.7222,-1.2968,6
empatia,22,0,broker,0.72,-1.2571,5
estimado,22,5,periferico,0.0,-0.7481,1
altamira,19,0,broker,0.91,1.4486,40
tamaulipas,19,0,broker,0.979,1.4486,143
matamoros,19,3,broker,0.8097,1.4142,17
laredo,19,0,broker,0.72,0.1811,10
comercio,19,1,broker,0.6627,1.7928,13
nino,19,2,broker,0.8431,1.4142,23
tarde,19,0,broker,0.72,-0.4527,10
concluir,19,5,broker,0.6531,1.0,7
nuevolaredo,19,3,broker,0.7337,0.3536,13
libramiento,19,4,broker,0.56,0.4743,5
poniente,19,4,broker,0.625,-0.6325,4
pendiente,19,6,broker,0.7654,1.118,9
ecosistema,19,4,broker,0.625,-0.6325,4
manglar,19,4,broker,0.56,0.4743,5
cuando,19,0,periferico,0.4444,-1.0864,3
conectividad,19,4,broker,0.7188,0.4743,8
conforme,19,0,periferico,0.4444,-1.0864,3
productor,19,5,broker,0.64,-1.0,5
depender,19,6,broker,0.7812,0.0,8
corona,19,7,broker,0.6667,0.7071,3
gustavo,19,7,broker,0.6667,0.7071,3
celebrar,19,1,broker,0.6667,-1.7928,6
mercado,19,1,broker,0.7222,-1.1952,6
texas,19,0,periferico,0.0,-0.4527,3
bienvenido,19,1,broker,0.5714,0.0,7
fomentar,19,1,broker,0.58,1.1952,10
ciudadvictoria,19,3,periferico,0.4444,-1.7678,6
serie,19,5,broker,0.7222,-1.0,6
sonora,19,4,broker,0.6667,-1.7393,3
monterrey,19,2,broker,0.66,0.7071,10
nieto,19,2,periferico,0.2778,0.7071,6
hermoso,19,4,broker,0.6562,1.5811,8
clase,19,6,broker,0.6562,1.118,8
estudiar,19,2,broker,0.625,-1.4142,4
tierra,19,1,periferico,0.32,0.0,5
elmante,19,3,broker,0.7188,-0.7071,8
tramite,19,6,broker,0.72,-1.118,5
ciudadmadero,19,3,broker,0.7,0.3536,10
riobravo,19,3,periferico,0.4444,0.3536,6
cruzar,19,2,broker,0.6111,-0.7071,6
deportesjuev,19,7,periferico,0.0,-1.4142,1
afectacion,19,8,periferico,0.0,-1.4142,2
energetico,19,8,broker,0.6667,0.0,3
ciclo,19,5,broker,0.7347,1.0,7
angel,19,8,broker,0.5,1.4142,4
consulta,19,2,broker,0.5938,0.0,8
aliado,19,8,broker,0.72,0.0,5
asumir,19,2,periferico,0.4444,-1.4142,3
derrama,19,1,broker,0.6122,0.0,7
correcto,19,1,broker,0.5,0.0,6
fiesta,19,1,periferico,0.0,-0.5976,3
juventud,19,1,periferico,0.449,0.5976,7
masivo,19,6,broker,0.6667,-1.118,3
tratamiento,19,2,periferico,0.2778,0.7071,6
denunciar,4,1,broker,0.8646,0.8367,24
pasar,4,1,broker,0.8802,1.6733,44
delito,4,4,broker,0.8889,0.5345,33
ley,4,2,conector_provincial,0.8735,2.5556,35
derecho,4,2,broker,0.8554,-0.2222,22
control,4,8,broker,0.8724,1.118,27
proceso,4,5,broker,0.905,2.043,40
comenzar,4,3,broker,0.8609,1.8045,29
informar,4,6,broker,0.8516,1.5689,32
historia,4,3,broker,0.8435,1.8045,21
familiar,4,1,broker,0.8733,0.0,23
legal,4,5,broker,0.8,-0.3405,10
asegurar,4,0,broker,0.895,1.0211,40
elemento,4,0,broker,0.7486,1.8962,23
policia,4,0,broker,0.8284,-1.6045,13
declarar,4,6,broker,0.8374,-0.3922,17
indicar,4,6,broker,0.8178,0.5883,15
detener,4,4,broker,0.8633,0.5345,32
cabeza,4,9,broker,0.8061,-0.7071,14
vaca,4,9,broker,0.8639,1.4142,13
relacionado,4,4,broker,0.8595,-0.2673,22
judicial,4,4,broker,0.8444,-0.2673,15
juez,4,8,broker,0.8698,1.118,19
enfrentar,4,7,broker,0.8581,1.4142,17
congreso,4,2,broker,0.6667,-0.2222,6
protocolo,4,2,broker,0.8438,0.3333,16
fgr,4,4,broker,0.8125,1.3363,16
federal,4,0,broker,0.8223,0.1459,22
arma,4,0,broker,0.5455,0.5835,11
fuego,4,0,broker,0.54,0.1459,10
febrero,4,5,broker,0.5,-0.9364,2
vigente,4,5,broker,0.625,-0.9364,4
determinar,4,5,broker,0.8438,0.8513,16
carretera,4,0,broker,0.6327,1.0211,14
resultar,4,7,broker,0.8166,0.3536,13
homicidio,4,1,broker,0.8056,0.0,12
fallecido,4,0,broker,0.56,-1.1669,5
altura,4,0,broker,0.7083,0.1459,12
abril,4,3,broker,0.7901,0.1504,9
irregularidad,4,1,broker,0.8148,-0.8367,9
solido,4,3,broker,0.5,-0.9524,2
pena,4,2,broker,0.8125,0.8889,16
acompanar,4,3,broker,0.75,-0.401,8
probable,4,5,broker,0.5,-0.3405,4
aparecer,4,3,broker,0.7347,-0.401,7
originario,4,0,broker,0.5625,-0.2917,8
movilizacion,4,0,broker,0.7769,-0.7293,11
extradicion,4,7,broker,0.7755,0.3536,7
quitar,4,1,broker,0.74,0.0,10
intervencion,4,0,broker,0.6667,-1.1669,6
incrementar,4,2,broker,0.8125,-0.7778,8
ceremonia,4,8,broker,0.8,-1.118,5
mover,4,1,broker,0.75,-1.6733,8
relevancia,4,2,periferico,0.0,-0.2222,3
violar,4,2,broker,0.8395,-0.7778,9
lleno,4,8,broker,0.8,-1.118,5
disposicion,4,5,broker,0.64,-0.3405,5
pareja,4,3,broker,0.6667,-1.5038,3
negar,4,9,broker,0.6667,-0.7071,3
ilegal,4,8,broker,0.7755,0.0,7
marca,4,6,broker,0.7347,-0.3922,7
detras,4,3,broker,0.7222,-0.401,6
humanos,4,2,broker,0.72,-0.7778,5
pie,4,3,broker,0.625,-0.401,4
arbol,4,3,broker,0.6122,0.7018,7
cambio,4,7,broker,0.5,-1.7678,2
prevenir,4,4,broker,0.6667,-1.8708,3
consumo,4,7,broker,0.75,-0.7071,4
edicion,4,6,periferico,0.0,-1.3728,1
reduccion,4,7,periferico,0.0,0.3536,2
deportes,4,2,periferico,0.4444,-0.7778,3
raiz,4,3,periferico,0.0,-0.401,2
gobierno,21,2,broker,0.9126,1.8708,78
seguridad,21,2,broker,0.8899,0.6682,45
baja,21,0,broker,0.7166,0.7481,21
california,21,0,broker,0.7361,1.2968,24
claudia,21,2,broker,0.876,0.6682,44
morena,21,3,broker,0.8652,1.1055,39
politico,21,3,broker,0.8628,1.6081,48
fiscal,21,4,broker,0.8302,1.1346,36
huachicol,21,4,broker,0.8392,0.6189,35
prosperidad,21,2,broker,0.6667,-1.1359,6
ernesto,21,0,broker,0.8339,0.1995,34
ruffo,21,0,broker,0.8367,1.2968,42
appel,21,0,broker,0.6094,1.2968,19
economica,21,2,broker,0.56,-1.1359,5
republica,21,2,broker,0.79,0.0668,20
importar,21,7,broker,0.8443,0.2673,17
exgobernador,21,0,broker,0.7101,-0.8978,13
narco,21,3,broker,0.8669,-0.402,27
gente,21,7,broker,0.8276,1.6036,29
pueblo,21,1,broker,0.8196,1.6083,37
moya,21,6,broker,0.7929,0.7746,13
rocha,21,6,broker,0.7812,1.5492,16
operacion,21,4,broker,0.75,0.1031,20
corresponder,21,2,broker,0.7551,0.6682,14
pan,21,3,broker,0.7314,1.1055,22
pri,21,3,broker,0.821,0.1005,18
combustible,21,4,broker,0.8017,1.1346,22
delincuencia,21,0,broker,0.6667,0.1995,15
organizado,21,0,broker,0.8033,-0.8978,19
lopez,21,5,broker,0.8636,1.291,22
defender,21,1,broker,0.7855,1.8966,34
hablar,21,1,broker,0.835,1.6083,43
preso,21,3,broker,0.8166,-1.9096,13
verguenza,21,2,broker,0.7917,-0.5345,12
claro,21,8,broker,0.828,0.0,23
demostrar,21,8,broker,0.8,1.5811,10
prueba,21,8,broker,0.854,0.0,33
paz,21,3,broker,0.7901,-0.9045,18
contrabando,21,4,broker,0.58,0.1031,10
ingemar,21,4,periferico,0.497,1.1346,13
panista,21,3,broker,0.7449,-0.402,14
cartel,21,5,broker,0.8,-1.8074,15
puro,21,1,broker,0.8356,1.0317,33
obrador,21,5,broker,0.86,1.291,20
tocar,21,1,broker,0.7479,0.4552,19
obtener,21,3,broker,0.8507,-0.402,23
hidrocarburo,21,4,broker,0.76,-0.9283,10
adan,21,6,broker,0.716,0.0,9
andy,21,6,broker,0.8264,0.0,11
acusar,21,3,broker,0.782,0.1005,17
quot,21,1,broker,0.7811,-0.4097,13
contrabar,21,0,broker,0.64,-1.4464,10
peor,21,1,broker,0.6712,1.32,21
caer,21,5,broker,0.8472,0.2582,24
delincuente,21,1,broker,0.782,-0.1214,17
movimiento,21,5,broker,0.8264,-0.7746,11
oposicion,21,0,broker,0.8264,-0.8978,24
corrupcion,21,1,broker,0.7958,-0.1214,17
anos,21,2,broker,0.56,-1.1359,5
manuel,21,5,periferico,0.48,0.2582,5
andres,21,5,broker,0.6939,0.2582,7
ensenada,21,0,broker,0.5185,-0.8978,9
dedicar,21,4,broker,0.8099,-0.9283,11
importacion,21,4,periferico,0.4444,-0.4126,6
dueno,21,1,broker,0.7337,-0.4097,13
cara,21,7,broker,0.8651,0.2673,17
manejar,21,1,broker,0.6446,-0.1214,11
funcionar,21,1,broker,0.75,-1.2745,8
palabra,21,7,broker,0.8264,-1.069,11
persecucion,21,1,broker,0.7857,-0.4097,14
asociacion,21,8,broker,0.6939,0.0,7
ratero,21,-1,broker,0.75,0.0,12
prian,21,-1,broker,0.84,0.0,10
donde,21,6,broker,0.8402,-0.7746,13
falso,21,4,broker,0.7812,-1.9597,8
acabar,21,7,broker,0.8673,-1.069,14
bola,21,1,broker,0.72,-0.6979,10
deberiar,21,1,broker,0.6,-0.1214,10
dano,21,1,broker,0.5,-1.2745,4
perseguir,21,6,broker,0.7222,-1.5492,6
surgir,21,8,broker,0.75,-1.5811,4
doble,21,1,broker,0.6111,-0.9862,6
votar,21,5,broker,0.8125,-0.7746,8
terror,21,1,periferico,0.375,-0.9862,4
enganar,21,1,broker,0.6667,-0.9862,6
familia,9,6,broker,0.9239,1.0,60
justicia,9,1,broker,0.9496,0.8165,74
exigir,9,1,broker,0.8847,-1.2247,29
persona,9,0,broker,0.8802,2.2684,59
gobernador,9,1,broker,0.9029,0.8165,35
menor,9,4,broker,0.9066,2.1082,51
quintos,9,2,broker,0.9102,0.9535,32
zapata,9,2,broker,0.9157,0.9535,31
alejandra,9,2,broker,0.8696,0.9535,23
marina,9,6,broker,0.8875,1.0,34
continuar,9,8,broker,0.8955,0.0,37
abuela,9,1,broker,0.8056,0.8165,12
vehiculo,9,0,broker,0.7753,1.2254,29
accidente,9,0,broker,0.7486,0.704,23
ocurrir,9,0,broker,0.8102,1.4862,36
estrellita,9,2,broker,0.8178,0.286,15
tomar,9,7,broker,0.8264,-1.8898,24
perder,9,4,broker,0.86,0.6325,20
permanecer,9,8,broker,0.7977,0.0,23
peso,9,1,broker,0.8333,-1.2247,12
categoria,9,5,broker,0.6122,0.5345,7
infantil,9,5,broker,0.6939,-0.2673,7
lesionado,9,0,broker,0.5799,0.1825,13
detencion,9,0,broker,0.8033,-0.5997,19
emergencia,9,0,broker,0.6843,1.2254,23
confianza,9,6,broker,0.8166,-1.0,17
lograr,9,3,broker,0.8205,0.5283,29
esclarecer,9,2,broker,0.8595,-0.3814,11
avanzar,9,8,broker,0.8521,0.0,13
pesca,9,5,broker,0.8099,-0.2673,11
registrar,9,3,broker,0.8289,1.8489,30
exigencia,9,4,broker,0.8061,-0.8433,14
competencia,9,5,broker,0.5625,1.3363,8
percance,9,0,periferico,0.375,0.4432,12
jueves,9,4,broker,0.8203,-0.8433,16
corporacion,9,0,periferico,0.314,0.4432,11
conductor,9,0,periferico,0.46,-0.0782,10
puente,9,3,broker,0.7245,0.9685,14
evitar,9,3,broker,0.7656,-0.3522,16
trasladar,9,0,broker,0.7811,-0.5997,13
operador,9,0,broker,0.6719,0.1825,16
ubicado,9,3,broker,0.7701,0.9685,19
protesta,9,7,broker,0.8148,-0.378,9
movilizar,9,0,periferico,0.0,-0.8604,4
manifestacion,9,4,broker,0.7755,-0.8433,7
controlar,9,6,broker,0.64,-1.0,5
sujeto,9,0,broker,0.72,-1.3819,5
sitio,9,7,broker,0.7456,1.1339,13
impactar,9,3,broker,0.6982,0.088,13
auxilio,9,7,broker,0.6111,-0.378,6
conocido,9,0,broker,0.7822,-0.339,15
familiares,9,2,broker,0.72,-1.0488,5
transito,9,0,broker,0.5,-0.8604,6
camioneta,9,0,periferico,0.32,0.1825,10
bomberos,9,7,broker,0.5,-0.378,4
derivado,9,3,broker,0.5,-1.2326,2
identificado,9,4,broker,0.6875,-0.1054,8
coordinador,9,5,broker,0.72,0.5345,10
subir,9,0,broker,0.7778,-1.3819,6
trafico,9,3,broker,0.625,-0.7924,4
jetl,9,5,broker,0.6667,-1.8708,3
preliminar,9,4,periferico,0.48,-0.1054,5
carril,9,7,broker,0.8163,-0.378,7
vial,9,7,broker,0.6667,1.1339,6
choque,9,0,periferico,0.0,-1.1211,3
circulacion,9,7,broker,0.6122,1.1339,7
estructura,9,3,broker,0.8163,-0.7924,7
circular,9,0,broker,0.56,-1.1211,5
velocidad,9,3,periferico,0.4444,-1.2326,3
prometer,9,2,broker,0.72,-1.7162,5
tampico,7,3,conector_provincial,0.9793,3.1569,187
villarreal,7,0,broker,0.9275,1.4142,58
monica,7,0,broker,0.8751,1.4142,29
anaya,7,0,broker,0.8733,-0.7071,23
vida,7,1,broker,0.8532,0.3094,37
alcaldesa,7,0,broker,0.7438,-0.7071,11
atencion,7,1,broker,0.7708,1.7678,24
local,7,3,broker,0.828,0.2769,23
unidad,7,1,broker,0.809,0.7955,24
bienestar,7,1,broker,0.8707,1.2816,37
exito,7,3,broker,0.76,-0.0831,10
cdvictoria,7,0,broker,0.8571,-0.7071,14
jornada,7,4,broker,0.8144,0.7071,19
encabezar,7,-1,broker,0.7639,0.0,12
comunidad,7,1,broker,0.7222,-0.1768,18
victoria,7,4,broker,0.7022,0.7071,15
unir,7,3,broker,0.6111,-0.4431,6
nota,7,2,broker,0.6446,0.9054,11
semana,7,1,broker,0.5972,0.3094,12
propuesta,7,3,broker,0.6111,-0.0831,6
leer,7,2,broker,0.7574,0.3621,13
inaugurar,7,4,broker,0.7449,-1.4142,14
guadalupe,7,4,broker,0.6942,0.7071,11
porcentaje,7,5,broker,0.625,-0.3536,4
increible,7,3,broker,0.6111,-0.0831,6
completo,7,2,broker,0.6667,0.9054,12
emblematico,7,3,broker,0.642,0.2769,9
via,7,5,broker,0.8,-1.4142,10
minibasquet,7,0,broker,0.56,-0.7071,5
vocacion,7,5,periferico,0.48,0.7071,5
invitamos,7,2,broker,0.7188,-0.7243,8
dando,7,2,periferico,0.0,0.9054,6
click,7,2,periferico,0.0,0.9054,6
link,7,2,periferico,0.0,0.9054,6
web,7,2,periferico,0.0,0.3621,5
somoslared,7,2,periferico,0.0,-0.1811,4
estamosentodaspart,7,2,periferico,0.0,-0.7243,3
cortadura,7,3,broker,0.5714,0.2769,7
diaz,7,5,broker,0.64,-0.3536,5
clandestino,7,6,broker,0.625,-0.5,4
refineria,7,6,broker,0.5714,2.0,7
autoridades,7,3,broker,0.5,-0.8031,2
incremento,7,5,broker,0.5,1.7678,6
ruta,7,1,broker,0.5938,-1.149,8
movil,7,1,periferico,0.4062,-0.1768,8
merecer,7,1,broker,0.56,-1.6352,5
enorme,7,3,periferico,0.0,-0.0831,3
cdmadero,7,2,broker,0.6667,-1.8107,3
cancha,7,4,broker,0.7107,0.7071,11
terreno,7,6,broker,0.75,-0.5,8
quinto,7,1,broker,0.5714,-1.149,7
col,7,4,broker,0.625,-1.4142,8
vacacional,7,2,broker,0.6667,-1.8107,3
rescatar,7,3,broker,0.625,-0.8031,4
incendio,7,6,broker,0.7222,-0.5,6
piso,7,6,broker,0.64,-0.5,5
iglesia,7,5,broker,0.7222,-0.3536,6
autonoma,7,1,periferico,0.0,-0.1768,6
profundo,7,3,broker,0.625,-0.8031,4
extremo,7,3,broker,0.5,-0.8031,2
macias,0,1,periferico,0.0,0.6963,4
maria,0,1,broker,0.7222,1.3056,12
sector,0,5,broker,0.8935,2.1243,26
situacion,0,3,broker,0.8696,1.9403,23
titular,0,3,broker,0.8521,-0.9701,13
hidraulicos,0,0,periferico,0.0,1.0196,5
recursos,0,0,periferico,0.2778,1.0196,6
cadena,0,6,periferico,0.32,2.0,5
revision,0,6,broker,0.625,-0.5,4
revisar,0,6,broker,0.8333,-0.5,12
restaurante,0,2,broker,0.7347,0.9297,7
venta,0,2,broker,0.7901,0.169,9
reunion,0,0,broker,0.7347,-0.06,7
secretario,0,0,broker,0.7891,1.5594,16
cultura,0,2,broker,0.7347,0.9297,7
escenario,0,2,broker,0.7222,-0.5916,6
empresarial,0,5,broker,0.75,-0.2236,8
administracion,0,7,broker,0.8521,1.4142,13
estacionamiento,0,1,periferico,0.32,0.6963,5
reto,0,6,broker,0.72,-0.5,5
perdida,0,3,broker,0.56,0.4851,5
panorama,0,5,broker,0.5,-1.0062,2
fuga,0,3,broker,0.625,-0.2425,4
plan,0,7,broker,0.84,-0.7071,10
integrante,0,4,broker,0.8125,-0.1508,8
sello,0,5,broker,0.56,0.559,5
decidir,0,4,broker,0.5938,0.5276,8
requerir,0,8,broker,0.7812,1.0,8
solucion,0,2,broker,0.72,-0.5916,5
recuerdo,0,2,periferico,0.0,1.6903,4
recuperacion,0,1,periferico,0.375,0.087,4
comapa,0,5,periferico,0.4444,-0.2236,3
inmobiliario,0,8,broker,0.5,-1.0,2
comunicacion,0,3,broker,0.6667,-0.9701,3
expectativa,0,4,broker,0.75,-0.8292,4
cocina,0,2,periferico,0.0,0.169,2
exposiciones,0,-1,periferico,0.0,0.0,1
pierdar,0,-1,periferico,0.0,0.0,1
establecimiento,0,7,broker,0.5,-0.7071,2
distancia,0,4,periferico,0.4444,-0.1508,3
ganado,0,4,conector_provincial,0.4062,2.5628,8
rural,0,4,broker,0.625,-0.1508,4
cuyo,0,1,broker,0.6667,0.087,6
elevar,0,6,broker,0.7188,-0.5,8
honor,0,5,broker,0.625,-0.2236,4
ambiental,0,5,broker,0.5,-1.0062,2
invertir,0,8,broker,0.625,1.0,4
seguido,0,2,periferico,0.0,-1.3522,1
francisco,0,0,periferico,0.4444,-0.5998,3
agregar,0,3,periferico,0.4444,-0.2425,3
consejo,0,0,broker,0.7188,-0.06,8
alvarez,0,0,periferico,0.375,-0.06,4
salazar,0,-1,broker,0.7778,0.0,6
marco,0,0,periferico,0.0,-1.6793,1
gerente,0,0,broker,0.5,-1.1395,2
suministro,0,8,broker,0.625,-1.0,4
aire,0,1,periferico,0.0,-1.7408,1
planta,0,4,periferico,0.4444,-0.1508,3
cesar,0,-1,broker,0.8,0.0,5
garza,0,2,periferico,0.0,-1.3522,1
union,0,1,broker,0.5,-1.1315,2
afectado,0,4,periferico,0.0,-0.8292,1
salida,0,4,periferico,0.0,-0.8292,1
hora,13,3,broker,0.8698,1.2247,52
zona,13,3,broker,0.88,1.2247,47
esperar,13,1,broker,0.8311,2.3189,42
mama,13,1,broker,0.794,1.5144,23
macay,13,2,broker,0.6122,0.5381,7
mariela,13,2,broker,0.6875,0.5381,8
maximo,13,0,broker,0.686,1.5722,22
minimo,13,0,broker,0.595,-0.0431,11
mantener,13,3,broker,0.8367,-1.2247,28
antonio,13,2,broker,0.8469,2.0517,23
sosa,13,2,broker,0.6122,0.5381,7
condicion,13,6,broker,0.78,1.3229,20
sol,13,2,broker,0.7347,1.5471,14
grado,13,0,broker,0.6446,-0.0431,11
temperatura,13,0,conector_provincial,0.586,2.5413,23
acudir,13,5,broker,0.7751,0.5916,17
regresar,13,2,broker,0.7778,0.0336,12
despedir,13,2,broker,0.72,-0.9754,5
ambiente,13,0,broker,0.716,0.603,18
caluroso,13,0,broker,0.74,-0.6892,10
valer,13,1,broker,0.7188,1.1121,16
calor,13,6,broker,0.7266,1.3229,17
hector,13,2,periferico,0.0,1.0426,5
rivera,13,2,periferico,0.0,-0.9754,1
distinto,13,5,broker,0.7378,0.5916,15
mante,13,4,broker,0.8496,1.4771,32
bloqueo,13,3,broker,0.72,0.0,10
marcha,13,4,broker,0.5926,-0.2462,9
clima,13,6,broker,0.6944,0.6614,12
racha,13,0,broker,0.58,-0.0431,10
viento,13,0,broker,0.5289,0.28,11
lluvia,13,0,broker,0.6484,0.603,16
sabado,13,6,broker,0.7769,-0.6614,11
memoria,13,4,periferico,0.4082,0.6155,7
pronostico,13,0,broker,0.6173,-0.3661,9
mil,13,4,broker,0.716,-1.9695,9
maltrato,13,1,broker,0.5926,0.3076,9
cercano,13,0,broker,0.6122,-0.6892,7
sheinbaum,13,5,broker,0.8469,0.5916,28
gimnasio,13,5,broker,0.5312,0.5916,8
presencia,13,1,broker,0.5,-1.3014,2
metar,13,1,broker,0.5,-0.0946,6
justo,13,4,broker,0.6281,-0.2462,11
elevado,13,0,periferico,0.4444,-0.6892,6
pacifico,13,4,periferico,0.4082,0.6155,7
posibilidad,13,0,broker,0.6777,-0.3661,11
cargado,13,3,broker,0.6939,-1.2247,7
companero,13,5,broker,0.6939,-0.9297,7
difundir,13,5,periferico,0.0,-2.4509,1
consecuencia,13,1,broker,0.7578,0.3076,16
respeto,13,1,broker,0.6281,0.7099,11
marcado,13,6,broker,0.6939,-0.6614,7
meteorologico,13,6,broker,0.716,-0.6614,9
diferencia,13,5,broker,0.716,-0.169,9
mario,13,4,broker,0.7556,-0.2462,15
prever,13,0,broker,0.5,-1.3353,4
especializado,13,3,broker,0.72,0.0,10
localviernes,13,2,periferico,0.0,-0.9754,1
hermano,13,1,broker,0.5679,0.3076,9
caida,13,1,broker,0.7347,-0.8992,7
representacion,13,1,broker,0.6667,-1.3014,3
mierda,13,1,periferico,0.0,-0.8992,2
trato,13,1,broker,0.6562,-0.0946,8
dirigir,13,1,periferico,0.375,-0.4969,4
asesinar,13,1,periferico,0.2778,0.3076,6
abierto,13,2,broker,0.6667,-0.9754,6
entrenar,13,5,periferico,0.449,0.5916,7
soler,13,5,broker,0.6173,0.5916,9
publicar,13,2,broker,0.56,0.0336,5
intenso,13,6,broker,0.64,-1.3229,5
boca,13,1,broker,0.6667,-0.4969,6
cielo,13,0,periferico,0.4444,-1.3353,3
lagrima,13,1,broker,0.56,-1.3014,5
bravo,13,2,periferico,0.0,-1.4799,1
marzo,13,2,broker,0.625,-0.4709,4
deportessabado,13,2,periferico,0.0,-0.4709,2
corrupto,8,1,broker,0.8696,1.206,23
creer,8,1,broker,0.8751,1.206,29
americo,8,0,broker,0.9129,1.6791,43
principal,8,0,broker,0.77,1.6791,20
jesus,8,5,broker,0.7811,-1.3363,13
mora,8,5,broker,0.76,1.069,10
servir,8,2,broker,0.8469,0.2236,14
amlo,8,2,broker,0.8194,0.2236,12
criminal,8,1,broker,0.8438,0.3015,16
grande,8,6,broker,0.8242,1.75,23
necesitar,8,7,broker,0.8512,-0.3536,17
tecnico,8,6,broker,0.8125,0.5,8
pensar,8,2,broker,0.8284,0.2236,13
puesto,8,0,broker,0.8264,-0.9877,11
impunidad,8,-1,broker,0.8642,0.0,9
proteger,8,-1,broker,0.8203,0.0,16
conocimiento,8,1,broker,0.8639,-0.603,13
dificil,8,1,broker,0.8264,-0.603,11
tradicion,8,3,broker,0.6122,0.603,7
justiciaparadafne,8,5,periferico,0.375,0.2673,4
crimen,8,4,broker,0.7959,0.4575,14
operar,8,4,broker,0.7889,2.2875,17
ejercito,8,4,broker,0.8264,-0.1525,11
serio,8,2,broker,0.8333,0.2236,12
coordinacion,8,0,periferico,0.4444,-0.0988,6
sacar,8,8,broker,0.7934,-1.4142,11
leon,8,7,broker,0.6562,1.7678,8
acompanado,8,3,broker,0.5,0.603,6
religioso,8,3,periferico,0.32,0.603,5
involucrado,8,0,broker,0.8395,-0.9877,9
transmitir,8,0,periferico,0.375,-0.5433,4
vision,8,0,periferico,0.2778,0.3457,6
pescador,8,8,broker,0.625,0.0,4
silencio,8,8,periferico,0.0,0.0,2
beneficio,8,0,broker,0.8166,-0.0988,13
razon,8,1,broker,0.625,-1.5076,4
ganancia,8,4,broker,0.56,0.4575,5
ahorita,8,2,broker,0.64,-1.3416,5
santo,8,3,broker,0.76,0.603,10
jueza,8,5,broker,0.5,1.069,6
cierre,8,4,broker,0.75,-0.7625,4
ejecutar,8,7,broker,0.5,-1.4142,2
electrico,8,7,broker,0.56,0.7071,5
cambiar,8,6,broker,0.5,-0.75,2
bastar,8,4,broker,0.75,-0.7625,4
raro,8,2,broker,0.7778,-1.3416,6
tradicional,8,3,broker,0.5,-2.1106,2
celebracion,8,3,periferico,0.0,-0.3015,3
pinche,8,6,broker,0.7222,-0.75,6
cuantos,8,7,broker,0.7222,-0.3536,6
vista,8,8,broker,0.75,1.4142,8
apuesta,8,7,broker,0.625,-0.3536,4
hugo,8,2,periferico,0.32,1.7889,5
afectar,8,6,broker,0.7755,-0.75,7
infierno,8,4,broker,0.75,-0.7625,4
escandalo,8,5,periferico,0.0,0.2673,3
belleza,8,9,broker,0.7347,0.5,7
ojo,8,9,broker,0.6667,-2.0,6
advertir,8,0,broker,0.625,-0.9877,4
pretender,8,9,broker,0.6667,0.5,3
argumento,8,9,broker,0.5,0.5,2
busca,8,9,periferico,0.0,0.5,1
durar,8,5,broker,0.5,-1.3363,2
papel,8,4,broker,0.6667,-0.7625,3
brava,11,0,broker,0.551,1.2545,14
jaiba,11,0,broker,0.7392,1.2545,21
equipo,11,0,broker,0.8741,1.2545,42
veracruz,11,0,broker,0.858,0.2661,26
buscar,11,1,conector_provincial,0.863,3.1355,49
sur,11,9,broker,0.8864,1.7321,44
fuerza,11,1,broker,0.8144,0.6574,19
apertura,11,0,broker,0.6509,0.2661,13
liga,11,0,broker,0.6719,0.2661,16
partido,11,5,broker,0.8424,1.8191,35
futbol,11,4,broker,0.8053,1.3338,23
mundo,11,4,broker,0.8204,1.8981,23
francia,11,6,broker,0.7556,1.2377,15
tour,11,6,broker,0.6944,1.2377,12
pedir,11,3,conector_provincial,0.859,3.1627,41
cabo,11,7,broker,0.8516,0.0,16
san,11,3,broker,0.8819,0.9113,24
alto,11,8,broker,0.8756,1.8371,30
participar,11,7,broker,0.8867,1.4142,30
talento,11,1,broker,0.716,-0.0506,9
eleccion,11,5,broker,0.8148,-0.6211,9
electoral,11,5,broker,0.7654,1.8191,18
cautelar,11,2,periferico,0.0,0.7302,4
medida,11,2,broker,0.8402,0.7302,13
impresocompartirsigueno,11,4,broker,0.72,-0.9234,5
linkarticulo,11,4,broker,0.72,-0.9234,5
domingo,11,0,broker,0.8056,-2.2048,12
toro,11,6,broker,0.716,-0.2063,9
mostrar,11,9,broker,0.8438,0.866,16
futbolista,11,4,broker,0.7692,-0.3591,13
fondo,11,1,broker,0.6173,0.3034,9
basico,11,3,broker,0.7654,-0.2144,9
ciudadania,11,3,broker,0.72,-0.2144,5
raul,11,9,broker,0.72,0.0,5
juicio,11,3,broker,0.8047,0.5361,13
cobrar,11,1,broker,0.6122,-0.0506,7
arranque,11,0,periferico,0.2449,-0.2281,7
convertir,11,8,broker,0.8733,1.1227,23
campana,11,3,broker,0.72,-0.2144,5
jugar,11,0,broker,0.7917,-1.2165,12
valle,11,3,broker,0.72,-0.2144,5
proyectar,11,1,broker,0.7222,-0.7586,6
tercer,11,6,broker,0.642,0.5157,9
piratas,11,0,periferico,0.0,0.2661,7
gol,11,0,broker,0.7438,-1.2165,11
mesa,11,1,broker,0.625,-1.1126,4
ietam,11,5,periferico,0.2778,0.843,6
romper,11,3,periferico,0.4444,-0.2144,3
ganar,11,7,broker,0.8544,1.4142,23
expediente,11,3,broker,0.75,-0.5897,4
comida,11,5,broker,0.7222,-1.1092,6
historico,11,4,broker,0.8061,-0.3591,14
cargo,11,2,broker,0.7812,1.7411,16
presidencia,11,2,broker,0.7901,-0.2808,9
festival,11,7,broker,0.76,0.0,10
minibasket,11,7,broker,0.5714,0.0,7
empatar,11,0,periferico,0.2188,0.2661,8
suficiente,11,2,broker,0.625,-0.2808,4
ramos,11,5,periferico,0.4444,-0.6211,3
testimonio,11,1,broker,0.5926,0.3034,9
establecer,11,2,broker,0.8099,0.2247,11
practica,11,9,broker,0.75,-0.866,4
torneo,11,4,broker,0.8089,0.7695,15
codigo,11,2,broker,0.6939,2.2466,14
campos,11,3,broker,0.8163,-0.2144,7
oficialmente,11,6,broker,0.5938,-0.2063,8
estadio,11,0,periferico,0.2449,-0.2281,7
division,11,4,broker,0.7901,-0.3591,9
jugador,11,4,broker,0.58,0.7695,10
ave,11,1,periferico,0.449,0.3034,7
politica,11,5,broker,0.716,0.3549,9
vincular,11,2,broker,0.7811,1.2356,13
pagina,11,9,broker,0.625,-0.866,4
caracter,11,3,periferico,0.0,-0.2144,2
comentar,11,1,broker,0.56,-0.4046,5
financiero,11,9,broker,0.75,-0.866,4
alcaldia,11,5,broker,0.8125,-0.6211,8
deportesdomingo,11,7,periferico,0.4444,-1.4142,3
definitivo,11,8,broker,0.64,-1.0206,5
asunto,11,2,broker,0.7347,-0.2808,7
acto,11,8,broker,0.7901,-0.3062,9
nacer,11,5,broker,0.72,-0.6211,5
septiembre,11,5,broker,0.72,-0.6211,5
volar,11,1,broker,0.625,-0.7586,4
salto,11,1,broker,0.6667,-0.4046,6
culminar,11,7,broker,0.6914,0.0,9
logro,11,6,broker,0.5938,-0.9283,8
ejecutivo,11,8,broker,0.6939,-0.3062,7
correr,11,6,broker,0.8163,-1.6503,7
nacion,11,2,broker,0.75,-0.7863,4
resolucion,11,2,periferico,0.0,-0.7863,1
guerra,11,1,periferico,0.0,-0.7586,2
amor,11,1,broker,0.56,-0.4046,5
contratar,11,8,broker,0.72,-1.0206,5
sentencia,11,2,broker,0.5,0.7302,6
incidente,11,7,broker,0.72,-1.4142,5
principio,11,2,broker,0.5,-1.2918,2
restriccion,11,5,periferico,0.4444,-0.6211,3
federacion,11,2,broker,0.8125,-1.2918,8
relacion,11,3,periferico,0.4444,-0.9649,3
enero,11,8,periferico,0.48,-0.3062,5
disfrazado,11,3,broker,0.5,-0.5897,2
oscar,11,4,broker,0.6667,-0.3591,6
redes,11,2,broker,0.5,-0.7863,2
constituir,11,2,periferico,0.0,-0.7863,1
lider,11,4,periferico,0.0,-1.4877,1
analizar,11,2,broker,0.56,-0.7863,5
firme,11,2,periferico,0.0,-0.2808,2
foto,11,3,periferico,0.0,-0.9649,1
escuela,6,0,broker,0.9397,1.8653,69
nina,6,0,broker,0.9106,1.4093,45
militar,6,0,broker,0.9195,0.4974,42
deber,6,2,broker,0.9183,0.8944,65
querer,6,1,broker,0.9164,1.7253,55
director,6,3,broker,0.8882,1.9612,37
hija,6,12,broker,0.9321,1.7321,54
dejar,6,8,broker,0.919,1.5689,56
hijo,6,2,broker,0.9112,0.8944,39
investigar,6,11,broker,0.9102,0.0,37
campamento,6,7,broker,0.9256,2.1243,41
padre,6,-1,broker,0.909,0.0,47
ponce,6,3,broker,0.8753,-0.7845,21
victima,6,9,broker,0.9146,1.4142,45
regular,6,7,broker,0.6939,0.559,7
culpable,6,1,broker,0.9163,1.2401,47
abuso,6,0,broker,0.8807,0.4974,27
ojala,6,2,broker,0.9083,-0.4472,34
disciplina,6,0,broker,0.8834,0.4974,27
alumno,6,3,broker,0.8199,0.5883,19
nombre,6,8,broker,0.9011,-0.3922,31
existir,6,9,broker,0.9156,0.0,30
meter,6,2,broker,0.8998,-0.4472,23
colegio,6,6,broker,0.8611,1.7049,24
cosa,6,5,broker,0.9056,0.2462,28
pagar,6,2,broker,0.8595,0.8944,22
mal,6,9,broker,0.8984,0.0,32
matar,6,4,broker,0.8203,1.0835,16
carcel,6,1,broker,0.8576,0.7548,25
estricto,6,0,broker,0.7769,-0.4145,11
senora,6,10,broker,0.9073,1.118,33
mano,6,11,broker,0.9011,0.0,31
perez,6,0,broker,0.716,-0.4145,9
chica,6,4,broker,0.8047,1.0835,13
viejo,6,1,broker,0.8753,-0.2157,19
mentira,6,1,broker,0.8595,-0.7009,11
estrella,6,3,broker,0.8194,-0.7845,12
aplicar,6,10,broker,0.8889,-1.118,15
ensenar,6,9,broker,0.8333,-1.4142,6
anual,6,8,periferico,0.0,-1.3728,1
golpe,6,5,broker,0.7222,-1.4771,6
golpear,6,5,broker,0.8639,-0.6155,13
papa,6,6,broker,0.8194,0.3706,12
entender,6,5,broker,0.8971,0.2462,27
pobre,6,5,broker,0.8672,1.9695,25
culpa,6,11,broker,0.8472,0.0,12
muerto,6,4,broker,0.8457,-0.1204,18
asesino,6,4,broker,0.8809,1.0835,23
violento,6,4,broker,0.72,-1.3242,5
chivo,6,1,broker,0.5714,-0.2157,7
cerrar,6,10,broker,0.9074,1.118,23
alguien,6,5,broker,0.8928,0.2462,25
mando,6,6,broker,0.8367,1.0377,14
castigo,6,3,broker,0.8359,-0.7845,16
maldito,6,6,broker,0.84,-0.9636,10
causar,6,10,broker,0.843,0.0,11
chico,6,6,broker,0.8148,0.3706,9
castigar,6,6,broker,0.8639,0.3706,13
sedena,6,0,broker,0.75,-0.8705,8
tortura,6,0,broker,0.8533,-0.4145,15
supuesto,6,1,broker,0.8639,-0.7009,13
inocente,6,4,broker,0.8356,-0.1204,15
expiatorio,6,1,broker,0.5,-0.2157,6
abusar,6,3,broker,0.8,-0.7845,15
torturar,6,12,broker,0.8125,-0.5774,8
llamar,6,3,broker,0.865,0.5883,20
notar,6,1,broker,0.75,-1.6714,4
lamentable,6,8,broker,0.8889,0.5883,21
ala,6,4,broker,0.8639,-0.1204,13
triste,6,7,broker,0.86,-0.2236,10
impune,6,6,broker,0.74,-0.2965,10
derechos,6,7,broker,0.84,-0.2236,10
dana,6,4,broker,0.8333,-1.3242,6
acusado,6,0,broker,0.72,-1.3264,5
normal,6,-1,broker,0.8333,0.0,6
siquiera,6,6,broker,0.8163,-0.9636,7
inscribir,6,12,broker,0.7347,-0.5774,7
hijos,6,7,broker,0.8148,-0.2236,9
padres,6,7,broker,0.8571,-1.0062,7
alli,6,5,broker,0.7901,-0.6155,9
abuelita,6,12,broker,0.6667,-0.5774,3
jamas,6,7,broker,0.8438,-1.0062,8
preguntar,6,0,broker,0.625,-1.3264,4
inepto,6,8,broker,0.64,-0.3922,5
culpar,6,4,broker,0.8265,1.0835,14
manos,6,2,broker,0.56,-1.7889,5
loco,6,10,periferico,0.0,-1.118,1
jovencita,6,6,periferico,0.0,-1.6307,1
marino,6,4,periferico,0.0,-1.3242,1
caso,14,1,broker,0.9442,1.2247,88
dafne,14,1,broker,0.9511,1.2247,94
academia,14,2,broker,0.9453,1.206,65
militarizada,14,2,broker,0.9075,1.206,40
investigacion,14,0,broker,0.8967,1.5253,56
joven,14,5,broker,0.8855,0.8944,49
fiscalia,14,0,broker,0.882,1.8671,45
danna,14,3,broker,0.8506,0.3137,35
yanina,14,3,broker,0.8707,2.0079,43
feminicidio,14,1,broker,0.872,-0.8165,31
morir,14,2,broker,0.8304,0.3015,17
adolescente,14,2,broker,0.8889,-0.603,24
jorge,14,5,broker,0.848,0.8944,25
luis,14,5,broker,0.8751,0.8944,29
presentar,14,5,broker,0.8613,-0.4472,32
orden,14,0,broker,0.8178,1.1834,30
defensa,14,4,broker,0.8325,1.5736,31
audiencia,14,4,broker,0.8339,2.3604,34
aprehension,14,0,broker,0.7059,0.8415,17
preventivo,14,3,broker,0.7578,0.8784,16
prision,14,3,broker,0.7467,0.8784,15
detenido,14,7,broker,0.8715,0.0,24
sexual,14,1,broker,0.7812,-0.8165,8
explicar,14,6,broker,0.8561,1.3728,29
denuncia,14,0,broker,0.8267,-0.526,15
instalacion,14,0,broker,0.8507,0.1578,23
milenio,14,2,broker,0.7755,-0.603,14
dato,14,0,broker,0.815,0.1578,20
nieta,14,1,broker,0.64,-0.8165,5
aclarar,14,0,broker,0.8056,-0.8678,12
solicitud,14,4,broker,0.7574,-0.3934,13
interior,14,7,broker,0.8333,0.0,18
integral,14,4,broker,0.8281,0.0,16
diligencia,14,4,broker,0.7188,-0.7868,8
penal,14,3,broker,0.8125,-0.8157,16
govea,14,6,broker,0.75,0.3922,8
orozco,14,6,broker,0.7812,0.3922,8
abogado,14,3,broker,0.8438,-0.8157,16
ministerio,14,7,broker,0.8438,0.0,16
presuntamente,14,5,broker,0.7778,-1.7889,12
considerar,14,6,broker,0.7083,-0.5883,12
defensor,14,3,broker,0.8099,-0.8157,11
plazo,14,4,broker,0.75,0.3934,12
flores,14,4,broker,0.7222,-0.7868,6
ninas,14,0,broker,0.625,-1.2097,4
etapa,14,4,broker,0.6942,-1.1802,11
fgj,14,0,broker,0.6914,-0.526,9
asfixia,14,6,broker,0.625,-1.5689,4
acreditar,14,5,broker,0.7,-0.4472,10
cruz,14,4,broker,0.56,-0.3934,5
inicial,14,4,broker,0.64,-0.7868,5
imponer,14,3,broker,0.6939,-0.8157,7
imputado,14,4,broker,0.7245,0.7868,14
cometer,14,0,broker,0.716,-0.8678,9
madrugada,14,2,broker,0.7222,-1.5076,6
juridico,14,4,broker,0.8125,0.0,16
dictar,14,3,broker,0.6939,-0.8157,7
receso,14,4,broker,0.7812,-0.7868,8
voluntario,14,0,broker,0.56,-0.8678,5
peticion,14,0,broker,0.6531,-0.8678,7
millon,1,0,broker,0.8587,1.206,27
pesos,1,0,broker,0.9031,1.206,34
inversion,1,0,broker,0.855,0.3015,20
construccion,1,2,broker,0.8532,0.5883,19
proyecto,1,2,broker,0.9074,1.5689,31
formar,1,3,broker,0.8636,1.5652,22
importante,1,3,broker,0.88,1.5652,30
region,1,5,broker,0.8896,0.0,25
estrategico,1,2,broker,0.7901,-1.3728,9
estacion,1,6,broker,0.8281,1.118,16
seguro,1,6,broker,0.8809,1.118,23
iniciar,1,1,broker,0.8028,1.7678,17
mexicana,1,1,broker,0.7653,0.3536,14
norte,1,4,broker,0.8724,1.796,27
kilometro,1,5,broker,0.6667,0.0,6
fronterizo,1,5,broker,0.6939,0.0,7
otorgar,1,2,broker,0.7347,-0.3922,7
grupo,1,4,broker,0.8457,1.0932,18
compartir,1,1,broker,0.8651,-0.3536,17
dif,1,1,broker,0.7654,-0.3536,9
agradecer,1,7,broker,0.8166,-1.6036,13
carga,1,0,broker,0.64,-1.5076,5
contemplar,1,6,broker,0.8125,-1.118,8
encargado,1,3,broker,0.7347,-1.118,7
pilar,1,4,broker,0.625,-0.3123,4
actuacion,1,7,broker,0.5,1.069,6
sumar,1,7,broker,0.7778,1.069,12
actor,1,7,broker,0.6939,-0.2673,7
cmic,1,2,broker,0.716,-0.3922,9
informe,1,0,broker,0.6531,-0.603,7
coahuila,1,4,broker,0.75,-1.0151,4
radio,1,4,broker,0.6914,1.0932,9
noreste,1,5,broker,0.6667,0.0,6
contratacion,1,-1,broker,0.6667,0.0,3
periodo,1,-1,broker,0.8264,0.0,11
infancia,1,1,broker,0.56,-0.3536,5
registro,1,1,broker,0.7347,-0.3536,7
comun,1,6,broker,0.7755,0.0,7
conectar,1,3,broker,0.625,-0.4472,4
completamente,1,4,broker,0.5,-0.3123,4
esperado,1,3,broker,0.5,-1.118,2
pronto,1,4,broker,0.8,-1.0151,5
pasion,1,3,periferico,0.375,0.2236,4
tampiquena,1,3,periferico,0.375,0.2236,4
capacitacion,1,1,broker,0.5625,1.0607,8
reyes,1,0,broker,0.6667,-0.603,6
dinamica,1,7,periferico,0.48,-0.2673,5
posteriormente,1,4,broker,0.72,-1.0151,5
revivir,1,3,periferico,0.0,0.2236,3
emocion,1,4,periferico,0.4444,-0.3123,3
querido,1,6,broker,0.6667,-1.118,3
tamaulipa,1,3,periferico,0.0,-1.118,1
docente,1,1,periferico,0.0,-1.7678,1
vacacion,12,1,broker,0.7556,0.2402,15
verano,12,1,broker,0.9036,2.0016,46
bodies,12,0,broker,0.8444,-0.4851,15
exposicion,12,0,broker,0.8415,1.6977,37
entrada,12,4,broker,0.8477,1.1339,27
gratuito,12,4,broker,0.8125,0.378,24
llegar,12,5,broker,0.8673,2.0226,42
vivir,12,6,broker,0.847,1.7857,31
unico,12,5,broker,0.8378,0.4045,30
cuerpo,12,5,broker,0.7867,0.9439,19
experiencia,12,0,broker,0.8054,2.0616,31
disfrutar,12,0,broker,0.8574,0.6063,31
recibir,12,1,broker,0.8398,1.1209,32
precio,12,2,broker,0.7041,0.9027,14
producto,12,2,broker,0.6953,1.8053,16
manana,12,3,broker,0.7846,1.7386,21
martes,12,3,broker,0.7619,1.7386,21
internacional,12,8,broker,0.8698,1.4142,26
escolar,12,2,broker,0.6806,0.9027,12
oferta,12,1,broker,0.7653,-0.2002,14
playa,12,1,broker,0.8199,0.2402,19
ofrecer,12,2,broker,0.8685,0.9027,42
expo,12,4,broker,0.7978,1.8898,19
humano,12,0,broker,0.7543,0.6063,17
recorrer,12,0,broker,0.8304,-0.1213,17
temporal,12,0,broker,0.7,-0.1213,10
turista,12,1,periferico,0.4062,0.2402,8
recorrido,12,7,broker,0.8753,0.1796,19
superar,12,1,broker,0.562,0.6805,11
carpintero,12,5,periferico,0.4444,-0.6742,3
noche,12,3,broker,0.8651,0.0756,17
linea,12,5,broker,0.8125,-0.6742,8
descubrir,12,6,broker,0.8359,-0.6868,16
alas,12,0,broker,0.6667,-0.8489,6
reconocido,12,8,broker,0.74,-1.4142,10
carlos,12,3,broker,0.75,0.4914,12
copa,12,6,broker,0.6562,0.9615,8
ideal,12,6,periferico,0.4444,-0.6868,3
regreso,12,2,periferico,0.449,0.4513,7
especial,12,6,broker,0.8047,0.9615,16
llamada,12,3,periferico,0.48,-0.3402,5
jardin,12,4,broker,0.7959,-0.378,14
agrupacion,12,2,broker,0.625,-0.9027,4
naturaleza,12,7,broker,0.7467,1.6164,15
recinto,12,7,broker,0.5,-1.2572,2
viaje,12,0,broker,0.8356,-0.8489,15
teatro,12,4,broker,0.74,-0.378,10
natural,12,6,broker,0.8166,0.1374,13
visitar,12,0,broker,0.78,-0.8489,10
atractivo,12,1,broker,0.7361,-0.6405,12
libre,12,4,broker,0.7934,-1.1339,11
gobernadores,12,4,broker,0.6562,-0.378,8
salon,12,4,broker,0.7654,-1.1339,9
galeria,12,0,broker,0.6562,-0.4851,8
totalmente,12,1,broker,0.7654,-1.0809,9
confiar,12,3,broker,0.72,-0.7559,5
paisaje,12,7,broker,0.5,0.898,6
feria,12,2,periferico,0.4444,0.0,6
definir,12,3,periferico,0.375,-0.3402,4
tranquilidad,12,7,broker,0.5,0.898,6
presumir,12,6,periferico,0.375,0.1374,4
dormir,12,5,broker,0.6667,-0.1348,6
convocar,12,5,broker,0.625,-0.6742,4
robles,12,3,periferico,0.32,0.0756,5
junio,12,1,broker,0.7778,-1.5212,6
adquirir,12,2,periferico,0.4444,-0.9027,3
meta,12,1,periferico,0.375,-1.0809,4
gomez,12,6,broker,0.72,0.9615,10
afuera,12,6,broker,0.56,0.1374,5
licenciatura,12,7,broker,0.6667,-0.5388,6
concierto,12,8,broker,0.72,0.0,5
ingenieria,12,7,periferico,0.0,-1.2572,1
interesado,12,7,broker,0.64,-0.5388,5
horas,12,3,broker,0.6562,0.0756,8
fotografia,12,6,broker,0.6667,-1.511,3
lamentar,12,5,broker,0.6667,-1.2136,3
ciencia,12,0,broker,0.64,-1.2127,5
potosi,12,2,broker,0.72,-0.9027,5
amplio,12,2,broker,0.64,-0.9027,5
intervenir,12,3,periferico,0.0,-1.5875,1
victor,12,8,periferico,0.4444,0.0,3
magico,12,6,periferico,0.4444,-0.6868,3
turistica,12,6,broker,0.6667,-1.511,3
proposito,12,2,periferico,0.0,-1.354,1
asistente,12,3,broker,0.5,-1.1717,2
mexicano,24,0,broker,0.8609,1.069,29
pais,24,0,broker,0.8878,1.069,42
turismo,24,4,broker,0.8785,1.7321,24
cualquiera,24,0,broker,0.83,-0.2673,20
servicio,24,5,broker,0.887,0.3536,29
etc,24,0,periferico,0.375,-0.2673,4
destacar,24,4,broker,0.834,0.866,27
programa,24,2,broker,0.8642,1.3306,27
social,24,1,broker,0.8512,2.0305,31
organizacion,24,9,broker,0.8402,-0.7071,13
miguel,24,6,broker,0.7901,1.8371,9
monsivais,24,8,periferico,0.0,0.7071,1
paulo,24,8,periferico,0.0,0.7071,1
acceso,24,3,broker,0.7603,0.9001,11
boleto,24,6,broker,0.8,0.4082,10
pasajero,24,3,broker,0.6122,0.2813,7
universidad,24,2,broker,0.72,1.8111,15
chihuahua,24,2,broker,0.75,-0.1109,8
viajar,24,3,broker,0.7273,1.5189,11
movilidad,24,1,broker,0.6,0.855,10
impacto,24,2,broker,0.6939,-0.1109,7
mantenimiento,24,6,broker,0.64,0.4082,5
carrera,24,2,broker,0.74,-0.5914,10
ciudadano,24,1,broker,0.805,1.2468,20
reconocimiento,24,4,broker,0.78,-0.866,10
acercar,24,5,broker,0.7438,0.3536,11
orientacion,24,5,broker,0.6562,0.3536,8
transporte,24,3,broker,0.7407,0.9001,9
contribuir,24,1,broker,0.7245,0.4631,14
riqueza,24,4,broker,0.5,-0.866,4
motor,24,1,broker,0.56,-0.3206,5
establecido,24,2,broker,0.8163,-0.5914,7
incluir,24,6,broker,0.7812,0.4082,8
habitante,24,1,broker,0.6667,-0.3206,6
ingreso,24,3,broker,0.7901,-0.9563,9
especialmente,24,9,broker,0.7778,1.4142,6
muestra,24,4,broker,0.625,-0.866,4
motivo,24,3,broker,0.6939,-0.3375,7
armando,24,7,broker,0.6111,1.3728,6
ejercer,24,7,broker,0.625,0.3922,4
institucional,24,1,broker,0.64,-0.7125,5
uat,24,2,periferico,0.48,1.8111,10
cientifico,24,2,periferico,0.375,-0.1109,4
requisito,24,3,periferico,0.4898,0.9001,7
fundamental,24,6,broker,0.7778,-1.0206,6
jefe,24,7,broker,0.6667,-1.5689,3
desempeno,24,2,broker,0.5,0.3696,6
apostar,24,4,broker,0.6111,0.0,6
alla,24,5,broker,0.7188,-0.7071,8
promocion,24,5,broker,0.64,1.4142,10
superior,24,7,broker,0.7222,0.3922,6
limite,24,3,broker,0.625,-0.3375,4
academico,24,2,broker,0.6667,-1.0719,3
limitado,24,3,broker,0.56,0.2813,5
argentino,24,6,periferico,0.0,-1.0206,1
inicio,24,1,broker,0.72,0.0712,10
documento,24,8,broker,0.625,-1.4142,4
educativo,24,1,broker,0.7347,-1.1043,7
tamaulipeca,24,1,broker,0.5,-1.1043,2
insumo,24,9,broker,0.6667,-0.7071,3
extraordinario,24,5,broker,0.625,-1.7678,4
acceder,24,3,broker,0.5,-1.5751,2
empresas,24,0,periferico,0.0,-1.6036,2
roberto,24,1,broker,0.5,-1.1043,2
alma,24,7,periferico,0.0,-0.5883,1
transparencia,24,2,periferico,0.4444,-0.5914,3
servidor,24,2,periferico,0.4444,-1.0719,3
importancia,24,2,periferico,0.0,-1.0719,1
girar,24,6,broker,0.5,-1.0206,2
lejos,24,3,periferico,0.0,-1.5751,1
fortalecer,16,0,broker,0.8822,1.8752,53
impulsar,16,0,broker,0.7952,1.5236,33
municipio,16,3,broker,0.8313,2.391,37
economico,16,0,broker,0.7941,1.172,34
oportunidad,16,0,broker,0.7372,1.5236,29
generar,16,0,broker,0.7258,0.1172,19
deporte,16,4,broker,0.7864,0.4016,23
tampicotecuida,16,0,broker,0.8288,-0.2344,25
entrega,16,5,broker,0.716,1.7678,18
magicos,16,2,periferico,0.497,1.294,13
pueblos,16,2,periferico,0.497,1.294,13
esfuerzo,16,5,broker,0.719,0.3536,22
reconocer,16,4,broker,0.6667,-0.5623,18
tianguis,16,2,broker,0.5278,0.7548,12
distintivo,16,5,broker,0.6942,-1.0607,11
tercero,16,5,broker,0.6111,-1.0607,6
emprendedor,16,0,periferico,0.4861,-0.2344,12
anunciar,16,1,broker,0.6953,1.0661,16
club,16,1,broker,0.6851,1.691,17
argentina,16,4,broker,0.6173,-0.0803,9
sueno,16,4,periferico,0.32,-0.5623,5
campeon,16,4,conector_provincial,0.5741,2.8113,18
sociedad,16,0,broker,0.6627,-0.586,13
orgullo,16,5,broker,0.7219,0.3536,13
decision,16,1,broker,0.5785,-0.1838,11
portales,16,1,periferico,0.2188,1.0661,8
concanaco,16,0,broker,0.5139,-0.2344,12
servytur,16,0,periferico,0.3704,-0.586,9
comite,16,2,periferico,0.0,-0.8627,5
organizador,16,2,periferico,0.0,-0.8627,5
breve,16,1,periferico,0.0,0.4411,6
previo,16,1,broker,0.5312,-0.1838,8
colgar,16,1,periferico,0.0,-0.1838,5
competir,16,3,broker,0.58,0.488,10
hazana,16,4,periferico,0.4444,-1.5261,3
seguimiento,16,0,periferico,0.2449,-0.9376,7
sede,16,2,broker,0.6116,-0.3235,11
tampiqueno,16,1,broker,0.7479,0.4411,19
exponente,16,3,broker,0.5,-0.7807,8
estudiante,16,0,broker,0.562,-0.586,11
delegacion,16,3,broker,0.8166,-1.4151,17
entrenamiento,16,1,periferico,0.2449,0.4411,7
guant,16,1,periferico,0.0,0.4411,6
sanamente,16,3,periferico,0.4082,-0.1464,7
rodriguez,16,2,broker,0.5917,0.2157,13
crecer,16,5,broker,0.5926,-0.3536,9
representante,16,2,broker,0.7,-1.941,10
herramienta,16,0,periferico,0.0,-0.2344,8
desear,16,1,broker,0.6939,-2.6835,7
deportista,16,4,broker,0.7733,-0.0803,15
medalla,16,4,broker,0.5312,-0.0803,8
dedicacion,16,5,broker,0.72,-1.0607,10
noviembre,16,2,periferico,0.1975,0.7548,9
mar,16,1,periferico,0.375,-1.4337,4
mediterraneo,16,1,periferico,0.0,-0.8087,4
cuidastir,16,1,periferico,0.0,0.4411,6
correcaminos,16,1,periferico,0.0,0.4411,6
amiga,16,1,periferico,0.449,-0.1838,7
perrita,16,1,periferico,0.4444,-0.8087,6
despedida,16,3,broker,0.5,-1.4151,6
lomito,16,3,periferico,0.4444,-0.7807,6
fiel,16,3,periferico,0.2449,0.488,7
leal,16,3,periferico,0.0,0.488,6
dominio,16,3,periferico,0.0,0.488,6
tablero,16,3,periferico,0.0,0.488,6
compitar,16,3,periferico,0.0,0.488,6
conjunto,16,0,broker,0.5679,-1.2892,9
beisbol,16,4,broker,0.5185,0.4016,9
hechoentampico,16,5,broker,0.562,1.0607,11
campeonato,16,4,periferico,0.0,0.4016,6
conquistar,16,4,periferico,0.32,-0.5623,5
destrozar,16,4,periferico,0.4444,-0.5623,6
convenciones,16,2,periferico,0.2449,-0.3235,7
alianza,16,0,broker,0.5625,-1.2892,8
adolfo,16,3,periferico,0.32,-0.7807,5
autoridad,5,3,broker,0.9097,1.6977,48
militarizado,5,0,broker,0.898,1.3188,35
institucion,5,6,broker,0.8878,0.0,38
secretaria,5,0,broker,0.875,0.7253,28
encontrar,5,7,broker,0.8742,1.0,33
dia,5,5,broker,0.9168,1.2247,46
plantel,5,6,broker,0.8669,0.0,27
educacion,5,0,broker,0.8229,1.3188,24
poblacion,5,1,broker,0.7822,0.8111,15
resultado,5,1,broker,0.8639,1.5411,26
terminar,5,5,broker,0.8715,1.2247,24
laura,5,2,periferico,0.0,0.75,3
martinez,5,2,broker,0.7407,0.75,9
recordar,5,4,broker,0.8333,2.0412,18
agresion,5,6,broker,0.84,0.0,10
afirmar,5,8,broker,0.8512,1.0,22
medio,5,7,broker,0.8707,1.0,21
sep,5,0,broker,0.7378,0.7253,15
publica,5,0,broker,0.6875,-1.055,8
formacion,5,0,broker,0.7692,-0.4616,13
tratar,5,4,broker,0.8443,0.4082,17
fallecer,5,4,broker,0.8444,0.4082,15
supervision,5,3,broker,0.6562,-1.2127,8
inmediato,5,3,broker,0.8472,-0.4851,12
voto,5,2,broker,0.8194,0.75,12
juana,5,2,periferico,0.0,-0.5,2
ingresar,5,9,broker,0.8704,1.3728,18
oficina,5,3,broker,0.6875,0.9701,8
permiso,5,0,broker,0.7639,-0.4616,12
comision,5,8,broker,0.82,1.0,10
modelo,5,9,broker,0.7654,0.3922,9
positivo,5,1,broker,0.7,0.0811,10
convivencia,5,1,broker,0.6875,-0.6489,8
detallar,5,3,broker,0.7755,-0.4851,7
entrevista,5,8,broker,0.8571,-1.0,14
quintana,5,5,periferico,0.0,-1.2247,1
roo,5,5,periferico,0.0,-1.2247,1
directora,5,0,broker,0.6111,-1.6485,6
instituto,5,9,broker,0.84,0.3922,10
ortega,5,3,broker,0.7222,-0.4851,6
promedio,5,1,broker,0.76,-0.6489,10
grave,5,8,broker,0.8395,-1.0,9
documentar,5,7,broker,0.625,-1.0,4
real,5,7,broker,0.7778,-1.0,6
escribir,5,4,broker,0.625,-0.4082,4
revelar,5,1,broker,0.78,-0.6489,10
detectar,5,0,broker,0.7273,-0.4616,11
presentacion,5,5,broker,0.7778,0.0,6
unicamente,5,1,broker,0.6111,1.5411,12
enfermedad,5,1,broker,0.7812,-1.3789,8
conflicto,5,1,broker,0.6122,-0.6489,7
especie,5,4,broker,0.625,-0.4082,4
herida,5,4,broker,0.6667,-1.2247,3
verificar,5,9,broker,0.625,-0.5883,4
facultad,5,5,broker,0.72,0.0,5
batalla,5,4,broker,0.56,0.4082,5
regalar,5,4,broker,0.6667,-1.2247,3
localdomingo,5,9,broker,0.5,-1.5689,2
modalidad,5,2,broker,0.5,-1.75,2
estatal,10,1,broker,0.8971,1.7541,41
mexico,10,2,broker,0.9348,2.3519,85
permitir,10,10,broker,0.8669,1.8257,35
guardia,10,1,broker,0.8333,-0.4385,12
actividad,10,0,broker,0.8633,2.4736,34
agua,10,3,broker,0.8907,1.8906,31
recurso,10,3,broker,0.8512,1.3433,17
robar,10,2,broker,0.8264,-0.0535,11
responsable,10,2,broker,0.8994,0.9087,26
representar,10,6,broker,0.8846,1.8708,26
reynosa,10,1,broker,0.9012,1.7541,36
entidad,10,7,broker,0.8991,2.3837,31
crecimiento,10,4,broker,0.8047,0.0981,16
pequeno,10,9,broker,0.8199,1.9403,19
particular,10,2,broker,0.8194,-0.0535,12
desarrollo,10,4,broker,0.9087,2.1573,40
perro,10,0,broker,0.8028,1.1066,17
tamaulipeco,10,6,broker,0.8148,-0.5345,9
frontera,10,1,broker,0.8611,-0.4385,12
mascota,10,0,broker,0.8099,-0.2604,11
producir,10,11,broker,0.8099,1.75,11
cuidado,10,3,broker,0.7901,0.2488,9
promover,10,4,broker,0.7857,0.0981,14
capacidad,10,0,broker,0.7692,0.6509,13
industria,10,0,broker,0.8061,0.6509,14
compania,10,0,broker,0.6,1.1066,10
diario,10,2,broker,0.75,-1.0156,4
resolver,10,5,broker,0.8356,1.6059,15
seleccion,10,7,broker,0.8,-0.286,5
territorio,10,10,broker,0.8125,0.0,8
asimismo,10,7,broker,0.7654,-0.9535,9
industrial,10,4,broker,0.75,-1.2748,4
objetivo,10,7,broker,0.8595,-0.286,11
hogar,10,4,broker,0.8148,-0.5883,9
inteligencia,10,0,periferico,0.4444,-0.716,3
gobernar,10,2,broker,0.72,-0.5345,5
reciente,10,3,broker,0.8,-0.8458,5
hombre,10,8,broker,0.858,1.9878,18
titulo,10,2,periferico,0.4444,-0.5345,3
aprender,10,3,broker,0.6939,0.2488,7
entrar,10,5,broker,0.8099,0.6882,11
distinguir,10,0,periferico,0.4444,-0.716,3
empresario,10,8,broker,0.8827,0.4417,18
innovacion,10,9,broker,0.75,-0.9701,4
cual,10,0,broker,0.7812,-0.2604,8
top,10,2,broker,0.5,-1.0156,2
minuto,10,10,broker,0.8,0.0,10
debajo,10,7,broker,0.6667,-0.286,3
productivo,10,0,broker,0.7222,-0.716,6
actual,10,10,broker,0.8125,-0.9129,8
america,10,6,broker,0.82,0.2673,10
mediano,10,9,broker,0.56,0.4851,5
sesion,10,3,broker,0.625,-0.8458,4
directamente,10,8,periferico,0.4444,-1.1043,3
competitividad,10,9,broker,0.84,-0.2425,10
generacion,10,3,broker,0.8789,0.796,17
ocupar,10,0,broker,0.5,-0.716,4
dolares,10,11,broker,0.64,0.5,5
liderazgo,10,4,broker,0.56,0.0981,5
realmente,10,11,broker,0.7778,-0.75,6
garantizar,10,3,broker,0.7654,0.2488,9
energia,10,0,broker,0.625,-0.716,4
caribe,10,6,broker,0.56,0.2673,5
poderoso,10,10,broker,0.5,-0.9129,2
ampliar,10,1,broker,0.6122,0.0,7
extorsion,10,5,broker,0.7222,0.6882,6
mayo,10,1,broker,0.75,-0.4385,8
armado,10,8,broker,0.7222,0.4417,6
concentrar,10,1,broker,0.75,-0.4385,8
complejo,10,11,broker,0.82,-0.75,10
territorial,10,7,broker,0.6939,-0.286,7
formal,10,8,broker,0.6667,-0.3313,3
tamano,10,9,broker,0.5,-0.9701,2
cantidad,10,5,broker,0.64,0.6882,5
reiterar,10,5,broker,0.7901,-0.2294,9
estudio,10,6,broker,0.8395,-0.5345,9
esposa,10,1,broker,0.6875,0.0,8
implicado,10,1,periferico,0.0,0.0,4
posterior,10,11,broker,0.6667,-0.75,3
cuanto,10,2,periferico,0.0,-0.0535,3
convivir,10,0,broker,0.72,-0.716,5
alimento,10,3,broker,0.625,-0.8458,4
instruccion,10,3,periferico,0.0,-1.3931,1
integrar,10,4,broker,0.625,-0.5883,4
proveedor,10,9,periferico,0.4444,-0.2425,3
difundido,10,7,broker,0.6667,-0.286,3
instancia,10,8,broker,0.75,-0.3313,4
obligar,10,5,periferico,0.0,-1.1471,1
habitar,10,3,broker,0.6667,-0.8458,3
integrado,10,6,broker,0.5,-1.3363,2
ejemplar,10,0,broker,0.6667,-1.1717,3
color,10,8,periferico,0.0,-1.1043,1
interno,10,1,periferico,0.0,-1.7541,1
efecto,10,5,periferico,0.0,-1.1471,1
decena,10,5,periferico,0.0,-1.1471,1
ciento,20,5,broker,0.8097,1.8371,17
disminuir,20,5,periferico,0.4444,-0.2041,3
robo,20,5,broker,0.7778,-0.2041,6
base,20,4,broker,0.7901,-0.3015,9
pertenecer,20,4,broker,0.6875,0.603,8
demanda,20,0,broker,0.5,0.6667,6
responder,20,0,broker,0.7901,0.0,9
inseguridad,20,3,broker,0.6939,0.1443,7
percepcion,20,3,periferico,0.32,1.1547,5
encuesta,20,3,periferico,0.4444,1.1547,6
reflejar,20,3,broker,0.5,-0.866,4
falta,20,8,broker,0.8521,0.8165,13
ayuda,20,1,broker,0.6942,1.4924,11
andar,20,2,broker,0.6667,0.4472,9
respuesta,20,0,broker,0.8472,2.0,24
rata,20,2,broker,0.6173,1.7889,9
realidad,20,2,broker,0.8402,-0.8944,13
estancia,20,0,broker,0.5,-1.3333,2
azul,20,2,broker,0.6562,-0.8944,8
malo,20,2,broker,0.7,0.4472,10
alberto,20,6,periferico,0.375,0.7071,4
temporada,20,0,broker,0.7347,0.0,7
olvidar,20,4,broker,0.6281,0.603,11
factor,20,3,periferico,0.0,0.1443,3
ayudar,20,1,broker,0.7901,0.2132,9
directivo,20,1,broker,0.72,0.2132,10
numero,20,3,broker,0.7929,0.1443,13
registrado,20,6,broker,0.8056,1.7678,12
basura,20,4,broker,0.75,-1.206,8
pendejo,20,2,broker,0.7347,-0.8944,7
lavar,20,4,broker,0.5312,1.5076,8
luz,20,0,periferico,0.375,0.0,4
capital,20,7,broker,0.7222,0.7071,6
cuestionar,20,8,broker,0.64,0.8165,5
piedra,20,1,broker,0.5,-1.066,2
alcanzar,20,1,broker,0.6173,1.4924,9
mirar,20,1,broker,0.7755,-0.4264,7
incorporar,20,7,broker,0.7222,0.7071,6
vacio,20,8,periferico,0.0,-1.2247,1
clave,20,7,broker,0.6667,-1.4142,3
firmar,20,7,periferico,0.0,0.7071,2
renovacion,20,7,broker,0.6667,-1.4142,3
precisar,20,4,periferico,0.4444,-1.206,3
femenil,20,1,broker,0.6667,0.2132,6
devolver,20,0,broker,0.75,-1.3333,4
favorecer,20,0,periferico,0.0,0.0,3
epoca,20,6,periferico,0.4444,-0.3536,3
par,20,6,broker,0.5,-1.4142,2
gestion,20,7,periferico,0.4444,0.7071,3
limitar,20,5,periferico,0.0,-1.2247,1
colocar,20,3,broker,0.8,-1.8764,5
marcar,20,6,broker,0.625,-0.3536,4
conferencia,20,8,broker,0.625,0.8165,4
exponer,20,6,broker,0.72,-0.3536,5
implementar,20,5,periferico,0.0,-0.2041,1
prensa,20,8,broker,0.6667,-1.2247,3
expansion,20,1,broker,0.5,-1.7056,2
costar,20,1,broker,0.72,-0.4264,5
columna,15,2,broker,0.64,0.8165,10
noticias,15,2,broker,0.72,-1.2247,10
cartones,15,2,periferico,0.32,0.8165,5
mandar,15,0,broker,0.7222,0.0,12
quedar,15,0,broker,0.6541,0.0,23
correo,15,0,periferico,0.0,0.0,5
conversacion,15,0,periferico,0.4082,0.0,7
resumen,15,0,periferico,0.0,0.0,5
informativo,15,0,periferico,0.2778,0.0,6
loultimo,15,2,periferico,0.4444,0.8165,6
newsletter,15,2,broker,0.5,-1.2247,6
expresion,15,4,broker,0.6111,-1.2247,6
casa,15,4,broker,0.5747,-1.2247,23
responsabilidad,15,3,broker,0.7574,0.0,13
articulo,15,3,broker,0.5714,0.0,7
libertad,15,4,broker,0.6562,0.8165,8
julio,15,1,conector_provincial,0.8507,3.4223,48
opinion,15,3,broker,0.5938,0.0,8
vertido,15,3,periferico,0.4444,0.0,6
emitir,15,3,periferico,0.4898,0.0,7
editorial,15,4,broker,0.5714,0.8165,7
respetar,15,4,broker,0.5714,0.8165,7
panuco,15,1,periferico,0.0,-0.2344,4
rio,15,1,periferico,0.3704,0.6094,9
confirmar,15,1,periferico,0.48,0.6094,10
personal,15,1,broker,0.54,2.2972,20
presion,15,1,broker,0.56,-0.5157,5
carmen,15,1,broker,0.5,-0.2344,6
gratis,15,1,periferico,0.449,0.0469,7
listo,15,1,periferico,0.2449,0.3282,7
guerrero,15,1,periferico,0.4444,-0.797,3
parque,15,1,periferico,0.3704,0.6094,9
encuentro,15,1,periferico,0.32,-0.2344,5
hotel,15,1,broker,0.5,-0.2344,6
fase,15,1,periferico,0.0,0.0469,5
bajar,15,1,broker,0.6111,-0.5157,6
comprar,15,1,periferico,0.2778,0.0469,6
lucha,15,1,periferico,0.4444,-0.797,3
referente,15,1,periferico,0.0,-0.2344,4
reducir,15,1,periferico,0.0,-1.0783,1
fuente,15,1,periferico,0.4444,-0.797,3
interes,15,1,broker,0.5,-0.2344,6
preparar,15,1,periferico,0.32,-0.2344,5
moderno,15,1,periferico,0.4444,-0.797,3
esquema,15,1,broker,0.6667,-1.0783,3
ciudad,23,0,broker,0.959,0.0,90
madero,23,0,broker,0.9402,0.0,55
centro,23,5,broker,0.901,1.069,48
civil,23,2,broker,0.8395,1.4996,29
proteccion,23,2,broker,0.8469,1.4996,28
hernandez,23,8,broker,0.8571,1.4142,14
yadira,23,8,broker,0.75,0.0,8
viernes,23,0,broker,0.8359,0.0,16
accion,23,3,broker,0.8672,0.0,32
compromiso,23,3,broker,0.8342,2.1213,28
calle,23,5,broker,0.8512,-0.2673,17
curso,23,6,broker,0.8765,-0.3313,18
solicitar,23,7,broker,0.8395,1.6116,18
sistema,23,5,broker,0.8698,1.069,26
disponible,23,6,broker,0.716,0.4417,9
direccion,23,4,broker,0.843,-1.0607,11
prevencion,23,4,broker,0.8178,1.0607,15
negocio,23,3,broker,0.8476,0.0,19
juan,23,8,broker,0.7812,-1.4142,8
litro,23,9,broker,0.7438,1.069,11
tanque,23,9,broker,0.7769,1.069,11
area,23,6,broker,0.7733,1.9878,15
desarrollar,23,4,broker,0.8272,-0.3536,18
inmueble,23,1,broker,0.7456,0.592,13
hidalgo,23,5,broker,0.7901,-0.2673,9
labor,23,6,broker,0.84,-0.3313,20
vecino,23,7,broker,0.5714,1.0398,7
operativo,23,2,broker,0.7755,0.5688,14
reforzar,23,2,broker,0.7639,0.1034,12
notificar,23,1,broker,0.6578,1.8072,15
edificio,23,1,broker,0.7407,-0.2181,9
entorno,23,4,broker,0.6562,0.3536,8
saludable,23,4,periferico,0.0,1.0607,5
gasolina,23,9,periferico,0.48,0.2673,5
regional,23,2,broker,0.82,-0.362,10
riesgo,23,1,broker,0.7727,2.2123,22
artificial,23,5,broker,0.72,-1.6036,5
limpieza,23,4,broker,0.6173,1.0607,9
ocasion,23,1,broker,0.8333,-0.6232,12
uniforme,23,1,broker,0.64,-0.6232,5
vigilancia,23,2,broker,0.8264,-0.362,11
permanente,23,1,broker,0.6122,0.187,7
convocatoria,23,6,broker,0.7,0.4417,10
carro,23,9,broker,0.6531,0.2673,7
coordinar,23,1,broker,0.8,-1.0282,5
verde,23,6,broker,0.7222,-1.1043,6
genero,23,9,broker,0.7778,-1.3363,6
sustentabilidad,23,3,broker,0.72,-0.7071,5
sancionar,23,2,broker,0.64,-0.8273,5
descarrilamiento,23,9,broker,0.7755,-1.3363,7
localmartes,23,8,broker,0.625,0.0,4
gira,23,3,broker,0.56,0.0,5
mandatario,23,3,periferico,0.0,0.7071,4
albergar,23,1,broker,0.7755,-0.6232,7
ferroviario,23,4,periferico,0.0,-1.7678,1
sostenible,23,6,periferico,0.4444,-1.1043,3
torres,23,7,broker,0.625,-0.104,4
vialidad,23,7,periferico,0.4082,1.6116,7
tienda,23,1,broker,0.56,-0.2181,5
limpio,23,4,broker,0.6111,-0.3536,6
solidaridad,23,3,periferico,0.4444,-0.7071,3
manejo,23,7,broker,0.72,-0.6758,5
tecnologico,23,7,broker,0.6667,-1.2477,3
pleno,23,3,broker,0.75,-1.4142,4
propietario,23,1,periferico,0.375,-0.2181,4
recientemente,23,1,broker,0.5,-1.4333,2
octubre,23,7,broker,0.625,-1.2477,4
campo,23,7,broker,0.6667,-0.6758,3
potable,23,7,periferico,0.4444,-0.6758,3
especialista,23,2,broker,0.56,-0.362,5
estructural,23,1,broker,0.5,0.187,6
paseo,23,7,broker,0.64,-0.104,5
drenaje,23,7,broker,0.6667,0.4679,6
condenar,23,2,periferico,0.0,-1.7581,1
