posicion_id,tema_id,posicion_num,nombre,nombre_corto,resumen,n_cuentas,n_msgs,n_palabras_tema,top_words,top_subclusters,plataformas,mono_tema_share,top5_cuentas_share,hhi_cuentas,max_hour_share,duplicate_share,top_url_share,ibea_score,ibea_nivel,postura_actor,postura_actor_etiqueta,postura_actor_score,postura_actor_apoyo,postura_actor_critica,postura_actor_evidencia,postura_actor_referencias,postura_actor_mensajes
T01_P1,1,1,"Perspectiva sobre economía, trabajo y costo de vida · millon, con énfasis en construccion",Construccion Proyecto Millon,"Perspectiva sobre economía, trabajo y costo de vida · millon, con énfasis en construccion. Grupo de 3 cuentas dentro de Economía, trabajo y costo de vida · millon; usa principalmente construccion, proyecto, millon, norte, conectar, region. Senal indiciaria medio; requiere lectura cualitativa antes de concluir coordinacion.",3,4,26,"construccion, proyecto, millon, norte, conectar, region, carga, estrategico, contemplar, noreste, kilometro, informe, periodo, posteriormente, pesos, seguro, sumar","S2:7, S0:6, S5:4, S4:3, S6:2, S3:2","{""TikTok"": 1, ""Twitter"": 1, ""YouTube"": 1}",0.0,1.0,0.4053,0.25,0.0,0.0,42.0,medio,sin_postura,Sin postura,0.0,0.0,0.0,0.0,4,0
T02_P1,2,1,"Perspectiva sobre méxico y asuntos nacionales · puerto, con énfasis en nacional",Nacional Tren Presidente,"Perspectiva sobre méxico y asuntos nacionales · puerto, con énfasis en nacional. Grupo de 15 cuentas dentro de México y asuntos nacionales · puerto; usa principalmente nacional, tren, presidente, turistico, visitante, evento. Senal indiciaria medio; requiere lectura cualitativa antes de concluir coordinacion.",15,24,89,"nacional, tren, presidente, turistico, visitante, evento, aduana, puerto, recuperar, nivel, trabajador, brindar, autobus, reafirmar, cuidar, volver, firma, armas, conservar, crear, echar, delgado, diputado, patrimonio, pacto, jaibo, mes, imagen, identidad, falla, forma, destinado, saldo, sabor, plaza, similar, torre, sonar, television","S0:21, S1:21, S2:12, S3:11, S4:10, S6:7","{""YouTube"": 8, ""Twitter"": 3, ""Facebook"": 2, ""Instagram"": 1, ""TikTok"": 1}",0.0,0.5618,0.0938,0.125,0.0417,0.6296,55.4,medio,sin_postura,Sin postura,0.0,0.0,0.0,0.0,11,0
T03_P1,3,1,"Perspectiva sobre seguridad, violencia y justicia · cdmx, con énfasis en madre",Madre Favor Carpeta,"Perspectiva sobre seguridad, violencia y justicia · cdmx, con énfasis en madre. Grupo de 24 cuentas dentro de Seguridad, violencia y justicia · cdmx; usa principalmente madre, favor, carpeta, dolor, cdmx, periodista. Senal indiciaria medio; requiere lectura cualitativa antes de concluir coordinacion.",24,34,113,"madre, favor, carpeta, dolor, cdmx, periodista, suceder, muerte, gustar, miedo, tranquilo, sentir, agarrar, abrir, violencia, psicologico, garcia, fisico, comentario, agente, aprovechar, describir, frente, escala, descartar, llamado, mecanismo, profesional, senado, video","S3:35, S5:27, S2:27, S1:13, S7:6, S0:3","{""YouTube"": 21, ""Twitter"": 3}",0.0,0.3894,0.0555,0.0882,0.0,1.0,43.8,medio,sin_postura,Sin postura,0.0,0.0,0.0,0.0,0,0
T04_P1,4,1,"Perspectiva sobre seguridad, violencia y justicia · comenzar, con énfasis en cabeza",Cabeza Vaca Detener,"Perspectiva sobre seguridad, violencia y justicia · comenzar, con énfasis en cabeza. Grupo de 21 cuentas dentro de Seguridad, violencia y justicia · comenzar; usa principalmente cabeza, vaca, detener, delito, judicial, proceso. Senal indiciaria bajo; requiere lectura cualitativa antes de concluir coordinacion.",21,28,93,"cabeza, vaca, detener, delito, judicial, proceso, humanos, resultar, ley, homicidio, acompanar, policia, federal, informar, derecho, control, probable, pena, asegurar, arma, fuego, fallecido, extradicion, enfrentar, determinar, elemento, carretera, denunciar, cambio, congreso, comenzar, historia, lleno, juez, prevenir, pie","S4:20, S9:16, S2:14, S0:12, S5:8, S7:7","{""YouTube"": 15, ""Twitter"": 6}",0.0476,0.3871,0.0593,0.1071,0.0714,0.0,36.6,bajo,sin_postura,Sin postura,0.0,0.0,0.0,0.0,2,0
T04_P2,4,2,"Perspectiva sobre seguridad, violencia y justicia · comenzar, con énfasis en pasar",Pasar Aparecer Detener,"Perspectiva sobre seguridad, violencia y justicia · comenzar, con énfasis en pasar. Grupo de 14 cuentas dentro de Seguridad, violencia y justicia · comenzar; usa principalmente pasar, aparecer, detener, mover, denunciar, policia. Senal indiciaria bajo; requiere lectura cualitativa antes de concluir coordinacion.",14,17,50,"pasar, aparecer, detener, mover, denunciar, policia, pena, familiar, asegurar, historia, federal, cabeza, control, juez, judicial, informar, pareja","S1:30, S3:6, S0:4, S4:4, S2:2, S8:2","{""YouTube"": 13, ""Twitter"": 1}",0.0,0.46,0.0848,0.1176,0.0588,0.0,37.9,bajo,sin_postura,Sin postura,0.0,0.0,0.0,0.0,4,0
T05_P1,5,1,"Perspectiva sobre bienestar, salud y educación · secretaria, con énfasis en medio",Medio Dia Permiso,"Perspectiva sobre bienestar, salud y educación · secretaria, con énfasis en medio. Grupo de 15 cuentas dentro de Bienestar, salud y educación · secretaria; usa principalmente medio, dia, permiso, autoridad, tratar, real. Senal indiciaria medio; requiere lectura cualitativa antes de concluir coordinacion.",15,16,49,"medio, dia, permiso, autoridad, tratar, real, plantel, formacion, voto, regalar, martinez, laura, secretaria, comision, instituto, ingresar, institucion, recordar, positivo, promedio","S7:10, S0:9, S5:6, S2:6, S4:6, S6:4","{""YouTube"": 12, ""Twitter"": 3}",0.0,0.3878,0.0679,0.125,0.0625,1.0,55.5,medio,apoyo_defensa,Apoyo/defensa,1.0,2.0,0.0,2.0,2,2
T06_P1,6,1,"Familia, cuidados y vida comunitaria",Familia Cuidados Vida,"Familia, cuidados y vida comunitaria. Grupo de 193 cuentas dentro de Comunidad, familia y vida cotidiana · deber; usa principalmente deber, nina, carcel, hijo, querer, culpable. Senal indiciaria bajo; requiere lectura cualitativa antes de concluir coordinacion.",193,250,940,"deber, nina, carcel, hijo, querer, culpable, mal, pagar, cosa, investigar, director, campamento, asesino, escuela, dejar, ojala, culpa, victima, meter, pobre, alumno, alguien, mano, maldito, existir, cerrar, padre, impune, castigo, inocente, militar, matar, muerto, papa, entender, abusar, llamar, chica, culpar, estrella, golpe, castigar, abuso, chico, chivo, supuesto, golpear, expiatorio, alli, disciplina, viejo, mentira, triste, torturar, causar, ala, tortura, inscribir, ensenar, loco","S2:179, S1:146, S0:107, S5:84, S4:74, S3:72","{""YouTube"": 189, ""Twitter"": 4}",0.0777,0.1043,0.0074,0.044,0.004,1.0,30.2,bajo,sin_postura,Sin postura,0.0,0.0,0.0,0.0,0,0
T06_P2,6,2,"Familia, cuidados y vida comunitaria",Familia Cuidados Vida,"Familia, cuidados y vida comunitaria. Grupo de 140 cuentas dentro de Comunidad, familia y vida cotidiana · deber; usa principalmente escuela, militar, hijo, deber, investigar, nina. Senal indiciaria bajo; requiere lectura cualitativa antes de concluir coordinacion.",140,174,740,"escuela, militar, hijo, deber, investigar, nina, campamento, dejar, disciplina, colegio, meter, padre, mal, tortura, culpa, ojala, alumno, abusar, abuso, querer, muerto, cerrar, ensenar, pobre, golpear, jamas, siquiera, entender, estricto, asesino, matar, ala, chico, cosa, director, mano, papa, mando, aplicar, nombre, padres, torturar, preguntar, llamar, existir, chica, pagar, manos, carcel, hijos, golpe, maldito, normal, regular, viejo, alguien, alli, causar, culpable, acusado","S0:336, S2:98, S11:45, S7:41, S6:40, S5:31","{""YouTube"": 140}",0.0571,0.1149,0.0097,0.0632,0.0,0.5,32.7,bajo,sin_postura,Sin postura,0.0,0.0,0.0,0.0,0,0
T06_P3,6,3,"Familia, cuidados y vida comunitaria",Familia Cuidados Vida,"Familia, cuidados y vida comunitaria. Grupo de 78 cuentas dentro de Comunidad, familia y vida cotidiana · deber; usa principalmente hijo, padre, dejar, escuela, campamento, deber. Senal indiciaria bajo; requiere lectura cualitativa antes de concluir coordinacion.",78,90,430,"hijo, padre, dejar, escuela, campamento, deber, meter, querer, nina, entender, culpa, papa, investigar, manos, padres, militar, cosa, matar, abusar, alguien, abuso, ojala, pobre, alli, disciplina, hijos, existir, triste, normal, chico, colegio, jamas, mal, loco, inocente, anual, alumno, director, culpar, culpable, castigo, carcel, aplicar, llamar, estricto, mano, maldito, nombre, siquiera, supuesto, torturar, victima, viejo","S2:138, S-1:89, S0:45, S7:34, S8:32, S5:22","{""YouTube"": 78}",0.1282,0.1279,0.0149,0.0556,0.0,0.0,15.6,bajo,sin_postura,Sin postura,0.0,0.0,0.0,0.0,0,0
T07_P1,7,1,"Perspectiva sobre gestión municipal y servicios públicos · bienestar, con énfasis en tampico",Tampico Villarreal Monica,"Perspectiva sobre gestión municipal y servicios públicos · bienestar, con énfasis en tampico. Grupo de 27 cuentas dentro de Gestión municipal y servicios públicos · bienestar; usa principalmente tampico, villarreal, monica, alcaldesa, bienestar, leer. Senal indiciaria bajo; requiere lectura cualitativa antes de concluir coordinacion.",27,104,423,"tampico, villarreal, monica, alcaldesa, bienestar, leer, jornada, local, encabezar, comunidad, inaugurar, guadalupe, victoria, atencion, cancha, unidad, col, quinto, movil, autoridades, exito, cortadura, clandestino, enorme, vacacional","S0:211, S3:121, S4:36, S1:31, S2:15, S-1:8","{""Twitter"": 13, ""Facebook"": 6, ""TikTok"": 5, ""Instagram"": 3}",0.0,0.669,0.1215,0.0577,0.0577,0.0364,30.2,bajo,apoyo_defensa,Apoyo/defensa,0.95,39.0,1.0,40.0,283,27
T07_P2,7,2,"Perspectiva sobre gestión municipal y servicios públicos · bienestar, con énfasis en tampico",Tampico Villarreal Nota,"Perspectiva sobre gestión municipal y servicios públicos · bienestar, con énfasis en tampico. Grupo de 31 cuentas dentro de Gestión municipal y servicios públicos · bienestar; usa principalmente tampico, villarreal, nota, monica, victoria, refineria. Senal indiciaria bajo; requiere lectura cualitativa antes de concluir coordinacion.",31,81,251,"tampico, villarreal, nota, monica, victoria, refineria, local, completo, leer, dando, web, atencion, clandestino, jornada, bienestar, ruta, alcaldesa, inaugurar, encabezar, cancha, semana, merecer, exito, comunidad, incendio, guadalupe, rescatar, piso, col, cortadura, emblematico, enorme, terreno, unidad","S3:88, S2:49, S0:37, S4:27, S1:26, S6:21","{""Twitter"": 19, ""YouTube"": 5, ""Instagram"": 4, ""Facebook"": 3}",0.0,0.5179,0.1408,0.0741,0.0617,0.1176,36.7,bajo,apoyo_defensa,Apoyo/defensa,1.0,12.0,0.0,12.0,56,7
T08_P1,8,1,Críticas y acusaciones de corrupción,Críticas Acusaciones Corrupción,"Críticas y acusaciones de corrupción. Grupo de 23 cuentas dentro de Corrupción y rendición de cuentas · americo; usa principalmente creer, corrupto, criminal, pensar, americo, amlo. Senal indiciaria bajo; requiere lectura cualitativa antes de concluir coordinacion.",23,31,92,"creer, corrupto, criminal, pensar, americo, amlo, leon, jesus, serio, ejercito, grande, conocimiento, necesitar, operar, sacar, ojo, servir, raro, proteger, infierno, cuantos, crimen, hugo, ganancia, electrico, dificil, pretender, principal, puesto, vista","S1:26, S2:21, S4:11, S7:10, S0:8, S5:4","{""YouTube"": 21, ""Twitter"": 2}",0.0,0.3478,0.0503,0.129,0.0,0.0,30.9,bajo,sin_postura,Sin postura,0.0,0.0,0.0,0.0,1,0
T09_P1,9,1,"Perspectiva sobre comunidad, familia y vida cotidiana · justicia, con énfasis en justicia",Justicia Zapata Quintos,"Perspectiva sobre comunidad, familia y vida cotidiana · justicia, con énfasis en justicia. Grupo de 35 cuentas dentro de Comunidad, familia y vida cotidiana · justicia; usa principalmente justicia, zapata, quintos, familia, marina, gobernador. Senal indiciaria medio; requiere lectura cualitativa antes de concluir coordinacion.",35,54,243,"justicia, zapata, quintos, familia, marina, gobernador, exigir, abuela, alejandra, confianza, controlar, continuar, peso, prometer, menor, avanzar, ocurrir, trasladar, esclarecer, camioneta, evitar, familiares, permanecer, perder","S1:113, S2:61, S6:52, S8:7, S0:5, S4:4","{""Twitter"": 17, ""YouTube"": 17, ""Instagram"": 1}",0.0,0.4527,0.0621,0.1296,0.0741,0.1667,48.8,medio,apoyo_defensa,Apoyo/defensa,1.0,8.0,0.0,8.0,22,8
T09_P2,9,2,"Perspectiva sobre comunidad, familia y vida cotidiana · justicia, con énfasis en persona",Persona Menor Vehiculo,"Perspectiva sobre comunidad, familia y vida cotidiana · justicia, con énfasis en persona. Grupo de 14 cuentas dentro de Comunidad, familia y vida cotidiana · justicia; usa principalmente persona, menor, vehiculo, familia, accidente, choque. Senal indiciaria bajo; requiere lectura cualitativa antes de concluir coordinacion.",14,21,68,"persona, menor, vehiculo, familia, accidente, choque, gobernador, percance, justicia, camioneta, sujeto, marina, emergencia, evitar, pesca, ocurrir, abuela, conductor, conocido, impactar, perder, registrar","S0:38, S4:12, S1:6, S6:6, S3:4, S5:2","{""YouTube"": 10, ""Twitter"": 3, ""Instagram"": 1}",0.0,0.5735,0.0947,0.1429,0.0,0.0,36.2,bajo,sin_postura,Sin postura,0.0,0.0,0.0,0.0,0,0
T10_P1,10,1,"Perspectiva sobre méxico y asuntos nacionales · perro, con énfasis en america",America Mexico Permitir,"Perspectiva sobre méxico y asuntos nacionales · perro, con énfasis en america. Grupo de 21 cuentas dentro de México y asuntos nacionales · perro; usa principalmente america, mexico, permitir, pequeno, guardia, entrar. Senal indiciaria medio; requiere lectura cualitativa antes de concluir coordinacion.",21,41,112,"america, mexico, permitir, pequeno, guardia, entrar, hombre, robar, efecto, actividad, titulo, distinguir, energia, minuto, seleccion, crecimiento, armado, agua, actual, gobernar, frontera, extorsion, estatal, entidad, caribe, desarrollo, dolares, liderazgo, inteligencia, mediano, poderoso, responsable, promover, producir, territorio","S2:30, S6:30, S10:11, S0:7, S5:7, S1:6","{""YouTube"": 17, ""Twitter"": 3, ""Instagram"": 1}",0.0,0.4821,0.0827,0.2439,0.0244,1.0,62.3,medio,sin_postura,Sin postura,0.0,0.0,0.0,0.0,0,0
T11_P1,11,1,"Perspectiva sobre identidad local, cultura y entretenimiento · liga, con énfasis en buscar",Buscar Francia Ganar,"Perspectiva sobre identidad local, cultura y entretenimiento · liga, con énfasis en buscar. Grupo de 17 cuentas dentro de Identidad local, cultura y entretenimiento · liga; usa principalmente buscar, francia, ganar, san, comida, equipo. Senal indiciaria bajo; requiere lectura cualitativa antes de concluir coordinacion.",17,21,76,"buscar, francia, ganar, san, comida, equipo, convertir, campana, logro, cobrar, politica, partido, pedir, foto, mostrar, alto, alcaldia, campos, contratar, comentar, cabo, eleccion, financiero, establecer, enero, definitivo, medida, lider, guerra, correr, pagina, oscar, negro, mundo, raul, redes, restriccion, relacion, romper, septiembre, sur, toro","S3:15, S1:13, S5:11, S6:10, S8:7, S9:6","{""Twitter"": 10, ""YouTube"": 7}",0.0,0.5132,0.0772,0.1429,0.0,0.0,36.2,bajo,sin_postura,Sin postura,0.0,0.0,0.0,0.0,0,0
T11_P2,11,2,"Deporte, competencia y resultados",Deporte Competencia Resultados,"Deporte, competencia y resultados. Grupo de 14 cuentas dentro de Identidad local, cultura y entretenimiento · liga; usa principalmente partido, gol, equipo, liga, futbol, jugar. Senal indiciaria medio; requiere lectura cualitativa antes de concluir coordinacion.",14,25,73,"partido, gol, equipo, liga, futbol, jugar, jugador, ganar, historico, medida, division, alto, empatar, futbolista, federacion, practica, principio, suficiente, talento, torneo","S0:33, S4:20, S5:9, S2:5, S7:3, S1:1","{""YouTube"": 13, ""Twitter"": 1}",0.0,0.6027,0.1162,0.28,0.0,0.0,42.0,medio,sin_postura,Sin postura,0.0,0.0,0.0,0.0,0,0
T12_P1,12,1,"Perspectiva sobre agua, territorio y medio ambiente · exposicion, con énfasis en experiencia",Experiencia Vivir Vacacion,"Perspectiva sobre agua, territorio y medio ambiente · exposicion, con énfasis en experiencia. Grupo de 22 cuentas dentro de Agua, territorio y medio ambiente · exposicion; usa principalmente experiencia, vivir, vacacion, disfrutar, verano, viaje. Senal indiciaria medio; requiere lectura cualitativa antes de concluir coordinacion.",22,37,158,"experiencia, vivir, vacacion, disfrutar, verano, viaje, descubrir, escolar, exposicion, recorrido, noche, ofrecer, llegar, carpintero, recibir, unico, superar, gratuito, manana, producto, visitar, especial, libre, natural, recorrer, totalmente, playa, oferta, alas, ciencia, gomez, entrada, confiar, cuerpo, amplio, jardin, horas, ideal, paisaje, naturaleza, meta, lamentar, tranquilidad, precio, turista, victor","S0:47, S1:34, S6:24, S5:14, S2:14, S3:9","{""YouTube"": 13, ""Instagram"": 4, ""Facebook"": 2, ""Twitter"": 2, ""TikTok"": 1}",0.0,0.5633,0.1205,0.0811,0.0,1.0,44.6,medio,apoyo_defensa,Apoyo/defensa,1.0,1.0,0.0,1.0,5,1
T13_P1,13,1,"Clima, lluvias y prevención de riesgos",Clima Lluvias Prevención,"Clima, lluvias y prevención de riesgos. Grupo de 10 cuentas dentro de Agua, territorio y medio ambiente · temperatura; usa principalmente mama, zona, hermano, hora, acudir, dirigir. Senal indiciaria bajo; requiere lectura cualitativa antes de concluir coordinacion.",10,16,33,"mama, zona, hermano, hora, acudir, dirigir, clima, asesinar, calor, entrenar, esperar, mario, mantener, mil, posibilidad, regresar, trato","S1:20, S3:5, S4:2, S5:2, S6:2, S2:1","{""YouTube"": 8, ""Twitter"": 2}",0.0,0.5455,0.1019,0.125,0.0,0.0,33.4,bajo,sin_postura,Sin postura,0.0,0.0,0.0,0.0,1,0
T14_P1,14,1,Respaldo y defensa de la gestión,Respaldo Defensa Gestión,"Respaldo y defensa de la gestión. Grupo de 28 cuentas dentro de Caso, investigacion, academia; usa principalmente academia, caso, investigacion, joven, defensa, etapa. Senal indiciaria medio; requiere lectura cualitativa antes de concluir coordinacion.",28,41,187,"academia, caso, investigacion, joven, defensa, etapa, feminicidio, luis, presentar, morir, sexual, adolescente, acreditar, aclarar, explicar, jorge, asfixia, cruz, audiencia, preventivo, fiscalia, diligencia, prision, detenido, cometer, considerar, abogado, denuncia, ministerio, madrugada","S2:47, S1:44, S5:33, S0:27, S4:22, S6:7","{""YouTube"": 21, ""Twitter"": 7}",0.0,0.5615,0.1217,0.122,0.0488,0.3333,52.7,medio,apoyo_defensa,Apoyo/defensa,1.0,1.0,0.0,1.0,4,1
T14_P2,14,2,Reclamos de seguridad y justicia,Reclamos Seguridad Justicia,"Reclamos de seguridad y justicia. Grupo de 10 cuentas dentro de Caso, investigacion, academia; usa principalmente fiscalia, orden, caso, investigacion, denuncia, dato. Senal indiciaria medio; requiere lectura cualitativa antes de concluir coordinacion.",10,13,41,"fiscalia, orden, caso, investigacion, denuncia, dato, aprehension, considerar, audiencia, abogado, detenido, imputado, preventivo, prision, sexual","S0:28, S1:6, S3:3, S4:2, S6:1, S7:1","{""YouTube"": 7, ""Twitter"": 3}",0.0,0.6098,0.1065,0.1538,0.0769,0.0,45.3,medio,sin_postura,Sin postura,0.0,0.0,0.0,0.0,3,0
T15_P1,15,1,"Noticias, columnas y agenda informativa",Noticias Columnas Agenda,"Noticias, columnas y agenda informativa. Grupo de 11 cuentas dentro de Opiniones generales y contenido compartido; usa principalmente julio, columna, casa, quedar, mandar, conversacion. Senal indiciaria bajo; requiere lectura cualitativa antes de concluir coordinacion.",11,160,603,"julio, columna, casa, quedar, mandar, conversacion, informativo, correo, resumen, cartones, noticias, editorial, responsabilidad, respetar, articulo, emitir, libertad, opinion, expresion, encuentro, rio, parque, personal, fase, presion, comprar, hotel, gratis, listo, confirmar, bajar, referente, lucha, carmen, esquema, interes, moderno, preparar, reducir","S1:206, S0:159, S4:93, S2:88, S3:57","{""YouTube"": 10, ""Medios"": 1}",0.0,0.9685,0.851,0.025,0.0062,0.6415,36.5,bajo,sin_postura,Sin postura,0.0,0.0,0.0,0.0,1,0
T16_P1,16,1,"Perspectiva sobre gestión municipal y servicios públicos · fortalecer, con énfasis en tampicotecuida",Tampicotecuida Fortalecer Economico,"Perspectiva sobre gestión municipal y servicios públicos · fortalecer, con énfasis en tampicotecuida. Grupo de 19 cuentas dentro de Gestión municipal y servicios públicos · fortalecer; usa principalmente tampicotecuida, fortalecer, economico, impulsar, distintivo, generar. Senal indiciaria medio; requiere lectura cualitativa antes de concluir coordinacion.",19,76,160,"tampicotecuida, fortalecer, economico, impulsar, distintivo, generar, oportunidad, entrega, reconocer, herramienta, emprendedor, dedicacion, tercero, sociedad, esfuerzo, crecer, orgullo, decision, deportista, noviembre, municipio, alianza, campeon, argentina, desear, comite, organizador, magicos, medalla, representante, pueblos, previo, sede","S0:108, S5:28, S4:10, S2:8, S1:4, S3:2","{""Facebook"": 10, ""Twitter"": 4, ""Instagram"": 3, ""TikTok"": 2}",0.0526,0.5188,0.0755,0.1053,0.3947,0.2,64.6,medio,apoyo_defensa,Apoyo/defensa,1.0,14.0,0.0,14.0,40,7
T17_P1,17,1,"Salud, atención médica y asistencia",Salud Atención Médica,"Salud, atención médica y asistencia. Grupo de 14 cuentas dentro de Bienestar, salud y educación · general; usa principalmente salud, general, hospital, avance, aniversario, enhorabuena. Senal indiciaria medio; requiere lectura cualitativa antes de concluir coordinacion.",14,16,64,"salud, general, hospital, avance, aniversario, enhorabuena, contar, medico, noticia, decada, asistir, final, detalle, clinica, llenar, progreso, red, reportar, salir","S0:34, S3:11, S7:8, S2:3, S5:3, S1:2","{""Twitter"": 9, ""YouTube"": 2, ""Facebook"": 1, ""Instagram"": 1, ""TikTok"": 1}",0.0,0.5469,0.0884,0.3125,0.0,1.0,60.0,medio,apoyo_defensa,Apoyo/defensa,1.0,2.0,0.0,2.0,5,2
T18_P1,18,1,Actividades culturales y eventos públicos,Actividades Culturales Eventos,"Actividades culturales y eventos públicos. Grupo de 21 cuentas dentro de Gestión municipal y servicios públicos · taller; usa principalmente presidenta, municipal, metro, espacio, taller, artes. Senal indiciaria medio; requiere lectura cualitativa antes de concluir coordinacion.",21,61,337,"presidenta, municipal, metro, espacio, taller, artes, cultural, agosto, arte, mujer, metropolitano, horario, informes, maestro, invitar, tampicovacontodo, fecha, detalles, lunes, respaldo, publico, extranjero, camara, costo, inscripcion, gusto, guia, futuro, fuerte, participante, ayuntamiento, enviar, economia, adulto, mujeres, plataforma, lucero, esperanza, miercoles, camino, corazon, bonito, jose, iniciativa, participacion, patria, presente, privado, regla, socio","S1:130, S2:75, S3:62, S4:32, S0:23, S5:11","{""YouTube"": 10, ""Facebook"": 6, ""Instagram"": 2, ""Twitter"": 2, ""TikTok"": 1}",0.0,0.8427,0.3296,0.0656,0.0492,0.5,46.9,medio,apoyo_defensa,Apoyo/defensa,0.9048,20.0,1.0,21.0,79,14
T19_P1,19,1,"Perspectiva sobre economía, trabajo y costo de vida · tamaulipas, con énfasis en tamaulipas",Tamaulipas Matamoros Altamira,"Perspectiva sobre economía, trabajo y costo de vida · tamaulipas, con énfasis en tamaulipas. Grupo de 22 cuentas dentro de Economía, trabajo y costo de vida · tamaulipas; usa principalmente tamaulipas, matamoros, altamira, libramiento, poniente, conectividad. Senal indiciaria medio; requiere lectura cualitativa antes de concluir coordinacion.",22,56,170,"tamaulipas, matamoros, altamira, libramiento, poniente, conectividad, nino, ciudadmadero, tarde, ecosistema, manglar, hermoso, bienvenido, monterrey, fomentar, juventud, cuando, conforme, correcto, aliado, comercio, energetico, derrama, depender, estudiar, fiesta, productor, tierra, tramite","S0:76, S4:35, S3:32, S1:11, S2:11, S6:2","{""Twitter"": 16, ""Facebook"": 2, ""YouTube"": 2, ""Instagram"": 1, ""TikTok"": 1}",0.0,0.4765,0.0729,0.125,0.0536,0.12,44.0,medio,apoyo_defensa,Apoyo/defensa,1.0,7.0,0.0,7.0,42,4
T20_P1,20,1,"Perspectiva sobre responder, ciento, realidad, con énfasis en ayuda",Ayuda Rata Falta,"Perspectiva sobre responder, ciento, realidad, con énfasis en ayuda. Grupo de 10 cuentas dentro de Responder, ciento, realidad; usa principalmente ayuda, rata, falta, azul, pendejo, base. Senal indiciaria alto; requiere lectura cualitativa antes de concluir coordinacion.",10,16,35,"ayuda, rata, falta, azul, pendejo, base, olvidar, implementar, ayudar, cuestionar, expansion, basura, malo, luz, par, pertenecer, realidad, responder, respuesta, robo","S2:11, S1:7, S4:6, S8:4, S0:3, S5:3","{""YouTube"": 8, ""Twitter"": 2}",0.0,0.5714,0.1037,0.375,0.0625,1.0,66.0,alto,sin_postura,Sin postura,0.0,0.0,0.0,0.0,6,0
T21_P1,21,1,Críticas y acusaciones de corrupción,Críticas Acusaciones Corrupción,"Críticas y acusaciones de corrupción. Grupo de 69 cuentas dentro de Gobierno y disputa política · ernesto; usa principalmente hablar, pueblo, ratero, prueba, politico, gente. Senal indiciaria bajo; requiere lectura cualitativa antes de concluir coordinacion.",69,79,280,"hablar, pueblo, ratero, prueba, politico, gente, puro, delincuente, morena, corrupcion, defender, claro, prian, dueno, pan, verguenza, bola, fiscal, donde, gobierno, funcionar, persecucion, oposicion, organizado, tocar, claudia, combustible, hidrocarburo, ernesto, delincuencia, votar, cartel, adan, importar, enganar, manuel, operacion, peor, preso, demostrar, corresponder, contrabando, cara, anos, caer, acusar, doble, dedicar, obrador, obtener, perseguir, seguridad, terror","S1:110, S3:36, S8:26, S-1:25, S2:19, S7:17","{""YouTube"": 63, ""Twitter"": 6}",0.0,0.1536,0.0167,0.0506,0.0127,1.0,31.9,bajo,sin_postura,Sin postura,0.0,0.0,0.0,0.0,1,0
T21_P2,21,2,Debate político y partidista,Debate Político Partidista,"Debate político y partidista. Grupo de 53 cuentas dentro de Gobierno y disputa política · ernesto; usa principalmente gobierno, lopez, obrador, morena, claudia, caer. Senal indiciaria medio; requiere lectura cualitativa antes de concluir coordinacion.",53,69,258,"gobierno, lopez, obrador, morena, claudia, caer, pueblo, politico, combustible, manuel, fiscal, gente, movimiento, corrupcion, adan, cartel, donde, importar, acusar, andres, prueba, hidrocarburo, importacion, hablar, votar, seguridad, peor, pan, tocar, cara, delincuencia, claro, preso, enganar, ernesto, falso, delincuente, dedicar, dano, corresponder, contrabando, bola, anos, baja, acabar, funcionar, organizado, palabra, perseguir, puro, surgir, verguenza","S5:73, S2:69, S3:33, S1:26, S4:21, S7:14","{""YouTube"": 45, ""Twitter"": 7, ""Facebook"": 1}",0.0377,0.2326,0.0268,0.1014,0.029,0.5,44.7,medio,sin_postura,Sin postura,0.0,0.0,0.0,0.0,8,0
T22_P1,22,1,"Obras, vivienda y desarrollo urbano",Obras Vivienda Desarrollo,"Obras, vivienda y desarrollo urbano. Grupo de 45 cuentas dentro de Apoyo y aprobación pública · colonia; usa principalmente ano, seguir, parecer, obra, construir, colonia. Senal indiciaria bajo; requiere lectura cualitativa antes de concluir coordinacion.",45,59,228,"ano, seguir, parecer, obra, construir, colonia, senor, entregar, dinero, mejorar, problema, asesinato, hidraulico, mayoria, infraestructura, vivo, super, provocar, vender, escuchar, edad, facil, atender, empezar, calidad, alcalde, laguna, pavimentacion, licencia, ninos, transformar, saludos, puerta, manifestar, directo, heroes, espera, concreto, mencionar, intencion, obviamente, beneficiar, frecuencia, comerciante, cumplir, empatia, aparte, apoyar, blanco, hola, peligroso, necesario, privada, rueda, rapido, sostener, venir, viva","S0:65, S7:42, S2:32, S1:30, S4:30, S5:17","{""YouTube"": 35, ""Twitter"": 8, ""Facebook"": 1, ""TikTok"": 1}",0.0222,0.3289,0.0384,0.0508,0.0169,0.2,29.3,bajo,apoyo_defensa,Apoyo/defensa,1.0,2.0,0.0,2.0,18,1
T22_P2,22,2,Felicitaciones y expresiones de afecto,Felicitaciones Expresiones Afecto,"Felicitaciones y expresiones de afecto. Grupo de 33 cuentas dentro de Apoyo y aprobación pública · colonia; usa principalmente excelente, gracias, felicidad, felicidades, seguir, lic. Senal indiciaria bajo; requiere lectura cualitativa antes de concluir coordinacion.",33,92,151,"excelente, gracias, felicidad, felicidades, seguir, lic, apoyar, viva, cumplir, obra, colonia, ano, super, calidad, golfo, duda, empezar, escuchar, atender, asesinato, mayoria, hola, puerta, necesario, mejorar, saludos, saludo, transformar, venir, vivo","S3:111, S4:16, S0:8, S2:5, S1:3, S5:3","{""Facebook"": 23, ""YouTube"": 8, ""Instagram"": 1, ""Twitter"": 1}",0.0606,0.2781,0.0362,0.0652,0.163,0.0,35.8,bajo,apoyo_defensa,Apoyo/defensa,1.0,13.0,0.0,13.0,10,9
T23_P1,23,1,"Perspectiva sobre gestión municipal y servicios públicos · proteccion, con énfasis en area",Area Ciudad Curso,"Perspectiva sobre gestión municipal y servicios públicos · proteccion, con énfasis en area. Grupo de 13 cuentas dentro de Gestión municipal y servicios públicos · proteccion; usa principalmente area, ciudad, curso, pleno, madero, uniforme. Senal indiciaria medio; requiere lectura cualitativa antes de concluir coordinacion.",13,18,59,"area, ciudad, curso, pleno, madero, uniforme, juan, calle, prevencion, accion, drenaje, direccion, compromiso, desarrollar, civil, centro, labor, gasolina, estructural, edificio, negocio, litro, ocasion, limpieza, notificar, proteccion, riesgo, recientemente, sistema, solidaridad, tanque, viernes","S6:12, S0:11, S1:9, S3:9, S4:5, S5:4","{""Twitter"": 6, ""YouTube"": 4, ""Facebook"": 1, ""Instagram"": 1, ""TikTok"": 1}",0.0,0.5932,0.0951,0.1111,0.1111,0.5,59.9,medio,apoyo_defensa,Apoyo/defensa,1.0,1.0,0.0,1.0,4,1
T24_P1,24,1,"Perspectiva sobre identidad local, cultura y entretenimiento · social, con énfasis en cualquiera",Cualquiera Pais Mantenimiento,"Perspectiva sobre identidad local, cultura y entretenimiento · social, con énfasis en cualquiera. Grupo de 8 cuentas dentro de Identidad local, cultura y entretenimiento · social; usa principalmente cualquiera, pais, mantenimiento, viajar, mexicano, servicio. Senal indiciaria medio; requiere lectura cualitativa antes de concluir coordinacion.",8,8,52,"cualquiera, pais, mantenimiento, viajar, mexicano, servicio, pasajero, social, transporte, fundamental, establecido, boleto, cientifico, educativo, contribuir, orientacion, lejos, incluir, institucional, impacto, girar, servidor, transparencia","S0:17, S3:11, S6:10, S1:5, S2:5, S5:4","{""YouTube"": 7, ""Instagram"": 1}",0.0,0.7885,0.145,0.125,0.0,1.0,51.4,medio,sin_postura,Sin postura,0.0,0.0,0.0,0.0,0,0
