source,target,weight,tipo,tema_source,tema_target,sub_source,sub_target
mexico,paz,8.0,intra_sub,3,3,1,1
mexico,ciento,8.0,intra_cluster,3,3,1,2
mexico,pan,7.0,intra_sub,3,3,1,1
mexico,noticia,6.0,intra_sub,3,3,1,1
mexico,pesos,5.0,intra_cluster,3,3,1,4
mexico,senalar,5.0,intra_cluster,3,3,1,3
mexico,promedio,5.0,intra_cluster,3,3,1,2
mexico,perdida,5.0,intra_cluster,3,3,1,2
mexico,costo,4.0,intra_cluster,3,3,1,4
mexico,tamaulipas,6.0,extra,3,4,1,0
mexico,ano,6.0,extra,3,11,1,4
mexico,partido,5.0,extra,3,4,1,1
mexico,empresa,4.0,extra,3,6,1,1
mexico,marina,4.0,extra,3,9,1,1
mexico,mundo,4.0,extra,3,9,1,0
paz,pesos,4.0,intra_cluster,3,3,1,4
paz,pan,3.0,intra_cluster,3,3,1,1
paz,detener,3.0,intra_cluster,3,3,1,0
paz,directamente,3.0,intra_cluster,3,3,1,2
paz,tampico,5.0,extra,3,2,1,0
ciento,promedio,8.0,intra_sub,3,3,2,2
ciento,senalar,4.0,intra_cluster,3,3,2,3
ciento,directamente,4.0,intra_cluster,3,3,2,2
ciento,perdida,4.0,intra_cluster,3,3,2,2
ciento,pesos,3.0,intra_cluster,3,3,2,4
ciento,superar,4.0,extra,3,4,2,-1
ciento,proyecto,4.0,extra,3,14,2,1
ciento,partido,4.0,extra,3,4,2,1
promedio,acuerdo,4.0,intra_cluster,3,3,2,3
promedio,perdida,3.0,intra_cluster,3,3,2,2
promedio,senalar,3.0,intra_cluster,3,3,2,3
promedio,nivel,4.0,extra,3,22,2,0
costo,pesos,8.0,intra_sub,3,3,4,4
costo,senalar,3.0,intra_cluster,3,3,4,3
costo,persona,5.0,extra,3,17,4,-1
pesos,cuyo,4.0,intra_cluster,3,3,4,4
pesos,pan,3.0,intra_cluster,3,3,4,1
pesos,acuerdo,3.0,intra_cluster,3,3,4,3
pesos,senalar,3.0,intra_cluster,3,3,4,3
pesos,millon,18.0,extra,3,14,4,1
pesos,tampico,7.0,extra,3,2,4,0
pesos,inversion,7.0,extra,3,18,4,2
pesos,gobierno,6.0,extra,3,13,4,0
pesos,servicio,6.0,extra,3,16,4,1
pesos,obra,5.0,extra,3,13,4,1
pesos,ciudad,5.0,extra,3,12,4,2
pesos,seguir,4.0,extra,3,18,4,1
pesos,programa,4.0,extra,3,16,4,1
pesos,publica,4.0,extra,3,18,4,2
pesos,sumar,4.0,extra,3,14,4,5
pesos,municipal,4.0,extra,3,5,4,0
pesos,desarrollo,4.0,extra,3,5,4,0
pan,cuyo,3.0,intra_cluster,3,3,1,4
acuerdo,senalar,7.0,intra_sub,3,3,3,3
acuerdo,organizado,6.0,intra_cluster,3,3,3,0
acuerdo,amigo,5.0,intra_sub,3,3,3,3
acuerdo,obtener,5.0,intra_cluster,3,3,3,0
acuerdo,perdida,4.0,intra_cluster,3,3,3,2
acuerdo,detener,4.0,intra_cluster,3,3,3,0
acuerdo,oficial,3.0,intra_cluster,3,3,3,3
acuerdo,tamaulipas,5.0,extra,3,4,3,0
acuerdo,ocurrir,5.0,extra,3,15,3,1
acuerdo,presunto,5.0,extra,3,10,3,3
acuerdo,relacionado,4.0,extra,3,6,3,2
acuerdo,dia,4.0,extra,3,23,3,0
acuerdo,seguridad,4.0,extra,3,24,3,1
senalar,detener,4.0,intra_cluster,3,3,3,0
senalar,medico,6.0,extra,3,10,3,2
senalar,maximo,4.0,extra,3,8,3,0
delincuencia,organizado,7.0,intra_sub,3,3,0,0
delincuencia,detener,7.0,intra_sub,3,3,0,0
delincuencia,ruffo,7.0,extra,3,6,0,0
delincuencia,baja,6.0,extra,3,6,0,0
delincuencia,california,6.0,extra,3,6,0,0
delincuencia,ernesto,6.0,extra,3,6,0,0
delincuencia,exgobernador,5.0,extra,3,6,0,0
delincuencia,appel,4.0,extra,3,6,0,0
delincuencia,delito,4.0,extra,3,15,0,1
organizado,detener,5.0,intra_sub,3,3,0,0
organizado,obtener,5.0,intra_sub,3,3,0,0
organizado,ruffo,7.0,extra,3,6,0,0
organizado,california,6.0,extra,3,6,0,0
organizado,ernesto,6.0,extra,3,6,0,0
organizado,exgobernador,5.0,extra,3,6,0,0
organizado,baja,5.0,extra,3,6,0,0
organizado,appel,4.0,extra,3,6,0,0
organizado,delito,4.0,extra,3,15,0,1
organizado,ciudad,4.0,extra,3,12,0,2
detener,ernesto,6.0,extra,3,6,0,0
detener,ruffo,6.0,extra,3,6,0,0
detener,delito,4.0,extra,3,15,0,1
detener,baja,4.0,extra,3,6,0,0
detener,california,4.0,extra,3,6,0,0
detener,exgobernador,4.0,extra,3,6,0,0
amigo,oficial,3.0,intra_cluster,3,3,3,3
autoridad,persona,12.0,intra_cluster,17,17,2,-1
autoridad,investigacion,12.0,intra_cluster,17,17,2,0
autoridad,padre,10.0,intra_sub,17,17,2,2
autoridad,lograr,6.0,intra_cluster,17,17,2,1
autoridad,atender,6.0,intra_cluster,17,17,2,4
autoridad,unidad,5.0,intra_cluster,17,17,2,1
autoridad,correspondiente,5.0,intra_sub,17,17,2,2
autoridad,personal,5.0,intra_cluster,17,17,2,0
autoridad,resultado,5.0,intra_cluster,17,17,2,-1
autoridad,elemento,4.0,intra_cluster,17,17,2,1
autoridad,asegurar,4.0,intra_cluster,17,17,2,3
autoridad,publico,4.0,intra_cluster,17,17,2,3
autoridad,diverso,3.0,intra_cluster,17,17,2,0
autoridad,perder,3.0,intra_cluster,17,17,2,3
autoridad,criminal,3.0,intra_cluster,17,17,2,0
autoridad,inmediato,3.0,intra_cluster,17,17,2,0
autoridad,tampico,9.0,extra,17,2,2,0
autoridad,tamaulipas,6.0,extra,17,4,2,0
autoridad,escuela,6.0,extra,17,20,2,0
autoridad,ano,5.0,extra,17,11,2,4
autoridad,nacional,4.0,extra,17,4,2,2
autoridad,encontrar,4.0,extra,17,22,2,1
autoridad,situacion,4.0,extra,17,18,2,0
autoridad,participacion,4.0,extra,17,9,2,1
persona,atender,10.0,intra_cluster,17,17,-1,4
persona,resultado,9.0,intra_cluster,17,17,-1,-1
persona,unidad,6.0,intra_cluster,17,17,-1,1
persona,padre,6.0,intra_cluster,17,17,-1,2
persona,investigacion,6.0,intra_cluster,17,17,-1,0
persona,elemento,5.0,intra_cluster,17,17,-1,1
persona,lograr,4.0,intra_cluster,17,17,-1,1
persona,asegurar,4.0,intra_cluster,17,17,-1,3
persona,publico,3.0,intra_cluster,17,17,-1,3
persona,personal,3.0,intra_cluster,17,17,-1,0
persona,excelente,3.0,intra_cluster,17,17,-1,4
persona,perder,3.0,intra_cluster,17,17,-1,3
persona,operativo,3.0,intra_cluster,17,17,-1,3
persona,tampico,8.0,extra,17,2,-1,0
persona,familiar,6.0,extra,17,16,-1,2
persona,metro,5.0,extra,17,20,-1,-1
persona,ano,5.0,extra,17,11,-1,4
persona,ocurrir,5.0,extra,17,15,-1,1
persona,julio,5.0,extra,17,2,-1,-1
persona,tamaulipas,5.0,extra,17,4,-1,0
persona,vida,4.0,extra,17,22,-1,0
persona,tampicotecuida,4.0,extra,17,1,-1,0
persona,evento,4.0,extra,17,12,-1,1
persona,accidente,4.0,extra,17,22,-1,0
persona,cultural,4.0,extra,17,23,-1,3
persona,metropolitano,4.0,extra,17,23,-1,4
persona,muerto,4.0,extra,17,0,-1,3
persona,centro,4.0,extra,17,14,-1,0
persona,nino,4.0,extra,17,0,-1,-1
persona,nina,4.0,extra,17,0,-1,-1
persona,seguir,4.0,extra,17,18,-1,1
persona,hijo,4.0,extra,17,0,-1,1
persona,justicia,4.0,extra,17,7,-1,1
investigacion,resultado,9.0,intra_cluster,17,17,0,-1
investigacion,personal,8.0,intra_sub,17,17,0,0
investigacion,inmediato,7.0,intra_sub,17,17,0,0
investigacion,diverso,5.0,intra_sub,17,17,0,0
investigacion,criminal,5.0,intra_sub,17,17,0,0
investigacion,correspondiente,5.0,intra_cluster,17,17,0,2
investigacion,padre,4.0,intra_cluster,17,17,0,2
investigacion,asegurar,3.0,intra_cluster,17,17,0,3
investigacion,familia,5.0,extra,17,15,0,3
investigacion,fiscalia,5.0,extra,17,7,0,0
investigacion,tamaulipas,5.0,extra,17,4,0,0
investigacion,alto,4.0,extra,17,6,0,1
investigacion,relacionado,4.0,extra,17,6,0,2
investigacion,operacion,4.0,extra,17,6,0,1
investigacion,ano,4.0,extra,17,11,0,4
investigacion,quedar,4.0,extra,17,25,0,3
investigacion,luis,4.0,extra,17,12,0,3
investigacion,muerte,4.0,extra,17,24,0,0
lograr,unidad,11.0,intra_sub,17,17,1,1
lograr,labor,5.0,intra_sub,17,17,1,1
lograr,atender,4.0,intra_cluster,17,17,1,4
lograr,resultado,3.0,intra_cluster,17,17,1,-1
lograr,elemento,3.0,intra_cluster,17,17,1,1
lograr,diverso,3.0,intra_cluster,17,17,1,0
lograr,accion,3.0,intra_cluster,17,17,1,1
lograr,alcaldesa,3.0,intra_cluster,17,17,1,4
lograr,tamaulipas,8.0,extra,17,4,1,0
lograr,combustible,5.0,extra,17,6,1,1
lograr,presentar,4.0,extra,17,10,1,-1
lograr,seguridad,4.0,extra,17,24,1,1
lograr,familia,4.0,extra,17,15,1,3
lograr,situacion,4.0,extra,17,18,1,0
unidad,atender,5.0,intra_cluster,17,17,1,4
unidad,accion,4.0,intra_cluster,17,17,1,1
unidad,elemento,3.0,intra_cluster,17,17,1,1
unidad,vehiculo,3.0,intra_cluster,17,17,1,1
unidad,correspondiente,3.0,intra_cluster,17,17,1,2
unidad,seguridad,6.0,extra,17,24,1,1
unidad,empresa,4.0,extra,17,6,1,1
unidad,terminar,4.0,extra,17,14,1,2
unidad,tampico,4.0,extra,17,2,1,0
unidad,ocurrir,4.0,extra,17,15,1,1
unidad,accidente,4.0,extra,17,22,1,0
atender,asegurar,7.0,intra_cluster,17,17,4,3
atender,gestion,3.0,intra_cluster,17,17,4,4
atender,perder,3.0,intra_cluster,17,17,4,3
atender,medico,4.0,extra,17,10,4,2
padre,escuela,6.0,extra,17,20,2,0
padre,curso,6.0,extra,17,7,2,5
padre,deber,5.0,extra,17,13,2,1
padre,familia,4.0,extra,17,15,2,3
resultado,correspondiente,3.0,intra_cluster,17,17,-1,2
resultado,tamaulipas,7.0,extra,17,4,-1,0
resultado,tampico,5.0,extra,17,2,-1,0
resultado,vida,4.0,extra,17,22,-1,0
resultado,metro,4.0,extra,17,20,-1,-1
resultado,fiscalia,4.0,extra,17,7,-1,0
personal,diverso,5.0,intra_sub,17,17,0,0
personal,entidad,3.0,intra_cluster,17,17,0,0
personal,operativo,3.0,intra_cluster,17,17,0,3
asegurar,perder,7.0,intra_sub,17,17,3,3
asegurar,elemento,4.0,intra_cluster,17,17,3,1
asegurar,operativo,4.0,intra_cluster,17,17,3,3
asegurar,diverso,3.0,intra_cluster,17,17,3,0
asegurar,inmediato,3.0,intra_cluster,17,17,3,0
asegurar,tampico,8.0,extra,17,2,3,0
asegurar,dafne,8.0,extra,17,12,3,0
asegurar,madero,7.0,extra,17,24,3,0
asegurar,ciudad,6.0,extra,17,12,3,2
asegurar,muerte,6.0,extra,17,24,3,0
asegurar,presentar,5.0,extra,17,10,3,-1
asegurar,carmen,4.0,extra,17,5,3,1
perder,operativo,3.0,intra_cluster,17,17,3,3
perder,vida,5.0,extra,17,22,3,0
perder,ano,4.0,extra,17,11,3,4
perder,dafne,4.0,extra,17,12,3,0
perder,ciudad,4.0,extra,17,12,3,2
perder,presentar,4.0,extra,17,10,3,-1
perder,academia,4.0,extra,17,24,3,2
inmediato,nina,4.0,extra,17,0,0,-1
labor,tampico,8.0,extra,17,2,1,0
labor,ciudad,4.0,extra,17,12,1,2
elemento,vehiculo,3.0,intra_cluster,17,17,1,1
elemento,seguridad,4.0,extra,17,24,1,1
diverso,criminal,3.0,intra_cluster,17,17,0,0
alcaldesa,colonia,4.0,intra_cluster,17,17,4,4
alcaldesa,villarreal,8.0,extra,17,16,4,0
alcaldesa,tampico,8.0,extra,17,2,4,0
alcaldesa,monica,6.0,extra,17,16,4,0
alcaldesa,carmen,5.0,extra,17,5,4,1
alcaldesa,limpieza,4.0,extra,17,5,4,0
alcaldesa,septiembre,4.0,extra,17,24,4,0
alcaldesa,laredo,4.0,extra,17,14,4,5
colonia,vehiculo,3.0,intra_cluster,17,17,4,1
colonia,tampico,8.0,extra,17,2,4,0
colonia,limpieza,7.0,extra,17,5,4,0
colonia,jornada,6.0,extra,17,16,4,2
colonia,prevencion,5.0,extra,17,16,4,1
colonia,gracias,4.0,extra,17,5,4,1
colonia,ciudad,4.0,extra,17,12,4,2
colonia,monica,4.0,extra,17,16,4,0
colonia,villarreal,4.0,extra,17,16,4,0
colonia,saludable,4.0,extra,17,16,4,2
colonia,entorno,4.0,extra,17,11,4,1
accion,tampico,4.0,extra,17,2,1,0
accion,agua,4.0,extra,17,13,1,3
publico,tamaulipas,5.0,extra,17,4,3,0
publico,obra,4.0,extra,17,13,3,1
publico,ciudad,4.0,extra,17,12,3,2
publico,camara,4.0,extra,17,0,3,2
publico,madero,4.0,extra,17,24,3,0
entidad,tamaulipas,7.0,extra,17,4,0,0
entidad,grado,5.0,extra,17,8,0,0
entidad,nacional,4.0,extra,17,4,0,2
entidad,zona,4.0,extra,17,8,0,2
entidad,temperatura,4.0,extra,17,8,0,0
entidad,maximo,4.0,extra,17,8,0,0
excelente,tampico,5.0,extra,17,2,4,0
excelente,tampicotecuida,5.0,extra,17,1,4,0
julio,tampico,36.0,intra_cluster,2,2,-1,0
julio,sol,8.0,intra_cluster,2,2,-1,2
julio,localjueves,6.0,intra_cluster,2,2,-1,-1
julio,martes,5.0,intra_cluster,2,2,-1,1
julio,espacio,5.0,intra_cluster,2,2,-1,1
julio,altamira,5.0,intra_cluster,2,2,-1,-1
julio,buscar,4.0,intra_cluster,2,2,-1,0
julio,jueves,3.0,intra_cluster,2,2,-1,1
julio,editorial,3.0,intra_cluster,2,2,-1,2
julio,tamaulipas,12.0,extra,2,4,-1,0
julio,dafne,9.0,extra,2,12,-1,0
julio,dia,7.0,extra,2,23,-1,0
julio,ano,6.0,extra,2,11,-1,4
julio,muerte,6.0,extra,2,24,-1,0
julio,ciudad,6.0,extra,2,12,-1,2
julio,localviernes,6.0,extra,2,12,-1,0
julio,localsabado,6.0,extra,2,15,-1,-1
julio,delito,5.0,extra,2,15,-1,1
julio,exposicion,5.0,extra,2,23,-1,1
julio,madero,5.0,extra,2,24,-1,0
julio,carmen,5.0,extra,2,5,-1,1
julio,rio,5.0,extra,2,5,-1,1
julio,tarde,5.0,extra,2,13,-1,2
julio,baja,5.0,extra,2,6,-1,0
julio,temperatura,5.0,extra,2,8,-1,0
julio,entrada,4.0,extra,2,23,-1,-1
julio,cultural,4.0,extra,2,23,-1,3
julio,metropolitano,4.0,extra,2,23,-1,4
julio,metro,4.0,extra,2,20,-1,-1
julio,empresa,4.0,extra,2,6,-1,1
julio,california,4.0,extra,2,6,-1,0
julio,esperar,4.0,extra,2,14,-1,2
julio,casa,4.0,extra,2,25,-1,0
julio,agosto,4.0,extra,2,1,-1,0
julio,localdomingo,4.0,extra,2,12,-1,3
julio,academia,4.0,extra,2,24,-1,2
julio,verano,4.0,extra,2,20,-1,1
julio,llegar,4.0,extra,2,23,-1,0
julio,especial,4.0,extra,2,23,-1,3
tampico,buscar,26.0,intra_sub,2,2,0,0
tampico,espacio,25.0,intra_cluster,2,2,0,1
tampico,martes,18.0,intra_cluster,2,2,0,1
tampico,sol,15.0,intra_cluster,2,2,0,2
tampico,altamira,13.0,intra_cluster,2,2,0,-1
tampico,recordar,8.0,intra_sub,2,2,0,0
tampico,jueves,8.0,intra_cluster,2,2,0,1
tampico,encuentro,7.0,intra_sub,2,2,0,0
tampico,regresar,7.0,intra_cluster,2,2,0,2
tampico,integrante,7.0,intra_sub,2,2,0,0
tampico,localjueves,4.0,intra_cluster,2,2,0,-1
tampico,semana,4.0,intra_cluster,2,2,0,-1
tampico,editorial,3.0,intra_cluster,2,2,0,2
tampico,exposicion,24.0,extra,2,23,0,1
tampico,ciudad,20.0,extra,2,12,0,2
tampico,gratuito,19.0,extra,2,23,0,-1
tampico,tamaulipas,18.0,extra,2,4,0,0
tampico,seguir,18.0,extra,2,18,0,1
tampico,madero,17.0,extra,2,24,0,0
tampico,monica,16.0,extra,2,16,0,0
tampico,escuela,16.0,extra,2,20,0,0
tampico,villarreal,15.0,extra,2,16,0,0
tampico,obra,15.0,extra,2,13,0,1
tampico,ano,13.0,extra,2,11,0,4
tampico,dia,13.0,extra,2,23,0,0
tampico,entrada,12.0,extra,2,23,0,-1
tampico,bodies,12.0,extra,2,23,0,1
tampico,internacional,12.0,extra,2,11,0,-1
tampico,disfrutar,11.0,extra,2,23,0,4
tampico,familia,11.0,extra,2,15,0,3
tampico,experiencia,11.0,extra,2,1,0,1
tampico,prevencion,11.0,extra,2,16,0,1
tampico,jornada,11.0,extra,2,16,0,2
tampico,muerte,11.0,extra,2,24,0,0
tampico,proyecto,10.0,extra,2,14,0,1
tampico,cultural,10.0,extra,2,23,0,3
tampico,vivir,9.0,extra,2,1,0,1
tampico,construir,9.0,extra,2,14,0,1
tampico,vacacion,9.0,extra,2,21,0,1
tampico,desarrollo,9.0,extra,2,5,0,0
tampico,recurso,9.0,extra,2,9,0,3
tampico,turistico,9.0,extra,2,23,0,1
tampico,metropolitano,9.0,extra,2,23,0,4
tampico,llegar,9.0,extra,2,23,0,0
tampico,verano,9.0,extra,2,20,0,1
tampico,limpieza,9.0,extra,2,5,0,0
tampico,unico,9.0,extra,2,1,0,3
tampico,historia,8.0,extra,2,1,0,1
tampico,evento,8.0,extra,2,12,0,1
tampico,municipal,8.0,extra,2,5,0,0
tampico,ayuntamiento,8.0,extra,2,8,0,2
tampico,nino,8.0,extra,2,0,0,-1
tampico,fortalecer,8.0,extra,2,16,0,0
tampico,bienestar,8.0,extra,2,16,0,1
tampico,caso,8.0,extra,2,15,0,-1
tampico,registrar,8.0,extra,2,22,0,2
tampico,agosto,8.0,extra,2,1,0,0
tampico,academia,8.0,extra,2,24,0,2
tampico,domingo,8.0,extra,2,1,0,3
tampico,jaiba,8.0,extra,2,1,0,3
tampico,vida,7.0,extra,2,22,0,0
tampico,oportunidad,7.0,extra,2,11,0,3
tampico,millon,7.0,extra,2,14,0,1
tampico,tampicotecuida,7.0,extra,2,1,0,0
tampico,saludable,7.0,extra,2,16,0,2
tampico,hora,7.0,extra,2,9,0,2
tampico,antonio,7.0,extra,2,12,0,1
tampico,amenazar,7.0,extra,2,24,0,0
tampico,director,7.0,extra,2,24,0,2
tampico,jardin,7.0,extra,2,23,0,4
tampico,escolar,6.0,extra,2,21,0,2
tampico,programa,6.0,extra,2,16,0,1
tampico,nina,6.0,extra,2,0,0,-1
tampico,manana,6.0,extra,2,5,0,3
tampico,inversion,6.0,extra,2,18,0,2
tampico,sumar,6.0,extra,2,14,0,5
tampico,impulsar,6.0,extra,2,11,0,2
tampico,agua,6.0,extra,2,13,0,3
tampico,oferta,6.0,extra,2,16,0,0
tampico,sosa,6.0,extra,2,12,0,1
tampico,cuerpo,6.0,extra,2,9,0,4
tampico,militarizada,6.0,extra,2,24,0,1
tampico,doenitz,6.0,extra,2,24,0,1
tampico,temer,6.0,extra,2,24,0,1
tampico,septiembre,6.0,extra,2,24,0,0
tampico,exigir,6.0,extra,2,10,0,4
tampico,nacional,5.0,extra,2,4,0,2
tampico,presidenta,5.0,extra,2,20,0,1
tampico,presentar,5.0,extra,2,10,0,-1
tampico,gobierno,5.0,extra,2,13,0,0
tampico,municipio,5.0,extra,2,8,0,2
tampico,sector,5.0,extra,2,21,0,0
tampico,pais,5.0,extra,2,0,0,4
tampico,sur,5.0,extra,2,4,0,0
tampico,generar,5.0,extra,2,14,0,4
tampico,invitar,5.0,extra,2,9,0,0
tampico,salud,5.0,extra,2,10,0,2
tampico,sitio,5.0,extra,2,9,0,2
tampico,descubrir,5.0,extra,2,23,0,3
tampico,norte,5.0,extra,2,4,0,0
tampico,humano,5.0,extra,2,9,0,4
tampico,menor,5.0,extra,2,10,0,1
tampico,generacion,5.0,extra,2,9,0,2
tampico,video,5.0,extra,2,10,0,3
tampico,importante,4.0,extra,2,11,0,3
tampico,nivel,4.0,extra,2,22,0,0
tampico,continuar,4.0,extra,2,9,0,2
tampico,centro,4.0,extra,2,14,0,0
tampico,formar,4.0,extra,2,5,0,0
tampico,entorno,4.0,extra,2,11,0,1
tampico,direccion,4.0,extra,2,21,0,3
tampico,delito,4.0,extra,2,15,0,1
tampico,tampicovacontodo,4.0,extra,2,1,0,0
tampico,pendiente,4.0,extra,2,13,0,1
tampico,cabo,4.0,extra,2,0,0,3
tampico,joven,4.0,extra,2,15,0,0
tampico,metro,4.0,extra,2,20,0,-1
tampico,actividad,4.0,extra,2,10,0,1
tampico,cultura,4.0,extra,2,1,0,0
tampico,cuidar,4.0,extra,2,5,0,2
tampico,presencia,4.0,extra,2,22,0,2
tampico,junio,4.0,extra,2,4,0,3
tampico,mayo,4.0,extra,2,4,0,3
tampico,fiscalia,4.0,extra,2,7,0,0
tampico,abrir,4.0,extra,2,11,0,-1
tampico,solicitar,4.0,extra,2,6,0,3
tampico,empresa,4.0,extra,2,6,0,1
tampico,libertad,4.0,extra,2,25,0,0
tampico,abuso,4.0,extra,2,15,0,-1
tampico,mantener,4.0,extra,2,15,0,0
tampico,especial,4.0,extra,2,23,0,3
buscar,recordar,3.0,intra_cluster,2,2,0,0
buscar,altamira,3.0,intra_cluster,2,2,0,-1
buscar,parecer,3.0,intra_cluster,2,2,0,0
buscar,medio,4.0,extra,2,14,0,4
espacio,martes,8.0,intra_sub,2,2,1,1
espacio,exposicion,9.0,extra,2,23,1,1
espacio,cultural,7.0,extra,2,23,1,3
espacio,metropolitano,7.0,extra,2,23,1,4
espacio,seguir,5.0,extra,2,18,1,1
espacio,gobierno,4.0,extra,2,13,1,0
martes,jueves,4.0,intra_cluster,2,2,1,1
martes,altamira,3.0,intra_cluster,2,2,1,-1
martes,semana,3.0,intra_cluster,2,2,1,-1
martes,exposicion,5.0,extra,2,23,1,1
martes,jaiba,4.0,extra,2,1,1,3
sol,regresar,4.0,intra_cluster,2,2,2,2
sol,editorial,3.0,intra_cluster,2,2,2,2
sol,antonio,6.0,extra,2,12,2,1
sol,sosa,6.0,extra,2,12,2,1
sol,ciudad,5.0,extra,2,12,2,2
altamira,semana,5.0,intra_cluster,2,2,-1,-1
altamira,civil,5.0,extra,2,4,-1,2
altamira,desarrollo,4.0,extra,2,5,-1,0
altamira,madero,4.0,extra,2,24,-1,0
jueves,academia,4.0,extra,2,24,1,2
encuentro,tamaulipas,4.0,extra,2,4,0,0
regresar,editorial,3.0,intra_cluster,2,2,2,2
integrante,seguridad,6.0,extra,2,24,0,1
integrante,doenitz,5.0,extra,2,24,0,1
integrante,temer,5.0,extra,2,24,0,1
integrante,anunciar,4.0,extra,2,4,0,4
integrante,revelar,4.0,extra,2,24,0,3
integrante,sexo,4.0,extra,2,24,0,3
integrante,nombre,4.0,extra,2,24,0,3
editorial,columna,8.0,extra,2,25,2,1
editorial,articulo,4.0,extra,2,25,2,0
editorial,responsabilidad,4.0,extra,2,25,2,0
editorial,emitir,4.0,extra,2,25,2,0
editorial,casa,4.0,extra,2,25,2,0
editorial,respetar,4.0,extra,2,25,2,0
editorial,libertad,4.0,extra,2,25,2,0
editorial,noticias,4.0,extra,2,25,2,1
editorial,cartones,4.0,extra,2,25,2,1
editorial,loultimo,4.0,extra,2,25,2,1
editorial,newsletter,4.0,extra,2,25,2,1
editorial,quedar,4.0,extra,2,25,2,3
editorial,conversacion,4.0,extra,2,25,2,2
editorial,mandar,4.0,extra,2,25,2,2
inversion,seguir,8.0,intra_cluster,18,18,2,1
inversion,situacion,4.0,intra_cluster,18,18,2,0
inversion,afiliado,3.0,intra_cluster,18,18,2,2
inversion,publica,3.0,intra_cluster,18,18,2,2
inversion,calidad,3.0,intra_cluster,18,18,2,1
inversion,millon,7.0,extra,18,14,2,1
inversion,obra,5.0,extra,18,13,2,1
inversion,tamaulipas,4.0,extra,18,4,2,0
inversion,desarrollo,4.0,extra,18,5,2,0
seguir,calidad,7.0,intra_sub,18,18,1,1
seguir,aparecer,6.0,intra_sub,18,18,1,1
seguir,publica,4.0,intra_cluster,18,18,1,2
seguir,fuga,4.0,intra_cluster,18,18,1,0
seguir,construir,6.0,extra,18,14,1,1
seguir,obra,6.0,extra,18,13,1,1
seguir,impulsar,5.0,extra,18,11,1,2
seguir,oportunidad,5.0,extra,18,11,1,3
seguir,escuela,5.0,extra,18,20,1,0
seguir,vacacion,5.0,extra,18,21,1,1
seguir,tamaulipas,5.0,extra,18,4,1,0
seguir,ano,5.0,extra,18,11,1,4
seguir,mama,5.0,extra,18,7,1,3
seguir,nina,5.0,extra,18,0,1,-1
seguir,programa,4.0,extra,18,16,1,1
seguir,proyecto,4.0,extra,18,14,1,1
seguir,desarrollo,4.0,extra,18,5,1,0
seguir,deber,4.0,extra,18,13,1,1
seguir,pasar,4.0,extra,18,7,1,7
seguir,ojala,4.0,extra,18,7,1,4
seguir,salir,4.0,extra,18,25,1,0
calidad,situacion,5.0,intra_cluster,18,18,1,0
emergencia,fuga,6.0,intra_sub,18,18,0,0
emergencia,situacion,5.0,intra_sub,18,18,0,0
emergencia,publica,3.0,intra_cluster,18,18,0,2
fuga,situacion,6.0,intra_sub,18,18,0,0
situacion,afiliado,3.0,intra_cluster,18,18,0,2
situacion,encontrar,5.0,extra,18,22,0,1
situacion,similar,4.0,extra,18,22,0,1
publica,millon,4.0,extra,18,14,2,1
nivel,vida,14.0,intra_sub,22,22,0,0
nivel,unicamente,3.0,intra_cluster,22,22,0,0
nivel,accidente,3.0,intra_cluster,22,22,0,0
nivel,nacional,10.0,extra,22,4,0,2
nivel,tamaulipas,9.0,extra,22,4,0,0
nivel,sur,6.0,extra,22,4,0,0
nivel,california,5.0,extra,22,6,0,0
nivel,bienestar,4.0,extra,22,16,0,1
nivel,baja,4.0,extra,22,6,0,0
vida,accidente,7.0,intra_sub,22,22,0,0
vida,unicamente,3.0,intra_cluster,22,22,0,0
vida,ciudad,6.0,extra,22,12,0,2
vida,menor,5.0,extra,22,10,0,1
vida,dafne,5.0,extra,22,12,0,0
vida,tamaulipas,4.0,extra,22,4,0,0
vida,ano,4.0,extra,22,11,0,4
vida,dia,4.0,extra,22,23,0,0
vida,presunto,4.0,extra,22,10,0,3
vida,academia,4.0,extra,22,24,0,2
accidente,registrar,4.0,intra_cluster,22,22,0,2
accidente,similar,4.0,intra_cluster,22,22,0,1
accidente,unicamente,3.0,intra_cluster,22,22,0,0
accidente,encontrar,3.0,intra_cluster,22,22,0,1
accidente,hospital,3.0,intra_cluster,22,22,0,1
accidente,guardia,3.0,intra_cluster,22,22,0,2
accidente,llamado,3.0,intra_cluster,22,22,0,1
accidente,ingresar,3.0,intra_cluster,22,22,0,3
accidente,tamaulipas,5.0,extra,22,4,0,0
accidente,reportar,4.0,extra,22,10,0,-1
accidente,academia,4.0,extra,22,24,0,2
guardia,registrar,5.0,intra_sub,22,22,2,2
registrar,francisco,3.0,intra_cluster,22,22,2,2
registrar,caso,4.0,extra,22,15,2,-1
registrar,tamaulipas,4.0,extra,22,4,2,0
registrar,maximo,4.0,extra,22,8,2,0
ingresar,ubicado,5.0,intra_sub,22,22,3,3
ingresar,llamado,4.0,intra_cluster,22,22,3,1
ingresar,area,3.0,intra_cluster,22,22,3,3
ingresar,similar,3.0,intra_cluster,22,22,3,1
ingresar,encontrar,3.0,intra_cluster,22,22,3,1
ubicado,encontrar,3.0,intra_cluster,22,22,3,1
encontrar,llamado,5.0,intra_sub,22,22,1,1
encontrar,similar,3.0,intra_cluster,22,22,1,1
encontrar,hospital,3.0,intra_cluster,22,22,1,1
llamado,similar,4.0,intra_cluster,22,22,1,1
llamado,dafne,4.0,extra,22,12,1,0
llamado,presentar,4.0,extra,22,10,1,-1
hospital,medico,4.0,extra,22,10,1,2
area,tamaulipas,5.0,extra,22,4,3,0
sur,tamaulipas,37.0,intra_sub,4,4,0,0
sur,nacional,11.0,intra_cluster,4,4,0,2
sur,norte,6.0,intra_sub,4,4,0,0
sur,empresario,5.0,intra_cluster,4,4,0,3
sur,civil,3.0,intra_cluster,4,4,0,2
sur,partido,3.0,intra_cluster,4,4,0,1
sur,cerrar,3.0,intra_cluster,4,4,0,4
sur,anunciar,3.0,intra_cluster,4,4,0,4
sur,final,3.0,intra_cluster,4,4,0,1
sur,zona,8.0,extra,4,8,0,2
sur,obra,6.0,extra,4,13,0,1
sur,municipio,5.0,extra,4,8,0,2
sur,formar,5.0,extra,4,5,0,0
sur,pendiente,4.0,extra,4,13,0,1
sur,presunto,4.0,extra,4,10,0,3
sur,academia,4.0,extra,4,24,0,2
tamaulipas,nacional,23.0,intra_cluster,4,4,0,2
tamaulipas,final,11.0,intra_cluster,4,4,0,1
tamaulipas,norte,11.0,intra_sub,4,4,0,0
tamaulipas,cerrar,9.0,intra_cluster,4,4,0,4
tamaulipas,morena,8.0,intra_cluster,4,4,0,1
tamaulipas,partido,7.0,intra_cluster,4,4,0,1
tamaulipas,empresario,5.0,intra_cluster,4,4,0,3
tamaulipas,civil,5.0,intra_cluster,4,4,0,2
tamaulipas,superar,4.0,intra_cluster,4,4,0,-1
tamaulipas,anunciar,4.0,intra_cluster,4,4,0,4
tamaulipas,electoral,3.0,intra_cluster,4,4,0,1
tamaulipas,destacar,3.0,intra_cluster,4,4,0,-1
tamaulipas,junio,3.0,intra_cluster,4,4,0,3
tamaulipas,zona,16.0,extra,4,8,0,2
tamaulipas,familia,11.0,extra,4,15,0,3
tamaulipas,ciudad,11.0,extra,4,12,0,2
tamaulipas,temperatura,11.0,extra,4,8,0,0
tamaulipas,doenitz,10.0,extra,4,24,0,1
tamaulipas,hora,10.0,extra,4,9,0,2
tamaulipas,academia,9.0,extra,4,24,0,2
tamaulipas,madero,9.0,extra,4,24,0,0
tamaulipas,ano,9.0,extra,4,11,0,4
tamaulipas,muerte,9.0,extra,4,24,0,0
tamaulipas,dafne,8.0,extra,4,12,0,0
tamaulipas,economico,8.0,extra,4,11,0,3
tamaulipas,escuela,8.0,extra,4,20,0,0
tamaulipas,seguridad,7.0,extra,4,24,0,1
tamaulipas,gobierno,7.0,extra,4,13,0,0
tamaulipas,actividad,7.0,extra,4,10,0,1
tamaulipas,septiembre,7.0,extra,4,24,0,0
tamaulipas,dejar,6.0,extra,4,9,0,1
tamaulipas,continuar,6.0,extra,4,9,0,2
tamaulipas,maximo,6.0,extra,4,8,0,0
tamaulipas,solicitar,6.0,extra,4,6,0,3
tamaulipas,region,6.0,extra,4,14,0,0
tamaulipas,justicia,5.0,extra,4,7,0,1
tamaulipas,militarizada,5.0,extra,4,24,0,1
tamaulipas,marina,5.0,extra,4,9,0,1
tamaulipas,director,5.0,extra,4,24,0,2
tamaulipas,compartir,5.0,extra,4,23,0,0
tamaulipas,principal,5.0,extra,4,21,0,0
tamaulipas,obra,5.0,extra,4,13,0,1
tamaulipas,pendiente,5.0,extra,4,13,0,1
tamaulipas,sumar,5.0,extra,4,14,0,5
tamaulipas,dia,5.0,extra,4,23,0,0
tamaulipas,municipio,5.0,extra,4,8,0,2
tamaulipas,laredo,5.0,extra,4,14,0,5
tamaulipas,jornada,5.0,extra,4,16,0,2
tamaulipas,menor,5.0,extra,4,10,0,1
tamaulipas,fiscalia,5.0,extra,4,7,0,0
tamaulipas,general,5.0,extra,4,14,0,0
tamaulipas,marcado,5.0,extra,4,11,0,4
tamaulipas,esperar,5.0,extra,4,14,0,2
tamaulipas,proyecto,4.0,extra,4,14,0,1
tamaulipas,hija,4.0,extra,4,7,0,3
tamaulipas,pais,4.0,extra,4,0,0,4
tamaulipas,manana,4.0,extra,4,5,0,3
tamaulipas,avance,4.0,extra,4,11,0,2
tamaulipas,contar,4.0,extra,4,1,0,2
tamaulipas,baja,4.0,extra,4,6,0,0
tamaulipas,mexicano,4.0,extra,4,11,0,0
tamaulipas,internacional,4.0,extra,4,11,0,-1
tamaulipas,riesgo,4.0,extra,4,21,0,2
tamaulipas,proteccion,4.0,extra,4,25,0,3
tamaulipas,ocurrir,4.0,extra,4,15,0,1
tamaulipas,temer,4.0,extra,4,24,0,1
tamaulipas,clase,4.0,extra,4,9,0,3
tamaulipas,meter,4.0,extra,4,7,0,5
tamaulipas,cobrar,4.0,extra,4,24,0,2
tamaulipas,grado,4.0,extra,4,8,0,0
tamaulipas,centro,4.0,extra,4,14,0,0
tamaulipas,caso,4.0,extra,4,15,0,-1
tamaulipas,militar,4.0,extra,4,10,0,0
tamaulipas,video,4.0,extra,4,10,0,3
tamaulipas,fuerte,4.0,extra,4,25,0,3
nacional,partido,10.0,intra_cluster,4,4,2,1
nacional,morena,5.0,intra_cluster,4,4,2,1
nacional,civil,5.0,intra_sub,4,4,2,2
nacional,final,4.0,intra_cluster,4,4,2,1
nacional,medida,4.0,intra_cluster,4,4,2,2
nacional,empresario,4.0,intra_cluster,4,4,2,3
nacional,electoral,4.0,intra_cluster,4,4,2,1
nacional,superar,3.0,intra_cluster,4,4,2,-1
nacional,pais,5.0,extra,4,0,2,4
nacional,ano,5.0,extra,4,11,2,4
nacional,oportunidad,4.0,extra,4,11,2,3
nacional,proyecto,4.0,extra,4,14,2,1
nacional,evento,4.0,extra,4,12,2,1
nacional,camara,4.0,extra,4,0,2,2
nacional,california,4.0,extra,4,6,2,0
final,partido,6.0,intra_sub,4,4,1,1
final,mundial,4.0,extra,4,11,1,1
norte,zona,7.0,extra,4,8,0,2
partido,morena,6.0,intra_sub,4,4,1,1
partido,electoral,4.0,intra_cluster,4,4,1,1
partido,politico,4.0,extra,4,8,1,1
cerrar,anunciar,3.0,intra_cluster,4,4,4,4
morena,electoral,3.0,intra_cluster,4,4,1,1
empresario,mayo,4.0,intra_cluster,4,4,3,3
civil,litro,4.0,intra_cluster,4,4,2,2
civil,proteccion,11.0,extra,4,25,2,3
civil,seguridad,6.0,extra,4,24,2,1
civil,menor,4.0,extra,4,10,2,1
junio,mayo,5.0,intra_sub,4,4,3,3
junio,laredo,5.0,extra,4,14,3,5
litro,huachicol,4.0,extra,4,6,2,2
anunciar,mensaje,3.0,intra_cluster,4,4,4,4
anunciar,amenazar,5.0,extra,4,24,4,0
anunciar,muerte,5.0,extra,4,24,4,0
anunciar,director,5.0,extra,4,24,4,2
anunciar,academia,5.0,extra,4,24,4,2
anunciar,militarizada,5.0,extra,4,24,4,1
anunciar,doenitz,5.0,extra,4,24,4,1
anunciar,temer,5.0,extra,4,24,4,1
anunciar,seguridad,5.0,extra,4,24,4,1
anunciar,revelar,4.0,extra,4,24,4,3
anunciar,sexo,4.0,extra,4,24,4,3
anunciar,nombre,4.0,extra,4,24,4,3
escolar,plantel,9.0,intra_sub,21,21,2,2
escolar,vacacion,6.0,intra_cluster,21,21,2,1
escolar,convertir,5.0,intra_sub,21,21,2,2
escolar,direccion,3.0,intra_cluster,21,21,2,3
escolar,escuela,5.0,extra,21,20,2,0
escolar,prevencion,4.0,extra,21,16,2,1
escolar,directivo,4.0,extra,21,11,2,5
plantel,vacacion,7.0,intra_cluster,21,21,2,1
plantel,convertir,3.0,intra_cluster,21,21,2,2
plantel,escuela,8.0,extra,21,20,2,0
vacacion,realidad,4.0,intra_cluster,21,21,1,1
vacacion,seguro,4.0,intra_cluster,21,21,1,1
vacacion,soler,3.0,intra_cluster,21,21,1,1
vacacion,nino,4.0,extra,21,0,1,-1
vacacion,verano,4.0,extra,21,20,1,1
comision,presidente,5.0,intra_sub,21,21,0,0
convertir,principal,3.0,intra_cluster,21,21,2,0
direccion,equipo,4.0,intra_cluster,21,21,3,3
direccion,salud,6.0,extra,21,10,3,2
direccion,prevencion,5.0,extra,21,16,3,1
direccion,casa,4.0,extra,21,25,3,0
equipo,secretaria,4.0,intra_cluster,21,21,3,3
equipo,casa,4.0,extra,21,25,3,0
realidad,soler,3.0,intra_cluster,21,21,1,1
secretaria,entregar,3.0,intra_cluster,21,21,3,3
secretaria,casa,4.0,extra,21,25,3,0
aumento,sector,3.0,intra_cluster,21,21,0,0
sector,compromiso,3.0,intra_cluster,21,21,0,0
sector,proyecto,4.0,extra,21,14,0,1
entregar,camara,4.0,extra,21,0,3,2
dejar,marina,16.0,intra_sub,9,9,1,1
dejar,continuar,6.0,intra_cluster,9,9,1,2
dejar,sentir,5.0,intra_cluster,9,9,1,-1
dejar,participacion,3.0,intra_cluster,9,9,1,1
dejar,hora,3.0,intra_cluster,9,9,1,2
dejar,cuerpo,3.0,intra_cluster,9,9,1,4
dejar,mundo,3.0,intra_cluster,9,9,1,0
dejar,ocurrir,5.0,extra,9,15,1,1
dejar,cosa,4.0,extra,9,0,1,1
dejar,familia,4.0,extra,9,15,1,3
marina,continuar,4.0,intra_cluster,9,9,1,2
marina,cuerpo,4.0,intra_cluster,9,9,1,4
marina,operar,4.0,intra_cluster,9,9,1,3
marina,sitio,3.0,intra_cluster,9,9,1,2
marina,sentir,3.0,intra_cluster,9,9,1,-1
marina,sistema,3.0,intra_cluster,9,9,1,3
marina,academia,6.0,extra,9,24,1,2
marina,militarizada,6.0,extra,9,24,1,1
marina,doenitz,6.0,extra,9,24,1,1
marina,nina,6.0,extra,9,0,1,-1
marina,luis,5.0,extra,9,12,1,3
marina,familia,5.0,extra,9,15,1,3
marina,menor,5.0,extra,9,10,1,1
marina,dafne,4.0,extra,9,12,1,0
marina,justicia,4.0,extra,9,7,1,1
marina,director,4.0,extra,9,24,1,2
marina,pasar,4.0,extra,9,7,1,7
marina,huachicol,4.0,extra,9,6,1,2
marina,escuela,4.0,extra,9,20,1,0
continuar,hora,5.0,intra_sub,9,9,2,2
continuar,puerto,3.0,intra_cluster,9,9,2,3
continuar,temperatura,4.0,extra,9,8,2,0
sentir,necesitar,3.0,intra_cluster,9,9,-1,-1
hora,humano,4.0,intra_cluster,9,9,2,4
hora,sitio,3.0,intra_cluster,9,9,2,2
hora,temperatura,6.0,extra,9,8,2,0
hora,ciudad,4.0,extra,9,12,2,2
mundo,recorrer,4.0,intra_cluster,9,9,0,0
mundo,humano,3.0,intra_cluster,9,9,0,4
mundo,invitar,3.0,intra_cluster,9,9,0,0
mundo,calle,3.0,intra_cluster,9,9,0,0
mundo,necesitar,3.0,intra_cluster,9,9,0,-1
mundo,pais,5.0,extra,9,0,0,4
mundo,experiencia,4.0,extra,9,1,0,1
cuerpo,sitio,4.0,intra_cluster,9,9,4,2
cuerpo,humano,4.0,intra_cluster,9,9,4,4
cuerpo,conocimiento,3.0,intra_cluster,9,9,4,4
cuerpo,sistema,3.0,intra_cluster,9,9,4,3
cuerpo,exposicion,6.0,extra,9,23,4,1
cuerpo,escuela,4.0,extra,9,20,4,0
cuerpo,experiencia,4.0,extra,9,1,4,1
cuerpo,bodies,4.0,extra,9,23,4,1
cuerpo,entrada,4.0,extra,9,23,4,-1
humano,conocimiento,3.0,intra_cluster,9,9,4,4
humano,exposicion,8.0,extra,9,23,4,1
humano,bodies,6.0,extra,9,23,4,1
humano,llegar,4.0,extra,9,23,4,0
humano,entrada,4.0,extra,9,23,4,-1
operar,puerto,3.0,intra_cluster,9,9,3,3
operar,ano,4.0,extra,9,11,3,4
conocimiento,salud,4.0,extra,9,10,4,2
invitar,exposicion,4.0,extra,9,23,0,1
participacion,empresa,5.0,extra,9,6,1,1
participacion,pedir,5.0,extra,9,12,1,3
participacion,abrir,4.0,extra,9,11,1,-1
calle,limpieza,4.0,extra,9,5,0,0
hija,mama,10.0,intra_sub,7,7,3,3
hija,institucion,10.0,intra_cluster,7,7,3,0
hija,justicia,9.0,intra_cluster,7,7,3,1
hija,mal,7.0,intra_cluster,7,7,3,2
hija,curso,7.0,intra_cluster,7,7,3,5
hija,campamento,6.0,intra_cluster,7,7,3,5
hija,morir,6.0,intra_cluster,7,7,3,2
hija,fiscalia,5.0,intra_cluster,7,7,3,0
hija,caer,5.0,intra_cluster,7,7,3,6
hija,pasar,5.0,intra_cluster,7,7,3,7
hija,culpa,4.0,intra_cluster,7,7,3,2
hija,responsable,3.0,intra_cluster,7,7,3,6
hija,resultar,3.0,intra_cluster,7,7,3,4
hija,fisico,3.0,intra_cluster,7,7,3,2
hija,golpe,3.0,intra_cluster,7,7,3,3
hija,meter,3.0,intra_cluster,7,7,3,5
hija,escuela,10.0,extra,7,20,3,0
hija,madero,6.0,extra,7,24,3,0
hija,madre,6.0,extra,7,10,3,0
hija,ciudad,5.0,extra,7,12,3,2
hija,familia,5.0,extra,7,15,3,3
hija,hijo,5.0,extra,7,0,3,1
hija,dafne,4.0,extra,7,12,3,0
hija,doenitz,4.0,extra,7,24,3,1
hija,llegar,4.0,extra,7,23,3,0
hija,muerte,4.0,extra,7,24,3,0
mama,querer,6.0,intra_cluster,7,7,3,1
mama,justicia,5.0,intra_cluster,7,7,3,1
mama,pasar,4.0,intra_cluster,7,7,3,7
mama,morir,3.0,intra_cluster,7,7,3,2
mama,curso,3.0,intra_cluster,7,7,3,5
mama,alguien,3.0,intra_cluster,7,7,3,6
mama,golpe,3.0,intra_cluster,7,7,3,3
mama,meter,3.0,intra_cluster,7,7,3,5
mama,mal,3.0,intra_cluster,7,7,3,2
mama,dafne,4.0,extra,7,12,3,0
mama,prevencion,4.0,extra,7,16,3,1
institucion,fiscalia,9.0,intra_sub,7,7,0,0
institucion,campamento,8.0,intra_cluster,7,7,0,5
institucion,justicia,7.0,intra_cluster,7,7,0,1
institucion,caer,5.0,intra_cluster,7,7,0,6
institucion,edad,5.0,intra_sub,7,7,0,0
institucion,fisico,4.0,intra_cluster,7,7,0,2
institucion,curso,4.0,intra_cluster,7,7,0,5
institucion,ojala,4.0,intra_cluster,7,7,0,4
institucion,resultar,3.0,intra_cluster,7,7,0,4
institucion,morir,3.0,intra_cluster,7,7,0,2
institucion,tratar,3.0,intra_cluster,7,7,0,7
institucion,responsable,3.0,intra_cluster,7,7,0,6
institucion,menor,4.0,extra,7,10,0,1
institucion,madre,4.0,extra,7,10,0,0
justicia,pasar,10.0,intra_cluster,7,7,1,7
justicia,querer,10.0,intra_sub,7,7,1,1
justicia,fiscalia,9.0,intra_cluster,7,7,1,0
justicia,mal,9.0,intra_cluster,7,7,1,2
justicia,pagar,7.0,intra_sub,7,7,1,1
justicia,campamento,6.0,intra_cluster,7,7,1,5
justicia,suceder,5.0,intra_cluster,7,7,1,4
justicia,edad,4.0,intra_cluster,7,7,1,0
justicia,responsable,4.0,intra_cluster,7,7,1,6
justicia,fisico,4.0,intra_cluster,7,7,1,2
justicia,morir,4.0,intra_cluster,7,7,1,2
justicia,curso,3.0,intra_cluster,7,7,1,5
justicia,meter,3.0,intra_cluster,7,7,1,5
justicia,ojala,3.0,intra_cluster,7,7,1,4
justicia,tratar,3.0,intra_cluster,7,7,1,7
justicia,dafne,13.0,extra,7,12,1,0
justicia,caso,8.0,extra,7,15,1,-1
justicia,familia,8.0,extra,7,15,1,3
justicia,ciudad,7.0,extra,7,12,1,2
justicia,mante,7.0,extra,7,12,1,2
justicia,madero,6.0,extra,7,24,1,0
justicia,pais,6.0,extra,7,0,1,4
justicia,muerte,6.0,extra,7,24,1,0
justicia,ano,6.0,extra,7,11,1,4
justicia,investigar,6.0,extra,7,0,1,1
justicia,exigir,5.0,extra,7,10,1,4
justicia,academia,5.0,extra,7,24,1,2
justicia,general,5.0,extra,7,14,1,0
justicia,madre,5.0,extra,7,10,1,0
justicia,nina,5.0,extra,7,0,1,-1
justicia,militarizada,4.0,extra,7,24,1,1
justicia,menor,4.0,extra,7,10,1,1
justicia,deber,4.0,extra,7,13,1,1
pasar,fiscalia,9.0,intra_cluster,7,7,7,0
pasar,querer,8.0,intra_cluster,7,7,7,1
pasar,mal,6.0,intra_cluster,7,7,7,2
pasar,culpable,5.0,intra_sub,7,7,7,7
pasar,campamento,5.0,intra_cluster,7,7,7,5
pasar,edad,4.0,intra_cluster,7,7,7,0
pasar,tratar,4.0,intra_cluster,7,7,7,7
pasar,responsable,4.0,intra_cluster,7,7,7,6
pasar,caer,3.0,intra_cluster,7,7,7,6
pasar,pagar,3.0,intra_cluster,7,7,7,1
pasar,curso,3.0,intra_cluster,7,7,7,5
pasar,morir,3.0,intra_cluster,7,7,7,2
pasar,hijo,8.0,extra,7,0,7,1
pasar,familia,6.0,extra,7,15,7,3
pasar,nino,5.0,extra,7,0,7,-1
pasar,academia,4.0,extra,7,24,7,2
pasar,cosa,4.0,extra,7,0,7,1
pasar,dafne,4.0,extra,7,12,7,0
querer,mal,4.0,intra_cluster,7,7,1,2
querer,campamento,4.0,intra_cluster,7,7,1,5
querer,curso,3.0,intra_cluster,7,7,1,5
querer,culpa,3.0,intra_cluster,7,7,1,2
querer,golpe,3.0,intra_cluster,7,7,1,3
querer,deber,6.0,extra,7,13,1,1
querer,nina,5.0,extra,7,0,1,-1
fiscalia,edad,7.0,intra_sub,7,7,0,0
fiscalia,mal,4.0,intra_cluster,7,7,0,2
fiscalia,campamento,4.0,intra_cluster,7,7,0,5
fiscalia,curso,3.0,intra_cluster,7,7,0,5
fiscalia,general,10.0,extra,7,14,0,0
fiscalia,investigar,5.0,extra,7,0,0,1
fiscalia,muerte,5.0,extra,7,24,0,0
fiscalia,republica,4.0,extra,7,6,0,0
fiscalia,responsabilidad,4.0,extra,7,25,0,0
fiscalia,ocurrir,4.0,extra,7,15,0,1
fiscalia,afirmar,4.0,extra,7,1,0,2
fiscalia,dafne,4.0,extra,7,12,0,0
mal,culpa,5.0,intra_sub,7,7,2,2
mal,caer,4.0,intra_cluster,7,7,2,6
mal,morir,4.0,intra_cluster,7,7,2,2
mal,meter,4.0,intra_cluster,7,7,2,5
mal,ojala,4.0,intra_cluster,7,7,2,4
mal,entender,5.0,extra,7,11,2,0
mal,ano,4.0,extra,7,11,2,4
mal,nino,4.0,extra,7,0,2,-1
campamento,curso,7.0,intra_sub,7,7,5,5
campamento,suceder,4.0,intra_cluster,7,7,5,4
campamento,fisico,3.0,intra_cluster,7,7,5,2
campamento,resultar,3.0,intra_cluster,7,7,5,4
campamento,alguien,3.0,intra_cluster,7,7,5,6
campamento,responsable,3.0,intra_cluster,7,7,5,6
campamento,meter,3.0,intra_cluster,7,7,5,5
campamento,verano,6.0,extra,7,20,5,1
campamento,ano,6.0,extra,7,11,5,4
campamento,militar,6.0,extra,7,10,5,0
campamento,fuerza,6.0,extra,7,20,5,2
campamento,nino,5.0,extra,7,0,5,-1
campamento,ciudad,4.0,extra,7,12,5,2
edad,morir,4.0,intra_cluster,7,7,0,2
edad,culpa,4.0,intra_cluster,7,7,0,2
edad,caer,3.0,intra_cluster,7,7,0,6
edad,curso,3.0,intra_cluster,7,7,0,5
edad,madre,6.0,extra,7,10,0,0
edad,menor,5.0,extra,7,10,0,1
edad,caso,4.0,extra,7,15,0,-1
edad,dafne,4.0,extra,7,12,0,0
edad,muerte,4.0,extra,7,24,0,0
edad,empezar,4.0,extra,7,0,0,4
curso,pagar,5.0,intra_cluster,7,7,5,1
curso,meter,5.0,intra_sub,7,7,5,5
curso,morir,3.0,intra_cluster,7,7,5,2
curso,resultar,3.0,intra_cluster,7,7,5,4
curso,casa,7.0,extra,7,25,5,0
curso,verano,6.0,extra,7,20,5,1
curso,hijo,5.0,extra,7,0,5,1
curso,dafne,4.0,extra,7,12,5,0
curso,escuela,4.0,extra,7,20,5,0
pagar,hijo,4.0,extra,7,0,1,1
morir,caer,3.0,intra_cluster,7,7,2,6
morir,ojala,3.0,intra_cluster,7,7,2,4
morir,dafne,9.0,extra,7,12,2,0
morir,ciudad,5.0,extra,7,12,2,2
morir,muerte,5.0,extra,7,24,2,0
morir,madero,4.0,extra,7,24,2,0
morir,caso,4.0,extra,7,15,2,-1
morir,militarizado,4.0,extra,7,12,2,0
caer,responsable,3.0,intra_cluster,7,7,6,6
caer,dafne,4.0,extra,7,12,6,0
meter,muerte,4.0,extra,7,24,5,0
meter,hijo,4.0,extra,7,0,5,1
suceder,mano,3.0,intra_cluster,7,7,4,4
suceder,ojala,3.0,intra_cluster,7,7,4,4
culpa,madre,4.0,extra,7,10,2,0
responsable,muerte,4.0,extra,7,24,6,0
ojala,mano,4.0,intra_cluster,7,7,4,4
ojala,golpe,3.0,intra_cluster,7,7,4,3
ojala,casa,4.0,extra,7,25,4,0
nina,nino,25.0,intra_cluster,0,0,-1,-1
nina,hijo,9.0,intra_cluster,0,0,-1,1
nina,muerto,7.0,intra_cluster,0,0,-1,3
nina,investigar,5.0,intra_cluster,0,0,-1,1
nina,mujer,4.0,intra_cluster,0,0,-1,2
nina,cosa,3.0,intra_cluster,0,0,-1,1
nina,escuela,6.0,extra,0,20,-1,0
nina,ano,5.0,extra,0,11,-1,4
nina,caso,5.0,extra,0,15,-1,-1
nina,madre,5.0,extra,0,10,-1,0
nina,familia,4.0,extra,0,15,-1,3
nina,joven,4.0,extra,0,15,-1,0
nino,hijo,12.0,intra_cluster,0,0,-1,1
nino,investigar,6.0,intra_cluster,0,0,-1,1
nino,cosa,6.0,intra_cluster,0,0,-1,1
nino,empezar,6.0,intra_cluster,0,0,-1,4
nino,muerto,5.0,intra_cluster,0,0,-1,3
nino,cualquiera,4.0,intra_cluster,0,0,-1,3
nino,mujer,3.0,intra_cluster,0,0,-1,2
nino,cabo,3.0,intra_cluster,0,0,-1,3
nino,ano,5.0,extra,0,11,-1,4
nino,menor,5.0,extra,0,10,-1,1
nino,verano,4.0,extra,0,20,-1,1
nino,militar,4.0,extra,0,10,-1,0
nino,familia,4.0,extra,0,15,-1,3
hijo,investigar,9.0,intra_sub,0,0,1,1
hijo,cosa,7.0,intra_sub,0,0,1,1
hijo,muerto,4.0,intra_cluster,0,0,1,3
hijo,camara,4.0,intra_cluster,0,0,1,2
hijo,pais,4.0,intra_cluster,0,0,1,4
hijo,escuela,6.0,extra,0,20,1,0
hijo,deber,5.0,extra,0,13,1,1
investigar,cosa,7.0,intra_sub,0,0,1,1
investigar,muerto,5.0,intra_cluster,0,0,1,3
investigar,pais,4.0,intra_cluster,0,0,1,4
investigar,cualquiera,3.0,intra_cluster,0,0,1,3
investigar,escuela,9.0,extra,0,20,1,0
investigar,ruffo,5.0,extra,0,6,1,0
investigar,deber,5.0,extra,0,13,1,1
investigar,empresa,4.0,extra,0,6,1,1
muerto,cualquiera,4.0,intra_cluster,0,0,3,3
muerto,empezar,4.0,intra_cluster,0,0,3,4
muerto,cabo,3.0,intra_cluster,0,0,3,3
muerto,cosa,3.0,intra_cluster,0,0,3,1
muerto,pais,3.0,intra_cluster,0,0,3,4
muerto,escuela,4.0,extra,0,20,3,0
muerto,deber,4.0,extra,0,13,3,1
cosa,pais,4.0,intra_cluster,0,0,1,4
cosa,empezar,3.0,intra_cluster,0,0,1,4
empezar,pais,3.0,intra_cluster,0,0,4,4
pais,derecho,4.0,intra_cluster,0,0,4,2
pais,camara,3.0,intra_cluster,0,0,4,2
pais,control,3.0,intra_cluster,0,0,4,4
pais,millon,6.0,extra,0,14,4,1
pais,exposicion,5.0,extra,0,23,4,1
pais,recibir,4.0,extra,0,12,4,3
derecho,cumplir,3.0,intra_cluster,0,0,2,2
camara,mujer,3.0,intra_cluster,0,0,2,2
camara,proyecto,4.0,extra,0,14,2,1
camara,pedir,4.0,extra,0,12,2,3
camara,industria,4.0,extra,0,6,2,1
camara,contar,4.0,extra,0,1,2,2
mujer,hombre,5.0,extra,0,13,2,2
mujer,menor,4.0,extra,0,10,2,1
deber,ley,10.0,intra_sub,13,13,1,1
deber,pendiente,8.0,intra_sub,13,13,1,1
deber,agua,6.0,intra_cluster,13,13,1,3
deber,gobierno,5.0,intra_cluster,13,13,1,0
deber,obra,4.0,intra_cluster,13,13,1,1
deber,hombre,4.0,intra_cluster,13,13,1,2
deber,ejercito,3.0,intra_cluster,13,13,1,2
deber,escuela,7.0,extra,13,20,1,0
deber,menor,5.0,extra,13,10,1,1
deber,director,4.0,extra,13,24,1,2
ley,pendiente,5.0,intra_sub,13,13,1,1
ley,agua,4.0,intra_cluster,13,13,1,3
ley,evitar,3.0,intra_cluster,13,13,1,2
ley,gobierno,3.0,intra_cluster,13,13,1,0
ley,escuchar,3.0,intra_cluster,13,13,1,0
agua,pescador,9.0,intra_sub,13,13,3,3
agua,gobierno,7.0,intra_cluster,13,13,3,0
agua,pendiente,7.0,intra_cluster,13,13,3,1
agua,utilizar,7.0,intra_sub,13,13,3,3
agua,hombre,6.0,intra_cluster,13,13,3,2
agua,obra,5.0,intra_cluster,13,13,3,1
agua,frente,5.0,intra_cluster,13,13,3,2
agua,tarde,3.0,intra_cluster,13,13,3,2
agua,escuchar,3.0,intra_cluster,13,13,3,0
agua,evitar,3.0,intra_cluster,13,13,3,2
agua,proyecto,6.0,extra,13,14,3,1
agua,jardin,4.0,extra,13,23,3,4
pescador,hombre,4.0,intra_cluster,13,13,3,2
pescador,rio,4.0,extra,13,5,3,1
pendiente,obra,6.0,intra_sub,13,13,1,1
pendiente,informar,3.0,intra_cluster,13,13,1,3
pendiente,proyecto,5.0,extra,13,14,1,1
escuchar,gobierno,8.0,intra_sub,13,13,0,0
escuchar,cercano,3.0,intra_cluster,13,13,0,0
escuchar,apoyar,3.0,intra_cluster,13,13,0,0
gobierno,obra,7.0,intra_cluster,13,13,0,1
gobierno,tarde,5.0,intra_cluster,13,13,0,2
gobierno,frente,4.0,intra_cluster,13,13,0,2
gobierno,responder,4.0,intra_cluster,13,13,0,0
gobierno,jorge,3.0,intra_cluster,13,13,0,0
gobierno,cercano,3.0,intra_cluster,13,13,0,0
gobierno,utilizar,3.0,intra_cluster,13,13,0,3
gobierno,municipal,8.0,extra,13,5,0,0
gobierno,septiembre,6.0,extra,13,24,0,0
gobierno,presidenta,5.0,extra,13,20,0,1
gobierno,villarreal,5.0,extra,13,16,0,0
gobierno,fortalecer,5.0,extra,13,16,0,0
gobierno,ciudad,5.0,extra,13,12,0,2
gobierno,millon,5.0,extra,13,14,0,1
gobierno,monica,4.0,extra,13,16,0,0
gobierno,madero,4.0,extra,13,24,0,0
gobierno,director,4.0,extra,13,24,0,2
gobierno,solicitar,4.0,extra,13,6,0,3
obra,recurso,5.0,extra,13,9,1,3
obra,proyecto,7.0,extra,13,14,1,1
obra,millon,5.0,extra,13,14,1,1
obra,infraestructura,4.0,extra,13,14,1,4
obra,formar,4.0,extra,13,5,1,0
utilizar,presidenta,4.0,extra,13,20,3,1
hombre,tarde,4.0,intra_cluster,13,13,2,2
hombre,frente,4.0,intra_cluster,13,13,2,2
hombre,ejercito,3.0,intra_cluster,13,13,2,2
hombre,mar,5.0,extra,13,15,2,3
tarde,evitar,4.0,intra_cluster,13,13,2,2
tarde,frente,3.0,intra_cluster,13,13,2,2
tarde,delito,5.0,extra,13,15,2,1
tarde,zona,4.0,extra,13,8,2,2
tarde,maximo,4.0,extra,13,8,2,0
frente,ejercito,3.0,intra_cluster,13,13,2,2
responder,jorge,3.0,intra_cluster,13,13,0,0
jorge,apoyar,3.0,intra_cluster,13,13,0,0
jorge,dia,4.0,extra,13,23,0,0
cercano,grado,6.0,extra,13,8,0,0
cercano,maximo,5.0,extra,13,8,0,0
maximo,temperatura,18.0,intra_sub,8,8,0,0
maximo,grado,12.0,intra_sub,8,8,0,0
maximo,ambiente,9.0,intra_sub,8,8,0,0
maximo,municipio,4.0,intra_cluster,8,8,0,2
maximo,zona,4.0,intra_cluster,8,8,0,2
maximo,laredo,8.0,extra,8,14,0,5
maximo,esperar,6.0,extra,8,14,0,2
maximo,general,5.0,extra,8,14,0,0
maximo,posibilidad,4.0,extra,8,11,0,4
maximo,centro,4.0,extra,8,14,0,0
temperatura,municipio,8.0,intra_cluster,8,8,0,2
temperatura,ambiente,7.0,intra_sub,8,8,0,0
temperatura,zona,7.0,intra_cluster,8,8,0,2
temperatura,grado,7.0,intra_sub,8,8,0,0
temperatura,esperar,9.0,extra,8,14,0,2
temperatura,posibilidad,5.0,extra,8,11,0,4
temperatura,laredo,5.0,extra,8,14,0,5
temperatura,frontera,4.0,extra,8,14,0,3
temperatura,region,4.0,extra,8,14,0,0
municipio,zona,12.0,intra_sub,8,8,2,2
municipio,ayuntamiento,4.0,intra_cluster,8,8,2,2
municipio,grado,3.0,intra_cluster,8,8,2,0
municipio,ciudad,4.0,extra,8,12,2,2
zona,falta,4.0,intra_cluster,8,8,2,1
zona,peligroso,4.0,intra_cluster,8,8,2,2
zona,apoyo,4.0,intra_cluster,8,8,2,1
zona,ambiente,4.0,intra_cluster,8,8,2,0
zona,centro,5.0,extra,8,14,2,0
zona,academia,4.0,extra,8,24,2,2
ambiente,posibilidad,4.0,extra,8,11,0,4
ambiente,centro,4.0,extra,8,14,0,0
politico,proceso,5.0,intra_sub,8,8,1,1
politico,falta,4.0,intra_cluster,8,8,1,1
politico,atencion,3.0,intra_cluster,8,8,1,1
politico,ano,4.0,extra,8,11,1,4
apoyo,atencion,5.0,intra_sub,8,8,1,1
apoyo,falta,3.0,intra_cluster,8,8,1,1
atencion,falta,5.0,intra_sub,8,8,1,1
atencion,ayuntamiento,3.0,intra_cluster,8,8,1,2
atencion,medico,5.0,extra,8,10,1,2
falta,familia,4.0,extra,8,15,1,3
ano,economico,10.0,intra_cluster,11,11,4,3
ano,importante,9.0,intra_cluster,11,11,4,3
ano,oportunidad,8.0,intra_cluster,11,11,4,3
ano,pequeno,8.0,intra_cluster,11,11,4,0
ano,explicar,8.0,intra_cluster,11,11,4,2
ano,entender,7.0,intra_cluster,11,11,4,0
ano,aprovechar,6.0,intra_cluster,11,11,4,1
ano,escenario,5.0,intra_cluster,11,11,4,2
ano,posibilidad,5.0,intra_sub,11,11,4,4
ano,ayudar,5.0,intra_cluster,11,11,4,5
ano,alla,5.0,intra_cluster,11,11,4,1
ano,consecuencia,5.0,intra_cluster,11,11,4,0
ano,observar,4.0,intra_cluster,11,11,4,1
ano,comercio,4.0,intra_cluster,11,11,4,2
ano,mexicano,4.0,intra_cluster,11,11,4,0
ano,enfrentar,4.0,intra_cluster,11,11,4,0
ano,marcado,4.0,intra_cluster,11,11,4,4
ano,representar,3.0,intra_cluster,11,11,4,3
ano,mundial,3.0,intra_cluster,11,11,4,1
ano,directivo,3.0,intra_cluster,11,11,4,5
ano,milenio,3.0,intra_cluster,11,11,4,2
ano,exito,5.0,extra,11,21,4,0
ano,agosto,14.0,extra,11,1,4,0
ano,ciudad,10.0,extra,11,12,4,2
ano,ninos,9.0,extra,11,20,4,1
ano,madero,7.0,extra,11,24,4,0
ano,menor,6.0,extra,11,10,4,1
ano,verano,5.0,extra,11,20,4,1
ano,escuela,5.0,extra,11,20,4,0
ano,casa,5.0,extra,11,25,4,0
ano,dafne,5.0,extra,11,12,4,0
ano,academia,5.0,extra,11,24,4,2
ano,proyecto,4.0,extra,11,14,4,1
ano,recibir,4.0,extra,11,12,4,3
ano,evento,4.0,extra,11,12,4,1
ano,ocurrir,4.0,extra,11,15,4,1
ano,familia,4.0,extra,11,15,4,3
ano,generar,4.0,extra,11,14,4,4
ano,caso,4.0,extra,11,15,4,-1
ano,exigir,4.0,extra,11,10,4,4
ano,militarizado,4.0,extra,11,12,4,0
economico,importante,7.0,intra_sub,11,11,3,3
economico,oportunidad,5.0,intra_sub,11,11,3,3
economico,representar,3.0,intra_cluster,11,11,3,3
economico,desarrollo,5.0,extra,11,5,3,0
importante,oportunidad,6.0,intra_sub,11,11,3,3
importante,impulsar,4.0,intra_cluster,11,11,3,2
importante,pequeno,4.0,intra_cluster,11,11,3,0
importante,representar,3.0,intra_cluster,11,11,3,3
mundial,observar,9.0,intra_sub,11,11,1,1
mundial,representar,3.0,intra_cluster,11,11,1,3
mundial,aprovechar,3.0,intra_cluster,11,11,1,1
mundial,region,5.0,extra,11,14,1,0
oportunidad,impulsar,4.0,intra_cluster,11,11,3,2
oportunidad,comercio,3.0,intra_cluster,11,11,3,2
oportunidad,ofrecer,3.0,intra_cluster,11,11,3,1
oportunidad,abrir,3.0,intra_cluster,11,11,3,-1
pequeno,enfrentar,5.0,intra_sub,11,11,0,0
pequeno,mexicano,5.0,intra_sub,11,11,0,0
pequeno,consecuencia,4.0,intra_cluster,11,11,0,0
pequeno,entender,4.0,intra_cluster,11,11,0,0
pequeno,explicar,3.0,intra_cluster,11,11,0,2
pequeno,alla,3.0,intra_cluster,11,11,0,1
pequeno,empresa,4.0,extra,11,6,0,1
explicar,directivo,3.0,intra_cluster,11,11,2,5
explicar,impulsar,3.0,intra_cluster,11,11,2,2
escenario,impulsar,7.0,intra_sub,11,11,2,2
escenario,comercio,3.0,intra_cluster,11,11,2,2
escenario,ofrecer,3.0,intra_cluster,11,11,2,1
impulsar,avance,3.0,intra_cluster,11,11,2,2
impulsar,desarrollo,4.0,extra,11,5,2,0
entender,enfrentar,3.0,intra_cluster,11,11,0,0
posibilidad,esperar,4.0,extra,11,14,4,2
enfrentar,mexicano,4.0,intra_cluster,11,11,0,0
mexicano,internacional,3.0,intra_cluster,11,11,0,-1
alla,salud,4.0,extra,11,10,1,2
consecuencia,abrir,3.0,intra_cluster,11,11,0,-1
ofrecer,metro,4.0,extra,11,20,1,-1
abrir,internacional,3.0,intra_cluster,11,11,-1,-1
internacional,exposicion,7.0,extra,11,23,-1,1
internacional,bodies,5.0,extra,11,23,-1,1
internacional,gratuito,4.0,extra,11,23,-1,-1
baja,california,17.0,intra_sub,6,6,0,0
baja,ruffo,12.0,intra_sub,6,6,0,0
baja,ernesto,8.0,intra_sub,6,6,0,0
baja,exgobernador,7.0,intra_sub,6,6,0,0
baja,ensenada,6.0,intra_sub,6,6,0,0
baja,appel,5.0,intra_sub,6,6,0,0
baja,republica,4.0,intra_cluster,6,6,0,0
baja,delito,6.0,extra,6,15,0,1
baja,presunto,4.0,extra,6,10,0,3
california,ruffo,11.0,intra_sub,6,6,0,0
california,exgobernador,8.0,intra_sub,6,6,0,0
california,appel,6.0,intra_sub,6,6,0,0
california,ernesto,5.0,intra_sub,6,6,0,0
california,ensenada,5.0,intra_sub,6,6,0,0
california,empresa,4.0,intra_cluster,6,6,0,1
california,republica,3.0,intra_cluster,6,6,0,0
california,huachicol,3.0,intra_cluster,6,6,0,2
california,delito,6.0,extra,6,15,0,1
california,presunto,4.0,extra,6,10,0,3
appel,ruffo,13.0,intra_sub,6,6,0,0
appel,ernesto,7.0,intra_sub,6,6,0,0
appel,relacionado,4.0,intra_cluster,6,6,0,2
appel,grande,3.0,intra_cluster,6,6,0,1
appel,empresa,3.0,intra_cluster,6,6,0,1
appel,fiscal,3.0,intra_cluster,6,6,0,2
appel,exgobernador,3.0,intra_cluster,6,6,0,0
appel,delito,4.0,extra,6,15,0,1
ruffo,ernesto,12.0,intra_sub,6,6,0,0
ruffo,empresa,7.0,intra_cluster,6,6,0,1
ruffo,exgobernador,7.0,intra_sub,6,6,0,0
ruffo,ensenada,5.0,intra_sub,6,6,0,0
ruffo,relacionado,4.0,intra_cluster,6,6,0,2
ruffo,huachicol,4.0,intra_cluster,6,6,0,2
ruffo,combustible,3.0,intra_cluster,6,6,0,1
ruffo,fiscal,3.0,intra_cluster,6,6,0,2
ruffo,delito,7.0,extra,6,15,0,1
ruffo,presunto,5.0,extra,6,10,0,3
ruffo,contar,5.0,extra,6,1,0,2
ernesto,exgobernador,8.0,intra_sub,6,6,0,0
ernesto,empresa,5.0,intra_cluster,6,6,0,1
ernesto,alto,3.0,intra_cluster,6,6,0,1
ernesto,combustible,3.0,intra_cluster,6,6,0,1
ernesto,delito,7.0,extra,6,15,0,1
ernesto,contar,4.0,extra,6,1,0,2
combustible,empresa,10.0,intra_sub,6,6,1,1
combustible,grande,4.0,intra_cluster,6,6,1,1
combustible,relacionado,3.0,intra_cluster,6,6,1,2
combustible,operacion,3.0,intra_cluster,6,6,1,1
empresa,operacion,10.0,intra_sub,6,6,1,1
empresa,grande,7.0,intra_sub,6,6,1,1
empresa,red,6.0,intra_sub,6,6,1,1
empresa,huachicol,6.0,intra_cluster,6,6,1,2
empresa,industria,4.0,intra_cluster,6,6,1,1
empresa,firma,4.0,intra_cluster,6,6,1,2
empresa,relacionado,4.0,intra_cluster,6,6,1,2
empresa,ensenada,4.0,intra_cluster,6,6,1,0
empresa,titular,3.0,intra_cluster,6,6,1,3
empresa,fiscal,3.0,intra_cluster,6,6,1,2
empresa,desarrollar,4.0,extra,6,5,1,0
empresa,millon,4.0,extra,6,14,1,1
operacion,solicitar,5.0,intra_cluster,6,6,1,3
operacion,alto,3.0,intra_cluster,6,6,1,1
operacion,titular,3.0,intra_cluster,6,6,1,3
operacion,relacionado,3.0,intra_cluster,6,6,1,2
operacion,grande,3.0,intra_cluster,6,6,1,1
operacion,delito,4.0,extra,6,15,1,1
exgobernador,republica,4.0,intra_cluster,6,6,0,0
exgobernador,presunto,4.0,extra,6,10,0,3
exgobernador,delito,4.0,extra,6,15,0,1
fiscal,huachicol,8.0,intra_sub,6,6,2,2
fiscal,relacionado,3.0,intra_cluster,6,6,2,2
huachicol,relacionado,4.0,intra_cluster,6,6,2,2
huachicol,firma,3.0,intra_cluster,6,6,2,2
huachicol,caso,5.0,extra,6,15,2,-1
huachicol,millon,4.0,extra,6,14,2,1
grande,alto,5.0,intra_sub,6,6,1,1
grande,relacionado,3.0,intra_cluster,6,6,1,2
grande,limpieza,4.0,extra,6,5,1,0
red,comenzar,5.0,intra_sub,6,6,1,1
red,social,10.0,extra,6,1,1,2
alto,industria,4.0,intra_cluster,6,6,1,1
alto,relacionado,4.0,intra_cluster,6,6,1,2
alto,delito,4.0,extra,6,15,1,1
aprehension,orden,5.0,intra_sub,6,6,3,3
solicitar,titular,3.0,intra_cluster,6,6,3,3
republica,general,4.0,extra,6,14,0,0
relacionado,firma,3.0,intra_cluster,6,6,2,2
relacionado,presunto,4.0,extra,6,10,2,3
millon,proyecto,13.0,intra_sub,14,14,1,1
millon,construir,6.0,intra_sub,14,14,1,1
millon,federal,5.0,intra_cluster,14,14,1,3
millon,sumar,4.0,intra_cluster,14,14,1,5
millon,terminar,4.0,intra_cluster,14,14,1,2
millon,coahuila,4.0,intra_cluster,14,14,1,3
millon,frontera,4.0,intra_cluster,14,14,1,3
millon,general,4.0,intra_cluster,14,14,1,0
millon,programa,4.0,extra,14,16,1,1
millon,municipal,4.0,extra,14,5,1,0
millon,desarrollo,4.0,extra,14,5,1,0
millon,ciudad,4.0,extra,14,12,1,2
millon,exposicion,4.0,extra,14,23,1,1
proyecto,construir,7.0,intra_sub,14,14,1,1
proyecto,infraestructura,5.0,intra_cluster,14,14,1,4
proyecto,generar,4.0,intra_cluster,14,14,1,4
proyecto,federal,4.0,intra_cluster,14,14,1,3
centro,comunidad,8.0,intra_sub,14,14,0,0
centro,general,7.0,intra_sub,14,14,0,0
centro,region,5.0,intra_sub,14,14,0,0
centro,construir,4.0,intra_cluster,14,14,0,1
centro,frontera,4.0,intra_cluster,14,14,0,3
centro,indicar,3.0,intra_cluster,14,14,0,2
centro,victoria,3.0,intra_cluster,14,14,0,0
centro,ciudad,5.0,extra,14,12,0,2
comunidad,region,4.0,intra_cluster,14,14,0,0
comunidad,esperar,3.0,intra_cluster,14,14,0,2
comunidad,confirmar,3.0,intra_cluster,14,14,0,5
construir,grupo,3.0,intra_cluster,14,14,1,4
construir,familia,4.0,extra,14,15,1,3
general,indicar,4.0,intra_cluster,14,14,0,2
general,federal,4.0,intra_cluster,14,14,0,3
general,victoria,3.0,intra_cluster,14,14,0,0
general,unidos,3.0,intra_cluster,14,14,0,3
infraestructura,grupo,3.0,intra_cluster,14,14,4,4
federal,medio,3.0,intra_cluster,14,14,3,4
federal,encargado,3.0,intra_cluster,14,14,3,2
federal,coahuila,3.0,intra_cluster,14,14,3,3
federal,unidos,3.0,intra_cluster,14,14,3,3
federal,programa,4.0,extra,14,16,3,1
esperar,laredo,5.0,intra_cluster,14,14,2,5
esperar,terminar,5.0,intra_sub,14,14,2,2
esperar,region,3.0,intra_cluster,14,14,2,0
esperar,frontera,3.0,intra_cluster,14,14,2,3
esperar,escuela,4.0,extra,14,20,2,0
laredo,confirmar,5.0,intra_sub,14,14,5,5
laredo,sumar,4.0,intra_cluster,14,14,5,5
laredo,frontera,3.0,intra_cluster,14,14,5,3
laredo,carmen,7.0,extra,14,5,5,1
laredo,septiembre,4.0,extra,14,24,5,0
region,generar,4.0,intra_cluster,14,14,0,4
confirmar,carmen,4.0,extra,14,5,5,1
terminar,medio,4.0,intra_cluster,14,14,2,4
terminar,indicar,4.0,intra_cluster,14,14,2,2
terminar,encargado,3.0,intra_cluster,14,14,2,2
terminar,joven,4.0,extra,14,15,2,0
terminar,quedar,4.0,extra,14,25,2,3
generar,medio,3.0,intra_cluster,14,14,4,4
generar,ciudad,5.0,extra,14,12,4,2
generar,dafne,5.0,extra,14,12,4,0
coahuila,frontera,3.0,intra_cluster,14,14,3,3
encargado,presentar,4.0,extra,14,10,2,-1
victoria,ciudad,4.0,extra,14,12,0,2
columna,noticias,10.0,intra_sub,25,25,1,1
columna,cartones,10.0,intra_sub,25,25,1,1
columna,libertad,8.0,intra_cluster,25,25,1,0
columna,loultimo,5.0,intra_sub,25,25,1,1
columna,newsletter,5.0,intra_sub,25,25,1,1
columna,casa,4.0,intra_cluster,25,25,1,0
columna,respetar,4.0,intra_cluster,25,25,1,0
noticias,cartones,5.0,intra_sub,25,25,1,1
noticias,loultimo,5.0,intra_sub,25,25,1,1
noticias,respetar,4.0,intra_cluster,25,25,1,0
noticias,libertad,4.0,intra_cluster,25,25,1,0
cartones,loultimo,5.0,intra_sub,25,25,1,1
cartones,newsletter,5.0,intra_sub,25,25,1,1
cartones,quedar,5.0,intra_cluster,25,25,1,3
casa,responsabilidad,10.0,intra_sub,25,25,0,0
casa,articulo,8.0,intra_sub,25,25,0,0
casa,quedar,7.0,intra_cluster,25,25,0,3
casa,salir,5.0,intra_sub,25,25,0,0
casa,libertad,5.0,intra_sub,25,25,0,0
casa,emitir,4.0,intra_cluster,25,25,0,0
casa,respetar,4.0,intra_cluster,25,25,0,0
casa,mandar,4.0,intra_cluster,25,25,0,2
casa,proteccion,3.0,intra_cluster,25,25,0,3
casa,fuerte,3.0,intra_cluster,25,25,0,3
casa,familia,4.0,extra,25,15,0,3
responsabilidad,respetar,6.0,intra_sub,25,25,0,0
responsabilidad,mandar,5.0,intra_cluster,25,25,0,2
responsabilidad,articulo,4.0,intra_cluster,25,25,0,0
responsabilidad,emitir,4.0,intra_cluster,25,25,0,0
responsabilidad,quedar,4.0,intra_cluster,25,25,0,3
responsabilidad,salir,4.0,intra_cluster,25,25,0,0
mandar,quedar,9.0,intra_cluster,25,25,2,3
mandar,newsletter,5.0,intra_cluster,25,25,2,1
mandar,conversacion,5.0,intra_sub,25,25,2,2
mandar,correo,5.0,intra_sub,25,25,2,2
mandar,resumen,5.0,intra_sub,25,25,2,2
mandar,informativo,5.0,intra_sub,25,25,2,2
quedar,proteccion,7.0,intra_sub,25,25,3,3
quedar,correo,7.0,intra_cluster,25,25,3,2
quedar,fuerte,6.0,intra_sub,25,25,3,3
quedar,loultimo,5.0,intra_cluster,25,25,3,1
quedar,newsletter,5.0,intra_cluster,25,25,3,1
quedar,conversacion,5.0,intra_cluster,25,25,3,2
quedar,salir,3.0,intra_cluster,25,25,3,0
articulo,emitir,4.0,intra_cluster,25,25,0,0
libertad,emitir,4.0,intra_cluster,25,25,0,0
libertad,respetar,4.0,intra_cluster,25,25,0,0
proteccion,impactar,4.0,intra_cluster,25,25,3,3
proteccion,fuerte,3.0,intra_cluster,25,25,3,3
proteccion,abril,3.0,intra_cluster,25,25,3,3
proteccion,seguridad,6.0,extra,25,24,3,1
proteccion,menor,4.0,extra,25,10,3,1
correo,conversacion,5.0,intra_sub,25,25,2,2
correo,resumen,5.0,intra_sub,25,25,2,2
correo,informativo,5.0,intra_sub,25,25,2,2
respetar,emitir,4.0,intra_cluster,25,25,0,0
loultimo,newsletter,5.0,intra_sub,25,25,1,1
loultimo,conversacion,5.0,intra_cluster,25,25,1,2
newsletter,conversacion,5.0,intra_cluster,25,25,1,2
conversacion,resumen,5.0,intra_sub,25,25,2,2
resumen,informativo,5.0,intra_sub,25,25,2,2
salir,sufrir,4.0,extra,25,10,0,-1
abril,madero,5.0,extra,25,24,3,0
abril,ciudad,4.0,extra,25,12,3,2
historia,vivir,9.0,intra_sub,1,1,1,1
historia,experiencia,8.0,intra_sub,1,1,1,1
historia,contar,5.0,intra_cluster,1,1,1,2
historia,social,4.0,intra_cluster,1,1,1,2
historia,jaiba,4.0,intra_cluster,1,1,1,3
historia,unico,3.0,intra_cluster,1,1,1,3
historia,ciudad,5.0,extra,1,12,1,2
historia,entrada,4.0,extra,1,23,1,-1
historia,gratuito,4.0,extra,1,23,1,-1
vivir,experiencia,9.0,intra_sub,1,1,1,1
vivir,contar,5.0,intra_cluster,1,1,1,2
vivir,social,4.0,intra_cluster,1,1,1,2
vivir,arte,3.0,intra_cluster,1,1,1,0
vivir,cultura,3.0,intra_cluster,1,1,1,0
vivir,unico,3.0,intra_cluster,1,1,1,3
vivir,familia,4.0,extra,1,15,1,3
experiencia,agosto,6.0,intra_cluster,1,1,1,0
experiencia,cultura,5.0,intra_cluster,1,1,1,0
experiencia,tampicotecuida,5.0,intra_cluster,1,1,1,0
experiencia,unico,4.0,intra_cluster,1,1,1,3
experiencia,jaiba,4.0,intra_cluster,1,1,1,3
experiencia,contar,3.0,intra_cluster,1,1,1,2
experiencia,arte,3.0,intra_cluster,1,1,1,0
experiencia,domingo,3.0,intra_cluster,1,1,1,3
experiencia,exposicion,9.0,extra,1,23,1,1
experiencia,ciudad,4.0,extra,1,12,1,2
experiencia,salud,4.0,extra,1,10,1,2
experiencia,familia,4.0,extra,1,15,1,3
experiencia,entrada,4.0,extra,1,23,1,-1
agosto,tampicotecuida,6.0,intra_sub,1,1,0,0
agosto,tampicovacontodo,5.0,intra_sub,1,1,0,0
agosto,domingo,3.0,intra_cluster,1,1,0,3
agosto,ninos,9.0,extra,1,20,0,1
agosto,verano,5.0,extra,1,20,0,1
tampicotecuida,tampicovacontodo,5.0,intra_sub,1,1,0,0
tampicotecuida,arte,3.0,intra_cluster,1,1,0,0
tampicotecuida,descubrir,4.0,extra,1,23,0,3
tampicotecuida,verano,4.0,extra,1,20,0,1
tampicotecuida,presidenta,4.0,extra,1,20,0,1
tampicotecuida,dia,4.0,extra,1,23,0,0
jaiba,unico,6.0,intra_sub,1,1,3,3
jaiba,domingo,4.0,intra_cluster,1,1,3,3
jaiba,gratuito,8.0,extra,1,23,3,-1
jaiba,entrada,6.0,extra,1,23,3,-1
jaiba,dia,5.0,extra,1,23,3,0
jaiba,metropolitano,4.0,extra,1,23,3,4
jaiba,exposicion,4.0,extra,1,23,3,1
unico,domingo,3.0,intra_cluster,1,1,3,3
unico,exposicion,6.0,extra,1,23,3,1
unico,entrada,4.0,extra,1,23,3,-1
contar,social,5.0,intra_sub,1,1,2,2
cultura,arte,4.0,intra_cluster,1,1,0,0
cultura,exposicion,4.0,extra,1,23,0,1
cultura,salud,4.0,extra,1,10,0,2
arte,tampicovacontodo,5.0,intra_sub,1,1,0,0
arte,cultural,5.0,extra,1,23,0,3
arte,exposicion,5.0,extra,1,23,0,1
arte,disfrutar,4.0,extra,1,23,0,4
tampicovacontodo,descubrir,4.0,extra,1,23,0,3
tampicovacontodo,verano,4.0,extra,1,20,0,1
social,privado,5.0,intra_sub,1,1,2,2
domingo,exposicion,5.0,extra,1,23,3,1
ciudad,dafne,34.0,intra_cluster,12,12,2,0
ciudad,mante,15.0,intra_sub,12,12,2,2
ciudad,fallecimiento,9.0,intra_cluster,12,12,2,-1
ciudad,militarizado,9.0,intra_cluster,12,12,2,0
ciudad,recibir,8.0,intra_cluster,12,12,2,3
ciudad,reunir,5.0,intra_cluster,12,12,2,1
ciudad,pedir,5.0,intra_cluster,12,12,2,3
ciudad,juan,4.0,intra_cluster,12,12,2,1
ciudad,originario,4.0,intra_cluster,12,12,2,2
ciudad,sosa,4.0,intra_cluster,12,12,2,1
ciudad,luis,3.0,intra_cluster,12,12,2,3
ciudad,localviernes,3.0,intra_cluster,12,12,2,0
ciudad,antonio,3.0,intra_cluster,12,12,2,1
ciudad,hernandez,3.0,intra_cluster,12,12,2,1
ciudad,madero,34.0,extra,12,24,2,0
ciudad,escuela,12.0,extra,12,20,2,0
ciudad,septiembre,12.0,extra,12,24,2,0
ciudad,academia,11.0,extra,12,24,2,2
ciudad,muerte,10.0,extra,12,24,2,0
ciudad,menor,9.0,extra,12,10,2,1
ciudad,dia,8.0,extra,12,23,2,0
ciudad,familia,8.0,extra,12,15,2,3
ciudad,doenitz,7.0,extra,12,24,2,1
ciudad,caso,7.0,extra,12,15,2,-1
ciudad,exigir,6.0,extra,12,10,2,4
ciudad,militarizada,6.0,extra,12,24,2,1
ciudad,presentar,6.0,extra,12,10,2,-1
ciudad,madre,6.0,extra,12,10,2,0
ciudad,desarrollo,5.0,extra,12,5,2,0
ciudad,joven,5.0,extra,12,15,2,0
ciudad,fortalecer,4.0,extra,12,16,2,0
ciudad,carmen,4.0,extra,12,5,2,1
ciudad,monica,4.0,extra,12,16,2,0
ciudad,villarreal,4.0,extra,12,16,2,0
ciudad,viernes,4.0,extra,12,5,2,3
ciudad,militar,4.0,extra,12,10,2,0
dafne,militarizado,25.0,intra_sub,12,12,0,0
dafne,mante,14.0,intra_cluster,12,12,0,2
dafne,fallecimiento,12.0,intra_cluster,12,12,0,-1
dafne,pedir,10.0,intra_cluster,12,12,0,3
dafne,luis,7.0,intra_cluster,12,12,0,3
dafne,recibir,7.0,intra_cluster,12,12,0,3
dafne,originario,4.0,intra_cluster,12,12,0,2
dafne,localviernes,4.0,intra_cluster,12,12,0,0
dafne,localdomingo,3.0,intra_cluster,12,12,0,3
dafne,muerte,18.0,extra,12,24,0,0
dafne,madero,14.0,extra,12,24,0,0
dafne,escuela,10.0,extra,12,20,0,0
dafne,menor,10.0,extra,12,10,0,1
dafne,caso,9.0,extra,12,15,0,-1
dafne,academia,8.0,extra,12,24,0,2
dafne,madre,8.0,extra,12,10,0,0
dafne,presentar,8.0,extra,12,10,0,-1
dafne,exigir,7.0,extra,12,10,0,4
dafne,militarizada,6.0,extra,12,24,0,1
dafne,doenitz,6.0,extra,12,24,0,1
dafne,presunto,5.0,extra,12,10,0,3
dafne,violencia,5.0,extra,12,10,0,-1
dafne,video,5.0,extra,12,10,0,3
dafne,salud,5.0,extra,12,10,0,2
dafne,disciplina,5.0,extra,12,20,0,0
dafne,verano,5.0,extra,12,20,0,1
dafne,familia,4.0,extra,12,15,0,3
dafne,alejandra,4.0,extra,12,10,0,0
dafne,acudir,4.0,extra,12,16,0,0
militarizado,fallecimiento,5.0,intra_cluster,12,12,0,-1
militarizado,mante,3.0,intra_cluster,12,12,0,2
militarizado,pedir,3.0,intra_cluster,12,12,0,3
militarizado,escuela,10.0,extra,12,20,0,0
militarizado,madero,8.0,extra,12,24,0,0
militarizado,academia,7.0,extra,12,24,0,2
militarizado,menor,5.0,extra,12,10,0,1
militarizado,muerte,4.0,extra,12,24,0,0
mante,luis,5.0,intra_cluster,12,12,2,3
mante,recibir,3.0,intra_cluster,12,12,2,3
mante,originario,3.0,intra_cluster,12,12,2,2
mante,fallecimiento,3.0,intra_cluster,12,12,2,-1
mante,academia,5.0,extra,12,24,2,2
mante,muerte,4.0,extra,12,24,2,0
mante,madero,4.0,extra,12,24,2,0
fallecimiento,recibir,4.0,intra_cluster,12,12,-1,3
fallecimiento,muerte,6.0,extra,12,24,-1,0
pedir,recibir,5.0,intra_sub,12,12,3,3
pedir,luis,4.0,intra_cluster,12,12,3,3
pedir,seguridad,4.0,extra,12,24,3,1
pedir,muerte,4.0,extra,12,24,3,0
recibir,juan,3.0,intra_cluster,12,12,3,1
recibir,evento,3.0,intra_cluster,12,12,3,1
recibir,exposicion,4.0,extra,12,23,3,1
recibir,muerte,4.0,extra,12,24,3,0
luis,director,4.0,extra,12,24,3,2
antonio,evento,7.0,intra_sub,12,12,1,1
antonio,sosa,6.0,intra_sub,12,12,1,1
antonio,juan,3.0,intra_cluster,12,12,1,1
juan,hernandez,3.0,intra_cluster,12,12,1,1
academia,director,29.0,intra_sub,24,24,2,2
academia,militarizada,27.0,intra_cluster,24,24,2,1
academia,muerte,27.0,intra_cluster,24,24,2,0
academia,doenitz,26.0,intra_cluster,24,24,2,1
academia,amenazar,16.0,intra_cluster,24,24,2,0
academia,temer,16.0,intra_cluster,24,24,2,1
academia,madero,11.0,intra_cluster,24,24,2,0
academia,cobrar,5.0,intra_sub,24,24,2,2
academia,denunciar,4.0,intra_cluster,24,24,2,2
academia,menor,9.0,extra,24,10,2,1
academia,presunto,6.0,extra,24,10,2,3
academia,joven,4.0,extra,24,15,2,0
academia,militar,4.0,extra,24,10,2,0
academia,noche,4.0,extra,24,23,2,0
director,muerte,19.0,intra_cluster,24,24,2,0
director,militarizada,18.0,intra_cluster,24,24,2,1
director,doenitz,18.0,intra_cluster,24,24,2,1
director,amenazar,16.0,intra_cluster,24,24,2,0
director,madero,5.0,intra_cluster,24,24,2,0
director,septiembre,4.0,intra_cluster,24,24,2,0
director,denunciar,4.0,intra_cluster,24,24,2,2
director,cobrar,3.0,intra_cluster,24,24,2,2
director,escuela,4.0,extra,24,20,2,0
militarizada,muerte,24.0,intra_cluster,24,24,1,0
militarizada,doenitz,22.0,intra_sub,24,24,1,1
militarizada,seguridad,17.0,intra_sub,24,24,1,1
militarizada,temer,16.0,intra_sub,24,24,1,1
militarizada,madero,6.0,intra_cluster,24,24,1,0
muerte,madero,20.0,intra_sub,24,24,0,0
muerte,amenazar,19.0,intra_sub,24,24,0,0
muerte,seguridad,9.0,intra_cluster,24,24,0,1
muerte,dano,5.0,intra_sub,24,24,0,0
muerte,denunciar,5.0,intra_cluster,24,24,0,2
muerte,doenitz,5.0,intra_cluster,24,24,0,1
muerte,septiembre,5.0,intra_sub,24,24,0,0
muerte,cobrar,5.0,intra_cluster,24,24,0,2
muerte,fecha,4.0,intra_cluster,24,24,0,0
muerte,nombre,3.0,intra_cluster,24,24,0,3
muerte,escuela,9.0,extra,24,20,0,0
muerte,menor,8.0,extra,24,10,0,1
muerte,caso,6.0,extra,24,15,0,-1
muerte,madre,5.0,extra,24,10,0,0
muerte,exigir,5.0,extra,24,10,0,4
muerte,villarreal,4.0,extra,24,16,0,0
muerte,video,4.0,extra,24,10,0,3
doenitz,temer,16.0,intra_sub,24,24,1,1
doenitz,seguridad,16.0,intra_sub,24,24,1,1
doenitz,madero,7.0,intra_cluster,24,24,1,0
doenitz,revelar,4.0,intra_cluster,24,24,1,3
doenitz,cobrar,3.0,intra_cluster,24,24,1,2
doenitz,menor,4.0,extra,24,10,1,1
doenitz,militar,4.0,extra,24,10,1,0
doenitz,escuela,4.0,extra,24,20,1,0
madero,septiembre,16.0,intra_sub,24,24,0,0
madero,denunciar,4.0,intra_cluster,24,24,0,2
madero,informe,3.0,intra_cluster,24,24,0,0
madero,administracion,3.0,intra_cluster,24,24,0,0
madero,amenazar,3.0,intra_cluster,24,24,0,0
madero,escuela,10.0,extra,24,20,0,0
madero,presentar,6.0,extra,24,10,0,-1
madero,carmen,6.0,extra,24,5,0,1
madero,dia,5.0,extra,24,23,0,0
madero,familia,5.0,extra,24,15,0,3
madero,madre,5.0,extra,24,10,0,0
madero,menor,5.0,extra,24,10,0,1
madero,exigir,4.0,extra,24,10,0,4
madero,gracias,4.0,extra,24,5,0,1
madero,desarrollo,4.0,extra,24,5,0,0
amenazar,septiembre,6.0,intra_sub,24,24,0,0
amenazar,fecha,3.0,intra_cluster,24,24,0,0
amenazar,marzo,3.0,intra_cluster,24,24,0,0
amenazar,villarreal,4.0,extra,24,16,0,0
seguridad,temer,16.0,intra_sub,24,24,1,1
seguridad,revelar,4.0,intra_cluster,24,24,1,3
seguridad,sexo,4.0,intra_cluster,24,24,1,3
seguridad,nombre,4.0,intra_cluster,24,24,1,3
seguridad,familia,5.0,extra,24,15,1,3
temer,revelar,4.0,intra_cluster,24,24,1,3
temer,sexo,4.0,intra_cluster,24,24,1,3
septiembre,dano,4.0,intra_cluster,24,24,0,0
septiembre,informe,3.0,intra_cluster,24,24,0,0
septiembre,escuela,10.0,extra,24,20,0,0
septiembre,carmen,4.0,extra,24,5,0,1
septiembre,video,4.0,extra,24,10,0,3
revelar,sexo,4.0,intra_cluster,24,24,3,3
revelar,nombre,4.0,intra_cluster,24,24,3,3
sexo,nombre,4.0,intra_cluster,24,24,3,3
monica,villarreal,22.0,intra_sub,16,16,0,0
monica,oferta,6.0,intra_sub,16,16,0,0
monica,prevencion,5.0,intra_cluster,16,16,0,1
monica,jornada,5.0,intra_cluster,16,16,0,2
monica,fortalecer,4.0,intra_cluster,16,16,0,0
monica,extraordinario,3.0,intra_cluster,16,16,0,-1
monica,presidenta,7.0,extra,16,20,0,1
monica,municipal,7.0,extra,16,5,0,0
monica,turistico,6.0,extra,16,23,0,1
monica,bodies,6.0,extra,16,23,0,1
monica,limpieza,6.0,extra,16,5,0,0
monica,exposicion,5.0,extra,16,23,0,1
monica,cultural,4.0,extra,16,23,0,3
monica,verano,4.0,extra,16,20,0,1
villarreal,prevencion,7.0,intra_cluster,16,16,0,1
villarreal,oferta,6.0,intra_sub,16,16,0,0
villarreal,jornada,5.0,intra_cluster,16,16,0,2
villarreal,extraordinario,3.0,intra_cluster,16,16,0,-1
villarreal,fortalecer,3.0,intra_cluster,16,16,0,0
villarreal,entorno,4.0,extra,16,11,0,1
villarreal,presidenta,7.0,extra,16,20,0,1
villarreal,municipal,7.0,extra,16,5,0,0
villarreal,turistico,6.0,extra,16,23,0,1
villarreal,bodies,6.0,extra,16,23,0,1
villarreal,limpieza,6.0,extra,16,5,0,0
villarreal,verano,5.0,extra,16,20,0,1
villarreal,exposicion,5.0,extra,16,23,0,1
villarreal,cultural,4.0,extra,16,23,0,3
prevencion,programa,9.0,intra_sub,16,16,1,1
prevencion,jornada,9.0,intra_cluster,16,16,1,2
prevencion,bienestar,7.0,intra_sub,16,16,1,1
prevencion,saludable,7.0,intra_cluster,16,16,1,2
prevencion,servicio,4.0,intra_cluster,16,16,1,1
prevencion,extraordinario,3.0,intra_cluster,16,16,1,-1
prevencion,entorno,6.0,extra,16,11,1,1
prevencion,salud,8.0,extra,16,10,1,2
prevencion,delito,6.0,extra,16,15,1,1
prevencion,escuela,6.0,extra,16,20,1,0
prevencion,limpieza,5.0,extra,16,5,1,0
prevencion,familia,4.0,extra,16,15,1,3
prevencion,gratuito,4.0,extra,16,23,1,-1
prevencion,caso,4.0,extra,16,15,1,-1
programa,bienestar,4.0,intra_cluster,16,16,1,1
programa,servicio,4.0,intra_cluster,16,16,1,1
jornada,saludable,6.0,intra_sub,16,16,2,2
jornada,bienestar,3.0,intra_cluster,16,16,2,1
jornada,entorno,5.0,extra,16,11,2,1
jornada,limpieza,7.0,extra,16,5,2,0
bienestar,servicio,3.0,intra_cluster,16,16,1,1
bienestar,salud,6.0,extra,16,10,1,2
bienestar,familia,5.0,extra,16,15,1,3
bienestar,gratuito,4.0,extra,16,23,1,-1
saludable,limpieza,5.0,extra,16,5,2,0
oferta,turistico,6.0,extra,16,23,0,1
oferta,verano,4.0,extra,16,20,0,1
oferta,cultural,4.0,extra,16,23,0,3
servicio,salud,6.0,extra,16,10,1,2
formar,municipal,13.0,intra_sub,5,5,0,0
formar,desarrollo,5.0,intra_sub,5,5,0,0
formar,limpieza,4.0,intra_cluster,5,5,0,0
formar,desarrollar,3.0,intra_cluster,5,5,0,0
formar,cuidar,3.0,intra_cluster,5,5,0,2
formar,viernes,3.0,intra_cluster,5,5,0,3
municipal,desarrollo,9.0,intra_sub,5,5,0,0
municipal,manana,5.0,intra_cluster,5,5,0,3
municipal,crecimiento,3.0,intra_cluster,5,5,0,0
municipal,limpieza,3.0,intra_cluster,5,5,0,0
municipal,desarrollar,3.0,intra_cluster,5,5,0,0
municipal,viernes,3.0,intra_cluster,5,5,0,3
municipal,presidenta,7.0,extra,5,20,0,1
municipal,verano,4.0,extra,5,20,0,1
desarrollo,crecimiento,5.0,intra_sub,5,5,0,0
desarrollo,alcalde,5.0,intra_sub,5,5,0,0
desarrollo,desarrollar,4.0,intra_cluster,5,5,0,0
panuco,rio,8.0,intra_sub,5,5,1,1
panuco,carmen,5.0,intra_sub,5,5,1,1
rio,carmen,5.0,intra_sub,5,5,1,1
manana,viernes,5.0,intra_sub,5,5,3,3
manana,familia,4.0,extra,5,15,3,3
carmen,gracias,5.0,intra_sub,5,5,1,1
carmen,habitante,3.0,intra_cluster,5,5,1,1
viernes,militar,4.0,extra,5,10,3,0
claudia,cuidar,5.0,intra_sub,5,5,2,2
cuidar,carpeta,3.0,intra_cluster,5,5,2,2
cuidar,salud,7.0,extra,5,10,2,2
desarrollar,limpieza,4.0,intra_cluster,5,5,0,0
limpieza,entorno,5.0,extra,5,11,0,1
madre,militar,15.0,intra_sub,10,10,0,0
madre,menor,11.0,intra_cluster,10,10,0,1
madre,alejandra,8.0,intra_sub,10,10,0,0
madre,video,7.0,intra_cluster,10,10,0,3
madre,sufrir,6.0,intra_cluster,10,10,0,-1
madre,violencia,4.0,intra_cluster,10,10,0,-1
madre,reportar,3.0,intra_cluster,10,10,0,-1
madre,actividad,3.0,intra_cluster,10,10,0,1
madre,presentar,3.0,intra_cluster,10,10,0,-1
madre,victima,3.0,intra_cluster,10,10,0,2
madre,exigir,3.0,intra_cluster,10,10,0,4
madre,escuela,7.0,extra,10,20,0,0
madre,caso,5.0,extra,10,15,0,-1
madre,abuso,5.0,extra,10,15,0,-1
madre,familia,4.0,extra,10,15,0,3
madre,dia,4.0,extra,10,23,0,0
militar,menor,13.0,intra_cluster,10,10,0,1
militar,sufrir,5.0,intra_cluster,10,10,0,-1
militar,presentar,4.0,intra_cluster,10,10,0,-1
militar,violencia,4.0,intra_cluster,10,10,0,-1
militar,presunto,4.0,intra_cluster,10,10,0,3
militar,reportar,3.0,intra_cluster,10,10,0,-1
militar,medico,3.0,intra_cluster,10,10,0,2
militar,familia,5.0,extra,10,15,0,3
militar,caso,5.0,extra,10,15,0,-1
militar,fuerza,4.0,extra,10,20,0,2
menor,actividad,7.0,intra_sub,10,10,1,1
menor,presunto,7.0,intra_cluster,10,10,1,3
menor,presentar,6.0,intra_cluster,10,10,1,-1
menor,violencia,6.0,intra_cluster,10,10,1,-1
menor,video,5.0,intra_cluster,10,10,1,3
menor,alejandra,5.0,intra_cluster,10,10,1,0
menor,revisar,5.0,intra_sub,10,10,1,1
menor,reportar,4.0,intra_cluster,10,10,1,-1
menor,exigir,4.0,intra_cluster,10,10,1,4
menor,salud,4.0,intra_cluster,10,10,1,2
menor,declaracion,3.0,intra_cluster,10,10,1,3
menor,victima,3.0,intra_cluster,10,10,1,2
menor,medico,3.0,intra_cluster,10,10,1,2
menor,escuela,7.0,extra,10,20,1,0
menor,caso,6.0,extra,10,15,1,-1
menor,abuso,4.0,extra,10,15,1,-1
menor,familia,4.0,extra,10,15,1,3
alejandra,presentar,4.0,intra_cluster,10,10,0,-1
alejandra,actividad,3.0,intra_cluster,10,10,0,1
alejandra,video,3.0,intra_cluster,10,10,0,3
alejandra,caso,4.0,extra,10,15,0,-1
actividad,presentar,5.0,intra_cluster,10,10,1,-1
actividad,presunto,4.0,intra_cluster,10,10,1,3
actividad,medico,3.0,intra_cluster,10,10,1,2
medico,salud,7.0,intra_sub,10,10,2,2
medico,victima,4.0,intra_cluster,10,10,2,2
medico,presentar,4.0,intra_cluster,10,10,2,-1
medico,sufrir,4.0,intra_cluster,10,10,2,-1
medico,violencia,3.0,intra_cluster,10,10,2,-1
medico,llegar,4.0,extra,10,23,2,0
salud,video,3.0,intra_cluster,10,10,2,3
salud,familia,6.0,extra,10,15,2,3
salud,gratuito,6.0,extra,10,23,2,-1
salud,exposicion,5.0,extra,10,23,2,1
presunto,violencia,6.0,intra_cluster,10,10,3,-1
presunto,declaracion,4.0,intra_cluster,10,10,3,3
presunto,presentar,4.0,intra_cluster,10,10,3,-1
presunto,video,4.0,intra_cluster,10,10,3,3
presunto,revisar,3.0,intra_cluster,10,10,3,1
presunto,caso,5.0,extra,10,15,3,-1
presunto,abuso,5.0,extra,10,15,3,-1
video,sufrir,4.0,intra_cluster,10,10,3,-1
video,declaracion,3.0,intra_cluster,10,10,3,3
video,exigir,3.0,intra_cluster,10,10,3,4
video,escuela,8.0,extra,10,20,3,0
presentar,sufrir,6.0,intra_cluster,10,10,-1,-1
presentar,victima,4.0,intra_cluster,10,10,-1,2
presentar,violencia,4.0,intra_cluster,10,10,-1,-1
presentar,exigir,4.0,intra_cluster,10,10,-1,4
presentar,reportar,3.0,intra_cluster,10,10,-1,-1
sufrir,violencia,3.0,intra_cluster,10,10,-1,-1
violencia,victima,3.0,intra_cluster,10,10,-1,2
violencia,reportar,3.0,intra_cluster,10,10,-1,-1
violencia,caso,6.0,extra,10,15,-1,-1
violencia,abuso,4.0,extra,10,15,-1,-1
macay,mariela,5.0,intra_sub,10,10,4,4
escuela,presidenta,15.0,intra_cluster,20,20,0,1
escuela,verano,11.0,intra_cluster,20,20,0,1
escuela,instalacion,9.0,intra_sub,20,20,0,0
escuela,disciplina,9.0,intra_sub,20,20,0,0
escuela,maestro,8.0,intra_cluster,20,20,0,-1
escuela,fuerza,8.0,intra_cluster,20,20,0,2
escuela,metro,7.0,intra_cluster,20,20,0,-1
escuela,alumno,5.0,intra_cluster,20,20,0,-1
escuela,ninos,4.0,intra_cluster,20,20,0,1
escuela,caso,8.0,extra,20,15,0,-1
escuela,familia,6.0,extra,20,15,0,3
escuela,delito,5.0,extra,20,15,0,1
escuela,abuso,4.0,extra,20,15,0,-1
escuela,ocurrir,4.0,extra,20,15,0,1
presidenta,verano,12.0,intra_sub,20,20,1,1
presidenta,metro,5.0,intra_cluster,20,20,1,-1
presidenta,maestro,4.0,intra_cluster,20,20,1,-1
presidenta,alumno,4.0,intra_cluster,20,20,1,-1
presidenta,fuerza,3.0,intra_cluster,20,20,1,2
verano,ninos,5.0,intra_sub,20,20,1,1
verano,metro,4.0,intra_cluster,20,20,1,-1
verano,alumno,3.0,intra_cluster,20,20,1,-1
verano,descubrir,6.0,extra,20,23,1,3
disciplina,metro,4.0,intra_cluster,20,20,0,-1
maestro,alumno,7.0,intra_cluster,20,20,-1,-1
maestro,metro,4.0,intra_cluster,20,20,-1,-1
maestro,fuerza,4.0,intra_cluster,20,20,-1,2
fuerza,estatal,6.0,intra_sub,20,20,2,2
fuerza,alumno,3.0,intra_cluster,20,20,2,-1
fuerza,iniciar,3.0,intra_cluster,20,20,2,2
metro,alumno,3.0,intra_cluster,20,20,-1,-1
estatal,iniciar,3.0,intra_cluster,20,20,2,2
ninos,iniciar,3.0,intra_cluster,20,20,1,2
abuso,caso,20.0,intra_cluster,15,15,-1,-1
abuso,familia,7.0,intra_cluster,15,15,-1,3
abuso,declarar,5.0,intra_cluster,15,15,-1,0
abuso,existir,4.0,intra_cluster,15,15,-1,0
abuso,delito,3.0,intra_cluster,15,15,-1,1
abuso,ocurrir,3.0,intra_cluster,15,15,-1,1
abuso,instancia,3.0,intra_cluster,15,15,-1,3
caso,familia,20.0,intra_cluster,15,15,-1,3
caso,delito,14.0,intra_cluster,15,15,-1,1
caso,ocurrir,6.0,intra_cluster,15,15,-1,1
caso,joven,6.0,intra_cluster,15,15,-1,0
caso,instancia,5.0,intra_cluster,15,15,-1,3
caso,existir,4.0,intra_cluster,15,15,-1,0
caso,declarar,3.0,intra_cluster,15,15,-1,0
caso,mantener,3.0,intra_cluster,15,15,-1,0
caso,llegar,5.0,extra,15,23,-1,0
familia,joven,16.0,intra_cluster,15,15,3,0
familia,mar,10.0,intra_sub,15,15,3,3
familia,instancia,7.0,intra_sub,15,15,3,3
familia,ocurrir,7.0,intra_cluster,15,15,3,1
familia,delito,5.0,intra_cluster,15,15,3,1
familia,veracruz,4.0,intra_cluster,15,15,3,1
familia,declarar,4.0,intra_cluster,15,15,3,0
familia,mantener,3.0,intra_cluster,15,15,3,0
familia,clase,5.0,extra,15,9,3,3
familia,dia,8.0,extra,15,23,3,0
familia,disfrutar,5.0,extra,15,23,3,4
familia,exposicion,5.0,extra,15,23,3,1
familia,gratuito,4.0,extra,15,23,3,-1
joven,existir,11.0,intra_sub,15,15,0,0
joven,declarar,6.0,intra_sub,15,15,0,0
joven,delito,4.0,intra_cluster,15,15,0,1
joven,ocurrir,4.0,intra_cluster,15,15,0,1
joven,mes,4.0,intra_cluster,15,15,0,0
joven,llegar,4.0,extra,15,23,0,0
delito,veracruz,6.0,intra_sub,15,15,1,1
delito,ocurrir,4.0,intra_cluster,15,15,1,1
delito,mes,3.0,intra_cluster,15,15,1,0
delito,considerar,3.0,intra_cluster,15,15,1,1
existir,declarar,5.0,intra_sub,15,15,0,0
existir,considerar,3.0,intra_cluster,15,15,0,1
existir,ocurrir,3.0,intra_cluster,15,15,0,1
mar,veracruz,3.0,intra_cluster,15,15,3,1
mar,mantener,3.0,intra_cluster,15,15,3,0
ocurrir,veracruz,4.0,intra_cluster,15,15,1,1
declarar,mantener,3.0,intra_cluster,15,15,0,0
bodies,exposicion,19.0,intra_sub,23,23,1,1
bodies,gratuito,5.0,intra_cluster,23,23,1,-1
bodies,turistico,5.0,intra_sub,23,23,1,1
bodies,llegar,4.0,intra_cluster,23,23,1,0
bodies,cultural,3.0,intra_cluster,23,23,1,3
exposicion,gratuito,13.0,intra_cluster,23,23,1,-1
exposicion,cultural,12.0,intra_cluster,23,23,1,3
exposicion,metropolitano,9.0,intra_cluster,23,23,1,4
exposicion,entrada,8.0,intra_cluster,23,23,1,-1
exposicion,disfrutar,7.0,intra_cluster,23,23,1,4
exposicion,turistico,5.0,intra_sub,23,23,1,1
exposicion,llegar,5.0,intra_cluster,23,23,1,0
exposicion,jardin,3.0,intra_cluster,23,23,1,4
exposicion,dia,3.0,intra_cluster,23,23,1,0
exposicion,visitante,4.0,extra,23,5,1,2
entrada,gratuito,15.0,intra_cluster,23,23,-1,-1
entrada,metropolitano,5.0,intra_cluster,23,23,-1,4
entrada,jardin,3.0,intra_cluster,23,23,-1,4
entrada,dia,3.0,intra_cluster,23,23,-1,0
entrada,cultural,3.0,intra_cluster,23,23,-1,3
entrada,especial,3.0,intra_cluster,23,23,-1,3
gratuito,dia,5.0,intra_cluster,23,23,-1,0
gratuito,metropolitano,3.0,intra_cluster,23,23,-1,4
cultural,metropolitano,6.0,intra_cluster,23,23,3,4
cultural,descubrir,5.0,intra_sub,23,23,3,3
cultural,turistico,4.0,intra_cluster,23,23,3,1
cultural,disfrutar,3.0,intra_cluster,23,23,3,4
cultural,llegar,3.0,intra_cluster,23,23,3,0
cultural,especial,3.0,intra_cluster,23,23,3,3
dia,llegar,11.0,intra_sub,23,23,0,0
dia,especial,3.0,intra_cluster,23,23,0,3
dia,tamaulipeco,3.0,intra_cluster,23,23,0,0
dia,compartir,3.0,intra_cluster,23,23,0,0
dia,profundo,3.0,intra_cluster,23,23,0,0
dia,disfrutar,3.0,intra_cluster,23,23,0,4
dia,jardin,3.0,intra_cluster,23,23,0,4
dia,metropolitano,3.0,intra_cluster,23,23,0,4
metropolitano,descubrir,4.0,intra_cluster,23,23,4,3
metropolitano,disfrutar,4.0,intra_cluster,23,23,4,4
metropolitano,jardin,3.0,intra_cluster,23,23,4,4
descubrir,compartir,4.0,intra_cluster,23,23,3,0
tamaulipeco,tampiqueno,4.0,intra_cluster,23,23,0,0
