palabra,tema_id,sub_id,color_tema,peso_lda,grado_total,grado_intra_sub,grado_intra_cluster,grado_extra,peso_intra_sub,peso_intra_cluster,peso_extra,pagerank,betweenness,clustering_coef,eigenvector,participation,z_within_degree,rol
mexico,3,1,#d62728,0.0301646683365106,15,3,6,6,21.0,32.0,29.0,0.004423,0.020636,0.1524,0.0,0.8711,1.4142,broker
paz,3,1,#d62728,0.0134646603837609,6,1,4,1,8.0,13.0,5.0,0.001555,0.002507,0.2667,0.0,0.7778,0.0,broker
ciento,3,2,#d62728,0.0168249122798442,9,1,5,3,8.0,23.0,12.0,0.002523,0.002037,0.2222,0.0,0.8148,1.4142,broker
promedio,3,2,#d62728,0.0101462574675679,6,1,4,1,8.0,15.0,4.0,0.001582,0.000161,0.4667,0.0,0.7222,0.0,broker
costo,3,4,#d62728,0.0126507775858044,4,1,2,1,8.0,7.0,5.0,0.001129,0.0,0.5,0.0,0.75,-0.7071,broker
pesos,3,4,#d62728,0.0268466062843799,21,1,7,13,8.0,25.0,78.0,0.0051,0.012191,0.2095,0.0,0.9161,1.4142,broker
pan,3,1,#d62728,0.0101309511810541,4,1,3,0,7.0,9.0,0.0,0.001159,0.0,0.6667,0.0,0.5,0.0,broker
acuerdo,3,3,#d62728,0.0166206322610378,15,2,7,6,12.0,29.0,27.0,0.003571,0.016118,0.1048,0.0,0.8711,1.4142,broker
senalar,3,3,#d62728,0.0132061261683702,9,1,6,2,7.0,22.0,10.0,0.002023,0.001295,0.2778,0.0,0.8395,-1.4142,broker
delincuencia,3,0,#d62728,0.0132972812280058,9,2,0,7,14.0,0.0,38.0,0.002099,0.0,0.9722,0.0,0.4938,0.0,periferico
organizado,3,0,#d62728,0.0132454661652445,12,3,1,8,17.0,6.0,41.0,0.002684,0.001872,0.5606,0.0,0.6667,1.4142,broker
detener,3,0,#d62728,0.0100687285885214,11,2,3,6,12.0,11.0,28.0,0.002184,0.00018,0.5455,0.0,0.7107,0.0,broker
noticia,3,1,#d62728,0.0077859233133494,1,1,0,0,6.0,0.0,0.0,0.000601,0.0,0.0,0.0,0.0,-1.4142,periferico
amigo,3,3,#d62728,0.0068069244734942,2,1,1,0,5.0,3.0,0.0,0.000861,0.0,1.0,0.0,0.0,0.0,periferico
perdida,3,2,#d62728,0.0100896451622247,4,0,4,0,0.0,16.0,0.0,0.001083,0.0,0.6667,0.0,0.625,0.0,broker
obtener,3,0,#d62728,0.0134361814707517,2,1,1,0,5.0,5.0,0.0,0.000727,0.0,1.0,0.0,0.5,-1.4142,broker
cuyo,3,4,#d62728,0.0067199389450252,2,0,2,0,0.0,7.0,0.0,0.000667,0.0,1.0,0.0,0.5,-0.7071,broker
directamente,3,2,#d62728,0.0034675514325499,2,0,2,0,0.0,7.0,0.0,0.000678,0.0,0.0,0.0,0.5,-1.4142,broker
oficial,3,3,#d62728,0.0034675509668886,2,0,2,0,0.0,6.0,0.0,0.000734,0.0,1.0,0.0,0.0,0.0,periferico
autoridad,17,2,#c7c7c7,0.0225334204733371,24,2,14,8,15.0,75.0,42.0,0.005595,0.033193,0.2174,0.0,0.8958,1.4142,broker
persona,17,-1,#c7c7c7,0.0336121395230293,35,0,14,21,0.0,77.0,96.0,0.007107,0.015734,0.1496,0.0,0.9486,0.0,broker
investigacion,17,0,#c7c7c7,0.0336753837764263,20,4,6,10,25.0,39.0,43.0,0.004611,0.022495,0.1842,0.0,0.895,1.5076,broker
lograr,17,1,#c7c7c7,0.0225541144609451,16,2,8,6,16.0,29.0,29.0,0.003243,0.003294,0.1833,0.0,0.875,1.206,broker
unidad,17,1,#c7c7c7,0.0225598849356174,14,1,7,6,11.0,29.0,26.0,0.003009,0.001517,0.2198,0.0,0.8571,1.206,broker
atender,17,4,#c7c7c7,0.0225666724145412,8,0,7,1,0.0,38.0,4.0,0.002135,0.00458,0.3929,0.0,0.8125,0.5,broker
padre,17,2,#c7c7c7,0.0115553671494126,7,1,2,4,10.0,10.0,21.0,0.001736,0.000592,0.381,0.0,0.8571,-0.7071,broker
resultado,17,-1,#c7c7c7,0.0225525684654712,10,0,5,5,0.0,29.0,24.0,0.002239,0.000156,0.4889,0.0,0.88,0.0,broker
personal,17,0,#c7c7c7,0.0281582623720169,6,2,4,0,13.0,14.0,0.0,0.001425,0.000142,0.4,0.0,0.6667,0.603,broker
asegurar,17,3,#c7c7c7,0.0114830834791064,16,1,8,7,7.0,32.0,44.0,0.003358,0.007596,0.3083,0.0,0.8984,0.5774,broker
perder,17,3,#c7c7c7,0.0114775858819484,11,1,4,6,7.0,12.0,25.0,0.00188,0.0,0.4727,0.0,0.8926,0.5774,broker
inmediato,17,0,#c7c7c7,0.011504877358675,4,1,2,1,7.0,6.0,4.0,0.000921,0.0,0.5,0.0,0.75,-1.206,broker
labor,17,1,#c7c7c7,0.0114957001060247,3,1,0,2,5.0,0.0,12.0,0.000899,0.0,0.3333,0.0,0.6667,-1.5076,broker
elemento,17,1,#c7c7c7,0.0114837242290377,7,0,6,1,0.0,22.0,4.0,0.001326,1.3e-05,0.5238,0.0,0.7347,0.3015,broker
correspondiente,17,2,#c7c7c7,0.0115047032013535,4,1,3,0,5.0,11.0,0.0,0.000913,0.0,0.6667,0.0,0.75,-0.7071,broker
diverso,17,0,#c7c7c7,0.0225610360503196,6,2,4,0,10.0,12.0,0.0,0.001232,0.0,0.5333,0.0,0.6667,0.603,broker
criminal,17,0,#c7c7c7,0.0115000288933515,3,1,2,0,5.0,6.0,0.0,0.000759,0.0,1.0,0.0,0.4444,-0.3015,periferico
alcaldesa,17,4,#c7c7c7,0.0225666724145412,9,0,2,7,0.0,7.0,39.0,0.001959,0.0,0.3889,0.0,0.8642,0.5,broker
colonia,17,4,#c7c7c7,0.0226222388446331,12,0,2,10,0.0,7.0,50.0,0.002456,0.003633,0.4697,0.0,0.8889,0.5,broker
operativo,17,3,#c7c7c7,0.0316439308226108,4,0,4,0,0.0,13.0,0.0,0.000811,0.0,0.6667,0.0,0.625,0.5774,broker
accion,17,1,#c7c7c7,0.01149573456496,4,0,2,2,0.0,7.0,8.0,0.000894,0.0,0.5,0.0,0.625,-0.603,broker
publico,17,3,#c7c7c7,0.0114849964156746,7,0,2,5,0.0,7.0,21.0,0.001327,0.0,0.3333,0.0,0.8571,-1.7321,broker
gestion,17,4,#c7c7c7,0.0115462625399231,1,0,1,0,0.0,3.0,0.0,0.000455,0.0,0.0,0.0,0.0,0.5,periferico
entidad,17,0,#c7c7c7,0.0114972135052084,7,0,1,6,0.0,3.0,28.0,0.001517,9e-06,0.4762,0.0,0.7347,-1.206,broker
excelente,17,4,#c7c7c7,0.0115462625399231,3,0,1,2,0.0,3.0,10.0,0.000783,0.0,1.0,0.0,0.6667,-2.0,broker
vehiculo,17,1,#c7c7c7,0.0114921629428863,3,0,3,0,0.0,9.0,0.0,0.000682,0.0,0.3333,0.0,0.4444,-0.603,periferico
julio,2,-1,#2ca02c,0.0787161141633987,40,0,9,31,0.0,75.0,159.0,0.009267,0.047948,0.1333,0.0,0.96,1.0,broker
tampico,2,0,#2ca02c,0.1120692789554596,144,4,10,130,48.0,133.0,972.0,0.044855,0.578907,0.0539,0.0,0.9832,1.7321,broker
buscar,2,0,#2ca02c,0.0420678704977035,6,1,4,1,26.0,13.0,4.0,0.002232,0.008402,0.2667,0.0,0.6111,0.866,broker
espacio,2,1,#2ca02c,0.0328786820173263,8,1,2,5,8.0,30.0,32.0,0.002698,0.0,0.5357,0.0,0.875,-0.7071,broker
martes,2,1,#2ca02c,0.032865609973669,8,1,5,2,8.0,33.0,9.0,0.002097,0.0,0.5,0.0,0.75,1.4142,broker
sol,2,2,#2ca02c,0.0621809177100658,7,0,4,3,0.0,30.0,17.0,0.002093,9e-06,0.5714,0.0,0.7755,0.0,broker
altamira,2,-1,#2ca02c,0.0328620299696922,8,0,5,3,0.0,29.0,13.0,0.001919,8.5e-05,0.3929,0.0,0.8125,1.0,broker
recordar,2,0,#2ca02c,0.0167445000261068,2,1,1,0,8.0,3.0,0.0,0.000722,0.0,1.0,0.0,0.0,0.0,periferico
jueves,2,1,#2ca02c,0.0328620374202728,4,0,3,1,0.0,15.0,4.0,0.000946,0.0,0.8333,0.0,0.75,-0.7071,broker
encuentro,2,0,#2ca02c,0.0294889342039823,2,1,0,1,7.0,0.0,4.0,0.000694,0.0,1.0,0.0,0.5,-0.866,broker
regresar,2,2,#2ca02c,0.0489831194281578,3,0,3,0,0.0,14.0,0.0,0.000837,0.0,1.0,0.0,0.4444,0.0,periferico
integrante,2,0,#2ca02c,0.0167409162968397,8,1,0,7,7.0,0.0,32.0,0.001656,0.00593,0.7143,0.0,0.6875,-0.866,broker
localjueves,2,-1,#2ca02c,0.0668567642569542,2,0,2,0,0.0,10.0,0.0,0.00066,0.0,1.0,0.0,0.5,-1.0,broker
semana,2,-1,#2ca02c,0.0167409125715494,3,0,3,0,0.0,12.0,0.0,0.000759,0.0,1.0,0.0,0.6667,-1.0,broker
editorial,2,2,#2ca02c,0.0489831306040287,18,0,4,14,0.0,12.0,60.0,0.00362,0.002354,0.3007,0.0,0.7778,0.0,broker
parecer,2,0,#2ca02c,0.0167409144341945,1,0,1,0,0.0,3.0,0.0,0.000458,0.0,0.0,0.0,0.0,-0.866,periferico
inversion,18,2,#dbdb8d,0.0149973556399345,11,0,5,6,0.0,21.0,33.0,0.002668,0.004234,0.4,0.0,0.876,1.4142,broker
seguir,18,1,#dbdb8d,0.017806788906455,26,2,3,21,13.0,16.0,111.0,0.006277,0.03333,0.1385,0.0,0.9497,1.4142,broker
calidad,18,1,#dbdb8d,0.0113501260057091,3,1,2,0,7.0,8.0,0.0,0.000999,9.5e-05,0.6667,0.0,0.6667,-0.7071,broker
emergencia,18,0,#dbdb8d,0.0113533670082688,3,2,1,0,11.0,3.0,0.0,0.00116,2.4e-05,0.3333,0.0,0.4444,0.0,periferico
fuga,18,0,#dbdb8d,0.0150899710133671,3,2,1,0,12.0,4.0,0.0,0.001237,0.003789,0.3333,0.0,0.4444,0.0,periferico
aparecer,18,1,#dbdb8d,0.0038635116070508,1,1,0,0,6.0,0.0,0.0,0.000554,0.0,0.0,0.0,0.0,-0.7071,periferico
situacion,18,0,#dbdb8d,0.0150899710133671,9,2,3,4,11.0,12.0,17.0,0.002635,0.001153,0.1667,0.0,0.8148,0.0,broker
publica,18,2,#dbdb8d,0.0064738928340375,5,0,3,2,0.0,10.0,8.0,0.001123,7.6e-05,0.5,0.0,0.8,-0.7071,broker
afiliado,18,2,#dbdb8d,0.0074103069491684,2,0,2,0,0.0,6.0,0.0,0.00062,0.0,1.0,0.0,0.5,-0.7071,broker
nivel,22,0,#2ca02c,0.0184352230280637,11,1,2,8,14.0,6.0,46.0,0.002795,0.005641,0.2909,0.0,0.8264,0.0,broker
vida,22,0,#2ca02c,0.0163078848272562,15,2,1,12,21.0,3.0,56.0,0.003207,0.003294,0.4286,0.0,0.8978,0.0,broker
accidente,22,0,#2ca02c,0.0179710015654563,15,1,9,5,7.0,29.0,21.0,0.003072,0.007734,0.181,0.0,0.8444,0.0,broker
guardia,22,2,#2ca02c,0.0054914648644626,2,1,1,0,5.0,3.0,0.0,0.000726,0.0,1.0,0.0,0.5,0.0,broker
registrar,22,2,#2ca02c,0.010294884443283,7,1,2,4,5.0,7.0,20.0,0.00198,0.008497,0.2857,0.0,0.8163,1.4142,broker
ingresar,22,3,#2ca02c,0.0113172084093093,6,1,5,0,5.0,16.0,0.0,0.001735,0.001501,0.4667,0.0,0.6111,1.4142,broker
ubicado,22,3,#2ca02c,0.0098192421719431,2,1,1,0,5.0,3.0,0.0,0.000857,0.0,1.0,0.0,0.5,-0.7071,broker
encontrar,22,1,#2ca02c,0.0122948363423347,8,1,5,2,5.0,15.0,9.0,0.002043,0.003268,0.3571,0.0,0.75,1.4142,broker
llamado,22,1,#2ca02c,0.0095596518367528,6,1,3,2,5.0,11.0,8.0,0.001551,0.00399,0.4667,0.0,0.7778,0.0,broker
similar,22,1,#2ca02c,0.0091150682419538,5,0,4,1,0.0,14.0,4.0,0.001344,2.8e-05,0.7,0.0,0.72,0.0,broker
unicamente,22,0,#2ca02c,0.0082031320780515,3,0,3,0,0.0,9.0,0.0,0.000673,0.0,1.0,0.0,0.0,0.0,periferico
francisco,22,2,#2ca02c,0.005234835203737,1,0,1,0,0.0,3.0,0.0,0.000483,0.0,0.0,0.0,0.0,0.0,periferico
hospital,22,1,#2ca02c,0.0082039255648851,3,0,2,1,0.0,6.0,4.0,0.000808,5.7e-05,0.3333,0.0,0.6667,-1.4142,broker
area,22,3,#2ca02c,0.0081029068678617,2,0,1,1,0.0,3.0,5.0,0.000708,0.0008,0.0,0.0,0.5,-0.7071,broker
sur,4,0,#9467bd,0.0301345940679311,18,2,7,9,43.0,31.0,47.0,0.004863,0.001705,0.2418,0.0,0.9074,0.0,broker
tamaulipas,4,0,#9467bd,0.0445542261004447,95,2,12,81,48.0,85.0,489.0,0.025113,0.25558,0.0786,0.0,0.9797,0.0,broker
nacional,4,2,#9467bd,0.0246110223233699,21,1,9,11,5.0,68.0,53.0,0.005626,0.018211,0.1857,0.0,0.9161,1.0,broker
final,4,1,#9467bd,0.0124469399452209,5,1,3,1,6.0,18.0,4.0,0.00145,0.003505,0.6,0.0,0.72,-1.4142,broker
norte,4,0,#9467bd,0.0120652001351118,4,2,0,2,17.0,0.0,12.0,0.00135,0.0,0.8333,0.0,0.625,0.0,broker
partido,4,1,#9467bd,0.0148364482447505,9,2,4,3,12.0,24.0,13.0,0.002524,0.000332,0.3611,0.0,0.7901,1.4142,broker
cerrar,4,4,#9467bd,0.0108823161572217,3,0,3,0,0.0,15.0,0.0,0.000842,0.0,1.0,0.0,0.4444,-0.7071,periferico
morena,4,1,#9467bd,0.0124065289273858,4,1,3,0,6.0,16.0,0.0,0.001216,0.0,1.0,0.0,0.625,0.0,broker
empresario,4,3,#9467bd,0.0085077639669179,4,0,4,0,0.0,18.0,0.0,0.001062,0.0,0.5,0.0,0.625,-0.7071,broker
civil,4,2,#9467bd,0.0126125700771808,8,1,3,4,5.0,12.0,26.0,0.00207,0.004182,0.2857,0.0,0.8125,1.0,broker
junio,4,3,#9467bd,0.0201109163463115,4,1,1,2,5.0,3.0,9.0,0.001071,1.9e-05,0.5,0.0,0.75,-0.7071,broker
mayo,4,3,#9467bd,0.0167492143809795,3,1,1,1,5.0,4.0,4.0,0.000926,9e-06,0.3333,0.0,0.4444,1.4142,periferico
medida,4,2,#9467bd,0.0085078077390789,1,0,1,0,0.0,4.0,0.0,0.000477,0.0,0.0,0.0,0.0,-1.0,periferico
superar,4,-1,#9467bd,0.0043358071707189,3,0,2,1,0.0,7.0,4.0,0.000776,0.0,0.3333,0.0,0.6667,0.0,broker
electoral,4,1,#9467bd,0.0084494277834892,4,0,4,0,0.0,14.0,0.0,0.000896,0.0,1.0,0.0,0.625,0.0,broker
litro,4,2,#9467bd,0.0126815354451537,2,0,1,1,0.0,4.0,4.0,0.000659,4.3e-05,0.0,0.0,0.5,-1.0,broker
anunciar,4,4,#9467bd,0.014350882731378,16,0,4,12,0.0,13.0,56.0,0.002861,0.004291,0.3917,0.0,0.8359,1.4142,broker
destacar,4,-1,#9467bd,0.0085077807307243,1,0,1,0,0.0,3.0,0.0,0.000428,0.0,0.0,0.0,0.0,0.0,periferico
mensaje,4,4,#9467bd,0.012146140448749,1,0,1,0,0.0,3.0,0.0,0.000431,0.0,0.0,0.0,0.0,-0.7071,periferico
escolar,21,2,#ff7f0e,0.0234133750200271,8,2,2,4,14.0,9.0,19.0,0.00238,0.004523,0.3214,0.0,0.8438,0.5774,broker
plantel,21,2,#ff7f0e,0.0080018816515803,4,1,2,1,9.0,10.0,8.0,0.00161,0.0,0.5,0.0,0.625,0.5774,broker
vacacion,21,1,#ff7f0e,0.0148368217051029,9,0,5,4,0.0,24.0,22.0,0.002966,0.012835,0.1944,0.0,0.7901,1.4142,broker
comision,21,0,#ff7f0e,0.0080018816515803,1,1,0,0,5.0,0.0,0.0,0.002169,0.0,0.0,0.0,0.0,0.2236,periferico
presidente,21,0,#ff7f0e,0.0080018807202577,1,1,0,0,5.0,0.0,0.0,0.002169,0.0,0.0,0.0,0.0,0.2236,periferico
convertir,21,2,#ff7f0e,0.0157076492905616,3,1,2,0,5.0,6.0,0.0,0.000947,0.0,0.3333,0.0,0.4444,0.5774,periferico
direccion,21,3,#ff7f0e,0.0157076437026262,6,0,2,4,0.0,7.0,19.0,0.001458,0.002955,0.4,0.0,0.8333,-1.0,broker
equipo,21,3,#ff7f0e,0.0157076455652713,3,0,2,1,0.0,8.0,4.0,0.001017,2.5e-05,0.6667,0.0,0.4444,1.0,periferico
realidad,21,1,#ff7f0e,0.0232402123510837,2,0,2,0,0.0,7.0,0.0,0.000891,0.0,1.0,0.0,0.0,0.0,periferico
secretaria,21,3,#ff7f0e,0.0157076474279165,3,0,2,1,0.0,7.0,4.0,0.001064,0.000227,0.3333,0.0,0.4444,1.0,periferico
seguro,21,1,#ff7f0e,0.015546060167253,1,0,1,0,0.0,4.0,0.0,0.000545,0.0,0.0,0.0,0.0,-1.4142,periferico
principal,21,0,#ff7f0e,0.0080250296741724,2,0,1,1,0.0,3.0,5.0,0.000717,0.0,0.0,0.0,0.5,-1.3416,broker
aumento,21,0,#ff7f0e,0.008001061156392,1,0,1,0,0.0,3.0,0.0,0.000614,0.0,0.0,0.0,0.0,0.2236,periferico
sector,21,0,#ff7f0e,0.0157076455652713,4,0,2,2,0.0,6.0,9.0,0.0017,0.008573,0.1667,0.0,0.625,1.7889,broker
soler,21,1,#ff7f0e,0.0157076474279165,2,0,2,0,0.0,6.0,0.0,0.000815,0.0,1.0,0.0,0.0,0.0,periferico
entregar,21,3,#ff7f0e,0.0080018816515803,2,0,1,1,0.0,3.0,4.0,0.000764,2.8e-05,0.0,0.0,0.5,-1.0,broker
compromiso,21,0,#ff7f0e,0.0155460564419627,1,0,1,0,0.0,3.0,0.0,0.000614,0.0,0.0,0.0,0.0,0.2236,periferico
dejar,9,1,#17becf,0.0123142721131443,11,1,6,4,16.0,23.0,19.0,0.002734,0.005585,0.2,0.0,0.876,1.4142,broker
marina,9,1,#17becf,0.0123798567801713,22,1,6,15,16.0,21.0,72.0,0.00449,0.003606,0.2251,0.0,0.938,-0.7071,broker
continuar,9,2,#17becf,0.0123788947239518,7,1,3,3,5.0,13.0,14.0,0.001665,0.003983,0.4286,0.0,0.8163,0.0,broker
sentir,9,-1,#17becf,0.0243025012314319,3,0,3,0,0.0,11.0,0.0,0.00094,0.00092,0.3333,0.0,0.4444,0.0,periferico
hora,9,2,#17becf,0.0123803839087486,8,1,3,4,5.0,10.0,27.0,0.001888,0.0,0.3929,0.0,0.8438,1.4142,broker
mundo,9,0,#17becf,0.0442178770899772,9,0,6,3,0.0,19.0,13.0,0.002316,0.00771,0.0,0.0,0.8148,1.7321,broker
recorrer,9,0,#17becf,0.0123803913593292,1,0,1,0,0.0,4.0,0.0,0.000571,0.0,0.0,0.0,0.0,-0.5774,periferico
cuerpo,9,4,#17becf,0.0360324904322624,12,0,6,6,0.0,21.0,28.0,0.00227,0.002546,0.2879,0.0,0.875,0.0,broker
sitio,9,2,#17becf,0.0123803885653615,4,0,3,1,0.0,10.0,5.0,0.000868,0.0,0.5,0.0,0.75,0.0,broker
humano,9,4,#17becf,0.0152100399136543,9,0,4,5,0.0,14.0,27.0,0.001889,4.7e-05,0.3889,0.0,0.8395,0.0,broker
operar,9,3,#17becf,0.0123803913593292,3,0,2,1,0.0,7.0,4.0,0.000904,0.000298,0.0,0.0,0.6667,1.2247,broker
puerto,9,3,#17becf,0.0186075419187545,2,0,2,0,0.0,6.0,0.0,0.000668,0.0,0.0,0.0,0.5,1.2247,broker
conocimiento,9,4,#17becf,0.0123803811147809,3,0,2,1,0.0,6.0,4.0,0.000713,0.0,0.3333,0.0,0.4444,0.0,periferico
invitar,9,0,#17becf,0.0123803913593292,3,0,1,2,0.0,3.0,9.0,0.000804,0.0,0.3333,0.0,0.6667,-0.5774,broker
participacion,9,1,#17becf,0.0123801454901695,5,0,1,4,0.0,3.0,18.0,0.001186,0.000142,0.0,0.0,0.8,-0.7071,broker
sistema,9,3,#17becf,0.0123803811147809,2,0,2,0,0.0,6.0,0.0,0.000548,0.0,1.0,0.0,0.5,-0.8165,broker
calle,9,0,#17becf,0.024302490055561,2,0,1,1,0.0,3.0,4.0,0.000657,0.0,0.0,0.0,0.5,-0.5774,broker
necesitar,9,-1,#17becf,0.0123803904280066,2,0,2,0,0.0,6.0,0.0,0.000728,0.0,0.0,0.0,0.5,0.0,broker
hija,7,3,#7f7f7f,0.0187187939882278,27,1,15,11,10.0,79.0,57.0,0.005339,0.013801,0.3162,0.0,0.9273,0.0,broker
mama,7,3,#7f7f7f,0.0091026574373245,13,1,9,3,10.0,33.0,13.0,0.002385,0.000618,0.3846,0.0,0.8757,0.0,broker
institucion,7,0,#7f7f7f,0.0151203824207186,15,2,11,2,14.0,54.0,8.0,0.003087,0.000953,0.3714,0.0,0.8889,0.0,broker
justicia,7,1,#7f7f7f,0.019376877695322,39,2,16,21,17.0,88.0,123.0,0.00828,0.036648,0.2443,0.0,0.9546,1.4142,broker
pasar,7,7,#7f7f7f,0.0136229945346713,23,1,14,8,5.0,71.0,39.0,0.004578,0.006326,0.2727,0.0,0.9187,1.4142,broker
querer,7,1,#7f7f7f,0.0124674923717975,10,1,7,2,10.0,31.0,11.0,0.002171,0.000744,0.3556,0.0,0.84,-0.7071,broker
fiscalia,7,0,#7f7f7f,0.0125310523435473,20,2,6,12,16.0,34.0,58.0,0.004365,0.011003,0.2421,0.0,0.94,0.0,broker
mal,7,2,#7f7f7f,0.0096685606986284,14,1,10,3,5.0,49.0,13.0,0.002776,0.000886,0.3297,0.0,0.898,1.4142,broker
campamento,7,5,#7f7f7f,0.0164323393255472,19,1,12,6,7.0,52.0,33.0,0.003826,0.005466,0.2515,0.0,0.9197,0.0,broker
edad,7,0,#7f7f7f,0.0103739919140934,14,2,6,6,12.0,22.0,27.0,0.002367,0.000275,0.4615,0.0,0.9082,0.0,broker
curso,7,5,#7f7f7f,0.0137872854247689,19,2,11,6,12.0,40.0,32.0,0.003304,0.003102,0.3392,0.0,0.903,0.0,broker
pagar,7,1,#7f7f7f,0.0067100063897669,4,1,2,1,7.0,8.0,4.0,0.000943,0.0,0.8333,0.0,0.75,-0.7071,broker
morir,7,2,#7f7f7f,0.0108992327004671,16,0,10,6,0.0,36.0,31.0,0.002494,0.0,0.4833,0.0,0.9062,0.0,broker
caer,7,6,#7f7f7f,0.0069457092322409,8,0,7,1,0.0,26.0,4.0,0.001325,0.0,0.6429,0.0,0.8125,0.7071,broker
culpable,7,7,#7f7f7f,0.0059200506657361,1,1,0,0,5.0,0.0,0.0,0.000494,0.0,0.0,0.0,0.0,-0.7071,periferico
meter,7,5,#7f7f7f,0.0082868803292512,9,1,5,3,5.0,16.0,12.0,0.001416,0.0,0.5278,0.0,0.8395,0.0,broker
suceder,7,4,#7f7f7f,0.0068726176396012,4,0,4,0,0.0,15.0,0.0,0.001014,0.000455,0.5,0.0,0.625,0.5774,broker
culpa,7,2,#7f7f7f,0.0082735698670148,5,1,3,1,5.0,11.0,4.0,0.000984,0.0,0.4,0.0,0.8,0.0,broker
responsable,7,6,#7f7f7f,0.0102284494787454,7,0,6,1,0.0,20.0,4.0,0.001112,0.0,0.6667,0.0,0.8571,0.7071,broker
fisico,7,2,#7f7f7f,0.0050792964175343,4,0,4,0,0.0,14.0,0.0,0.000786,0.0,1.0,0.0,0.75,-1.4142,broker
ojala,7,4,#7f7f7f,0.0078605385497212,9,0,7,2,0.0,24.0,8.0,0.001787,0.004004,0.1944,0.0,0.8395,0.5774,broker
mano,7,4,#7f7f7f,0.0048010288737714,2,0,2,0,0.0,7.0,0.0,0.000687,0.0,1.0,0.0,0.0,0.5774,periferico
tratar,7,7,#7f7f7f,0.0042293681763112,3,0,3,0,0.0,10.0,0.0,0.000657,0.0,0.6667,0.0,0.6667,-0.7071,broker
resultar,7,4,#7f7f7f,0.0069726589135825,4,0,4,0,0.0,12.0,0.0,0.000728,0.0,1.0,0.0,0.625,-1.7321,broker
alguien,7,6,#7f7f7f,0.0052495659328997,2,0,2,0,0.0,6.0,0.0,0.00054,0.0,0.0,0.0,0.5,-1.4142,broker
golpe,7,3,#7f7f7f,0.0058042481541633,4,0,4,0,0.0,12.0,0.0,0.000776,0.0,0.3333,0.0,0.625,0.0,broker
nina,0,-1,#1f77b4,0.0151349157094955,19,0,6,13,0.0,53.0,64.0,0.004403,0.004021,0.3041,0.0,0.9252,0.0,broker
nino,0,-1,#1f77b4,0.0145611008629202,20,0,9,11,0.0,70.0,52.0,0.004791,0.017996,0.2474,0.0,0.92,0.0,broker
hijo,0,1,#1f77b4,0.0142584946006536,15,2,5,8,16.0,33.0,41.0,0.003522,0.001707,0.3238,0.0,0.9067,0.0,broker
investigar,0,1,#1f77b4,0.0117043834179639,13,2,5,6,16.0,23.0,34.0,0.002927,0.003029,0.3333,0.0,0.8876,0.0,broker
muerto,0,3,#1f77b4,0.0102305049076676,12,0,9,3,0.0,38.0,12.0,0.002247,4.9e-05,0.4242,0.0,0.8333,1.4142,broker
cosa,0,1,#1f77b4,0.0109257725998759,9,2,5,2,14.0,19.0,8.0,0.001818,1.9e-05,0.5,0.0,0.8148,0.0,broker
empezar,0,4,#1f77b4,0.0079153114929795,5,0,4,1,0.0,16.0,4.0,0.001058,9e-06,0.5,0.0,0.8,-0.7071,broker
pais,0,4,#1f77b4,0.0163776278495788,16,0,8,8,0.0,28.0,40.0,0.003597,0.014201,0.1583,0.0,0.8984,1.4142,broker
derecho,0,2,#1f77b4,0.0072383768856525,2,0,2,0,0.0,7.0,0.0,0.001134,0.004291,0.0,0.0,0.5,0.0,broker
cualquiera,0,3,#1f77b4,0.0090822679921984,3,0,3,0,0.0,11.0,0.0,0.000714,0.0,1.0,0.0,0.6667,-0.7071,broker
camara,0,2,#1f77b4,0.0092634772881865,10,0,3,7,0.0,10.0,28.0,0.002142,0.004909,0.0667,0.0,0.9,0.0,broker
mujer,0,2,#1f77b4,0.0069560669362545,5,0,3,2,0.0,10.0,9.0,0.001066,6.6e-05,0.2,0.0,0.72,0.0,broker
cabo,0,3,#1f77b4,0.0076859127730131,3,0,2,1,0.0,6.0,4.0,0.000672,0.0,0.6667,0.0,0.6667,-0.7071,broker
control,0,4,#1f77b4,0.0045988275669515,1,0,1,0,0.0,3.0,0.0,0.00046,0.0,0.0,0.0,0.0,-0.7071,periferico
cumplir,0,2,#1f77b4,0.0071188886649906,1,0,1,0,0.0,3.0,0.0,0.000738,0.0,0.0,0.0,0.0,0.0,periferico
deber,13,1,#ff9896,0.0172592476010322,17,2,5,10,18.0,22.0,49.0,0.003781,0.009978,0.1838,0.0,0.8997,1.0,broker
ley,13,1,#ff9896,0.0115789202973246,6,2,4,0,15.0,13.0,0.0,0.001555,0.000142,0.5333,0.0,0.7222,-1.0,broker
agua,13,3,#ff9896,0.0399804785847663,16,2,10,4,16.0,49.0,20.0,0.004247,0.014712,0.2333,0.0,0.8281,1.4142,broker
pescador,13,3,#ff9896,0.0115789221599698,3,1,1,1,9.0,4.0,4.0,0.001134,7.6e-05,0.3333,0.0,0.6667,0.0,broker
pendiente,13,1,#ff9896,0.022939559072256,9,3,2,4,19.0,10.0,18.0,0.0024,0.00431,0.4444,0.0,0.7654,1.0,broker
escuchar,13,0,#ff9896,0.0115789165720343,5,1,4,0,8.0,12.0,0.0,0.001358,0.004215,0.4,0.0,0.56,0.4472,broker
gobierno,13,0,#ff9896,0.0228892173618078,26,1,10,15,8.0,44.0,77.0,0.005653,0.014151,0.1846,0.0,0.9172,1.7889,broker
obra,13,1,#ff9896,0.0229395534843206,16,1,3,12,6.0,16.0,71.0,0.004024,0.004317,0.325,0.0,0.9141,-1.0,broker
utilizar,13,3,#ff9896,0.0058985659852623,3,1,1,1,7.0,3.0,4.0,0.00087,0.0,0.6667,0.0,0.6667,0.0,broker
hombre,13,2,#ff9896,0.0115789221599698,8,0,6,2,0.0,25.0,10.0,0.002035,0.000213,0.25,0.0,0.75,0.75,broker
tarde,13,2,#ff9896,0.011578919366002,9,0,5,4,0.0,19.0,18.0,0.001911,0.004045,0.2222,0.0,0.8148,0.75,broker
frente,13,2,#ff9896,0.0115789202973246,5,0,5,0,0.0,19.0,0.0,0.001228,0.0,0.6,0.0,0.56,0.75,broker
evitar,13,2,#ff9896,0.0058985673822462,3,0,3,0,0.0,10.0,0.0,0.00077,0.0,0.6667,0.0,0.6667,-1.75,broker
responder,13,0,#ff9896,0.0115789156407117,2,0,2,0,0.0,7.0,0.0,0.0007,0.0,1.0,0.0,0.0,-0.8944,periferico
jorge,13,0,#ff9896,0.0172592382878065,4,0,3,1,0.0,9.0,4.0,0.001151,6.6e-05,0.1667,0.0,0.375,0.4472,periferico
ejercito,13,2,#ff9896,0.0058985683135688,3,0,3,0,0.0,9.0,0.0,0.000747,0.0,0.6667,0.0,0.4444,-0.5,periferico
informar,13,3,#ff9896,0.0058985687792301,1,0,1,0,0.0,3.0,0.0,0.000456,0.0,0.0,0.0,0.0,-1.4142,periferico
cercano,13,0,#ff9896,0.0115789156407117,4,0,2,2,0.0,6.0,11.0,0.00105,0.0,0.3333,0.0,0.5,-0.8944,broker
apoyar,13,0,#ff9896,0.0115789156407117,2,0,2,0,0.0,6.0,0.0,0.000724,0.0,0.0,0.0,0.0,-0.8944,periferico
maximo,8,0,#bcbd22,0.0244155153632164,16,3,2,11,39.0,8.0,54.0,0.004517,0.00949,0.2583,0.0,0.8984,1.0,broker
temperatura,8,0,#bcbd22,0.0244155097752809,15,3,2,10,32.0,15.0,57.0,0.004483,0.018251,0.3048,0.0,0.8889,1.0,broker
municipio,8,2,#bcbd22,0.0143563859164714,9,1,4,4,12.0,19.0,19.0,0.002211,0.0,0.4444,0.0,0.7654,1.0,broker
zona,8,2,#bcbd22,0.0184360649436712,14,1,6,7,12.0,27.0,48.0,0.004049,0.012276,0.2418,0.0,0.8469,1.0,broker
grado,8,0,#bcbd22,0.0123166674748063,6,2,1,3,19.0,3.0,15.0,0.001812,9e-06,0.6667,0.0,0.7778,-1.0,broker
ambiente,8,0,#bcbd22,0.0131860608235001,5,2,1,2,16.0,4.0,8.0,0.001431,3e-06,0.7,0.0,0.72,-1.0,broker
politico,8,1,#bcbd22,0.0083788111805915,5,1,2,2,5.0,7.0,8.0,0.001662,0.0043,0.1,0.0,0.56,0.75,broker
proceso,8,1,#bcbd22,0.0062923715449869,1,1,0,0,5.0,0.0,0.0,0.000679,0.0,0.0,0.0,0.0,-1.75,periferico
apoyo,8,1,#bcbd22,0.0061116321012377,3,1,2,0,5.0,7.0,0.0,0.000978,0.000284,0.6667,0.0,0.4444,-0.5,periferico
atencion,8,1,#bcbd22,0.0080821309238672,5,2,2,1,10.0,6.0,5.0,0.001549,0.000166,0.2,0.0,0.56,0.75,broker
falta,8,1,#bcbd22,0.0082374028861522,5,1,3,1,5.0,11.0,4.0,0.001415,0.000781,0.3,0.0,0.56,0.75,broker
peligroso,8,2,#bcbd22,0.0041577434167265,1,0,1,0,0.0,4.0,0.0,0.000484,0.0,0.0,0.0,0.0,-1.0,periferico
ayuntamiento,8,2,#bcbd22,0.0102384705096483,3,0,2,1,0.0,7.0,8.0,0.000929,0.002505,0.3333,0.0,0.6667,-1.0,broker
ano,11,4,#ffbb78,0.031770646572113,59,1,20,38,5.0,108.0,212.0,0.014774,0.116257,0.1034,0.0,0.9641,1.4142,broker
economico,11,3,#ffbb78,0.0388889499008655,6,2,2,2,12.0,13.0,13.0,0.001905,0.0,0.4,0.0,0.6667,1.0,broker
importante,11,3,#ffbb78,0.0184679143130779,7,2,4,1,13.0,20.0,4.0,0.001939,0.0,0.4762,0.0,0.7347,1.0,broker
mundial,11,1,#ffbb78,0.0282819457352161,6,1,3,2,9.0,9.0,9.0,0.001828,5.7e-05,0.2,0.0,0.7778,1.7889,broker
observar,11,1,#ffbb78,0.0143967298790812,2,1,1,0,9.0,4.0,0.0,0.000998,0.0,1.0,0.0,0.5,0.4472,broker
oportunidad,11,3,#ffbb78,0.0366827622056007,10,2,5,3,11.0,21.0,16.0,0.002445,0.000478,0.3111,0.0,0.86,-1.0,broker
pequeno,11,0,#ffbb78,0.0323490463197231,9,2,6,1,10.0,26.0,4.0,0.002315,0.000335,0.25,0.0,0.7407,1.5689,broker
explicar,11,2,#ffbb78,0.0144027406349778,4,0,4,0,0.0,17.0,0.0,0.001131,0.0,0.3333,0.0,0.75,-0.3536,broker
escenario,11,2,#ffbb78,0.0143967028707265,4,1,3,0,7.0,11.0,0.0,0.001257,2.4e-05,0.1667,0.0,0.625,0.7071,broker
impulsar,11,2,#ffbb78,0.0197693072259426,8,1,4,3,7.0,14.0,15.0,0.002035,9e-06,0.25,0.0,0.75,1.7678,broker
entender,11,0,#ffbb78,0.0143924430012702,4,0,3,1,0.0,14.0,5.0,0.001142,0.0,0.6667,0.0,0.625,-0.3922,broker
aprovechar,11,1,#ffbb78,0.0143908485770225,2,0,2,0,0.0,9.0,0.0,0.00073,0.0,1.0,0.0,0.5,0.4472,broker
posibilidad,11,4,#ffbb78,0.0143993226811289,5,1,0,4,5.0,0.0,17.0,0.001188,0.0,0.5,0.0,0.56,-0.7071,broker
ayudar,11,5,#ffbb78,0.0143956784158945,1,0,1,0,0.0,5.0,0.0,0.000519,0.0,0.0,0.0,0.0,0.0,periferico
enfrentar,11,0,#ffbb78,0.0144014246761798,4,1,3,0,5.0,11.0,0.0,0.001085,0.0,0.8333,0.0,0.375,0.5883,periferico
mexicano,11,0,#ffbb78,0.0144030768424272,5,1,3,1,5.0,11.0,4.0,0.001207,0.0,0.5,0.0,0.72,-0.3922,broker
alla,11,1,#ffbb78,0.0143799809738993,3,0,2,1,0.0,8.0,4.0,0.000818,0.0,0.3333,0.0,0.6667,-0.8944,broker
consecuencia,11,0,#ffbb78,0.0144005110487341,3,0,3,0,0.0,12.0,0.0,0.000877,0.0,0.3333,0.0,0.6667,-1.3728,broker
comercio,11,2,#ffbb78,0.0144060757011175,3,0,3,0,0.0,10.0,0.0,0.000788,0.0,0.6667,0.0,0.6667,-0.3536,broker
marcado,11,4,#ffbb78,0.014400421641767,2,0,1,1,0.0,4.0,5.0,0.000652,0.0,1.0,0.0,0.5,-0.7071,broker
ofrecer,11,1,#ffbb78,0.0144007680937647,3,0,2,1,0.0,6.0,4.0,0.000787,0.0,0.0,0.0,0.6667,-0.8944,broker
abrir,11,-1,#ffbb78,0.014401314780116,5,0,3,2,0.0,9.0,8.0,0.00108,9e-06,0.2,0.0,0.8,0.0,broker
avance,11,2,#ffbb78,0.0143918944522738,2,0,1,1,0.0,3.0,4.0,0.000607,0.0,0.0,0.0,0.5,-0.3536,broker
representar,11,3,#ffbb78,0.0252290572971105,4,0,4,0,0.0,12.0,0.0,0.000876,0.0,0.6667,0.0,0.625,-1.0,broker
directivo,11,5,#ffbb78,0.0143952826038002,3,0,2,1,0.0,6.0,4.0,0.000804,0.0,0.3333,0.0,0.6667,0.0,broker
internacional,11,-1,#ffbb78,0.0282616931945085,7,0,2,5,0.0,6.0,32.0,0.001691,0.0,0.4286,0.0,0.8163,0.0,broker
milenio,11,2,#ffbb78,0.014389730989933,1,0,1,0,0.0,3.0,0.0,0.000441,0.0,0.0,0.0,0.0,-1.4142,periferico
baja,6,0,#e377c2,0.0378825403749942,15,6,1,8,55.0,4.0,38.0,0.003711,0.014509,0.4476,0.0,0.72,1.1832,broker
california,6,0,#e377c2,0.0378127731382846,17,6,3,8,52.0,10.0,39.0,0.003895,0.000649,0.3897,0.0,0.7751,1.1832,broker
appel,6,0,#e377c2,0.0274720750749111,12,4,5,3,31.0,16.0,12.0,0.002428,0.0,0.5758,0.0,0.7361,-0.169,broker
ruffo,6,0,#e377c2,0.0427854694426059,18,6,5,7,60.0,21.0,42.0,0.004769,0.007898,0.3856,0.0,0.8086,0.5071,broker
ernesto,6,0,#e377c2,0.0406882725656032,13,5,3,5,40.0,11.0,29.0,0.003175,3.6e-05,0.5385,0.0,0.7337,-0.169,broker
combustible,6,1,#e377c2,0.024080004543066,7,1,5,1,10.0,16.0,5.0,0.001549,0.000142,0.4762,0.0,0.6939,0.0,broker
empresa,6,1,#e377c2,0.0787724703550338,24,4,11,9,33.0,47.0,37.0,0.005537,0.024901,0.1268,0.0,0.8681,1.633,broker
operacion,6,1,#e377c2,0.0279896594583988,9,1,6,2,10.0,20.0,8.0,0.001978,0.000823,0.3611,0.0,0.716,0.8165,broker
exgobernador,6,0,#e377c2,0.0211124904453754,11,4,2,5,30.0,7.0,22.0,0.002362,4.1e-05,0.7273,0.0,0.6116,0.5071,broker
fiscal,6,2,#e377c2,0.0301235206425189,5,1,4,0,8.0,12.0,0.0,0.001115,0.0,0.9,0.0,0.64,-1.0,broker
huachicol,6,2,#e377c2,0.0299585182219743,10,1,5,4,8.0,20.0,17.0,0.002253,0.005348,0.2444,0.0,0.82,1.0,broker
grande,6,1,#e377c2,0.0261268354952335,7,2,4,1,12.0,13.0,4.0,0.001518,0.000152,0.4762,0.0,0.6122,0.8165,broker
red,6,1,#e377c2,0.0175170097500085,3,2,0,1,11.0,0.0,10.0,0.001797,0.004803,0.0,0.0,0.4444,-0.8165,periferico
ensenada,6,0,#e377c2,0.0173854362219572,4,3,1,0,16.0,4.0,0.0,0.00101,0.0,0.8333,0.0,0.375,-1.5213,periferico
comenzar,6,1,#e377c2,0.0089797172695398,1,1,0,0,5.0,0.0,0.0,0.00069,0.0,0.0,0.0,0.0,-1.633,periferico
alto,6,1,#e377c2,0.0126819964498281,7,1,4,2,5.0,14.0,8.0,0.001474,0.000431,0.3333,0.0,0.7347,0.0,broker
aprehension,6,3,#e377c2,0.0161804798990488,1,1,0,0,5.0,0.0,0.0,0.002169,0.0,0.0,0.0,0.0,0.0,periferico
orden,6,3,#e377c2,0.016133576631546,1,1,0,0,5.0,0.0,0.0,0.002169,0.0,0.0,0.0,0.0,0.0,periferico
solicitar,6,3,#e377c2,0.0088778436183929,5,0,2,3,0.0,8.0,14.0,0.001239,0.004083,0.4,0.0,0.8,0.0,broker
industria,6,1,#e377c2,0.012985723093152,3,0,2,1,0.0,8.0,4.0,0.000864,0.000114,0.0,0.0,0.4444,-0.8165,periferico
republica,6,0,#e377c2,0.0131518617272377,5,0,3,2,0.0,11.0,8.0,0.000998,4.7e-05,0.4,0.0,0.56,-1.5213,broker
relacionado,6,2,#e377c2,0.029006352648139,13,0,10,3,0.0,35.0,12.0,0.002296,0.000448,0.3205,0.0,0.7574,1.0,broker
firma,6,2,#e377c2,0.0174042303115129,3,0,3,0,0.0,10.0,0.0,0.000739,0.0,1.0,0.0,0.4444,-1.0,periferico
titular,6,3,#e377c2,0.0054619489237666,3,0,3,0,0.0,9.0,0.0,0.000722,0.0,0.6667,0.0,0.4444,0.0,periferico
millon,14,1,#c5b0d5,0.0306890774518251,22,2,6,14,19.0,25.0,80.0,0.005516,0.015544,0.1732,0.0,0.9298,0.0,broker
proyecto,14,1,#c5b0d5,0.0307217333465814,16,2,3,11,20.0,13.0,56.0,0.004267,0.006214,0.2417,0.0,0.9141,0.0,broker
centro,14,0,#c5b0d5,0.0307337287813425,14,3,4,7,20.0,14.0,30.0,0.00311,0.004556,0.1978,0.0,0.8571,2.0,broker
comunidad,14,0,#c5b0d5,0.015649439767003,4,1,3,0,8.0,10.0,0.0,0.001146,9e-06,0.3333,0.0,0.625,-0.5,broker
construir,14,1,#c5b0d5,0.0307153742760419,7,2,2,3,13.0,7.0,19.0,0.001935,0.004282,0.3333,0.0,0.8163,0.0,broker
general,14,0,#c5b0d5,0.0156443696469068,11,1,5,5,7.0,18.0,29.0,0.002713,0.009095,0.2,0.0,0.876,-0.5,broker
infraestructura,14,4,#c5b0d5,0.0457925759255886,3,0,2,1,0.0,8.0,4.0,0.000955,0.0,0.3333,0.0,0.6667,0.0,broker
federal,14,3,#c5b0d5,0.0156915113329887,8,0,7,1,0.0,25.0,4.0,0.001846,0.000387,0.1786,0.0,0.8125,1.0,broker
esperar,14,2,#c5b0d5,0.0156657844781875,11,1,4,6,5.0,14.0,32.0,0.002399,0.000715,0.2909,0.0,0.876,-0.5774,broker
laredo,14,5,#c5b0d5,0.0307329967617988,11,1,3,7,5.0,12.0,38.0,0.002681,0.003642,0.2727,0.0,0.876,1.4142,broker
region,14,0,#c5b0d5,0.0156507920473814,7,1,3,3,5.0,11.0,15.0,0.001676,9.5e-05,0.2857,0.0,0.8163,-0.5,broker
confirmar,14,5,#c5b0d5,0.0156541690230369,3,1,1,1,5.0,3.0,4.0,0.000878,0.0,0.3333,0.0,0.6667,-0.7071,broker
terminar,14,2,#c5b0d5,0.0156678277999162,8,1,4,3,5.0,15.0,12.0,0.001836,0.001025,0.0,0.0,0.7812,1.7321,broker
sumar,14,5,#c5b0d5,0.0156651008874177,5,0,2,3,0.0,8.0,15.0,0.001169,0.0,0.5,0.0,0.8,-0.7071,broker
generar,14,4,#c5b0d5,0.0156463515013456,7,0,3,4,0.0,11.0,19.0,0.001472,0.0,0.3333,0.0,0.8571,0.0,broker
medio,14,4,#c5b0d5,0.0156601332128047,4,0,3,1,0.0,10.0,4.0,0.000985,0.0,0.0,0.0,0.75,0.0,broker
indicar,14,2,#c5b0d5,0.0156503692269325,3,0,3,0,0.0,11.0,0.0,0.000815,1.9e-05,0.3333,0.0,0.4444,-0.5774,periferico
coahuila,14,3,#c5b0d5,0.0156603679060935,3,0,3,0,0.0,10.0,0.0,0.000789,0.0,0.6667,0.0,0.4444,1.0,periferico
frontera,14,3,#c5b0d5,0.0156412944197654,6,0,5,1,0.0,17.0,4.0,0.001234,1.9e-05,0.2667,0.0,0.8333,-1.0,broker
grupo,14,4,#c5b0d5,0.0458487756550312,2,0,2,0,0.0,6.0,0.0,0.000655,0.0,0.0,0.0,0.5,0.0,broker
encargado,14,2,#c5b0d5,0.0156999435275793,3,0,2,1,0.0,6.0,4.0,0.00077,1.9e-05,0.0,0.0,0.6667,-0.5774,broker
victoria,14,0,#c5b0d5,0.0156870894134044,3,0,2,1,0.0,6.0,4.0,0.0007,0.0,0.6667,0.0,0.4444,-0.5,periferico
unidos,14,3,#c5b0d5,0.0156597942113876,2,0,2,0,0.0,6.0,0.0,0.000616,0.0,1.0,0.0,0.5,-1.0,broker
columna,25,1,#8c564b,0.0664736256003379,8,4,3,1,30.0,16.0,8.0,0.002823,0.010707,0.6071,0.0,0.5938,0.8165,broker
noticias,25,1,#8c564b,0.0333684980869293,6,3,2,1,20.0,8.0,4.0,0.001791,5e-06,0.7333,0.0,0.6111,-1.2247,broker
cartones,25,1,#8c564b,0.033368494361639,6,4,1,1,25.0,5.0,4.0,0.001877,0.000262,0.8,0.0,0.5,0.8165,broker
casa,25,0,#8c564b,0.0267996229231357,20,4,7,9,28.0,29.0,40.0,0.004897,0.032751,0.1579,0.0,0.845,1.5275,broker
responsabilidad,25,0,#8c564b,0.026799626648426,9,2,5,2,16.0,21.0,8.0,0.00238,0.001456,0.4444,0.0,0.642,0.7638,broker
mandar,25,2,#8c564b,0.0333684906363487,9,4,4,1,20.0,23.0,4.0,0.002688,0.008558,0.4722,0.0,0.716,0.8165,broker
quedar,25,3,#8c564b,0.0397539548575878,14,2,9,3,13.0,50.0,12.0,0.003892,0.018749,0.2637,0.0,0.8265,0.0,broker
articulo,25,0,#8c564b,0.0267996285110712,4,1,2,1,8.0,8.0,4.0,0.001223,0.0,1.0,0.0,0.375,-0.7638,periferico
libertad,25,0,#8c564b,0.0267996285110712,7,1,4,2,5.0,20.0,8.0,0.001785,0.018623,0.619,0.0,0.6939,-0.7638,broker
proteccion,25,3,#8c564b,0.0135038495063781,9,1,4,4,7.0,13.0,25.0,0.002402,0.013024,0.25,0.0,0.7407,1.8257,broker
correo,25,2,#8c564b,0.033368494361639,5,4,1,0,20.0,7.0,0.0,0.001759,3e-06,0.7,0.0,0.32,0.8165,periferico
fuerte,25,3,#8c564b,0.0068814838305115,4,1,2,1,6.0,6.0,4.0,0.000993,0.0,0.6667,0.0,0.625,0.0,broker
respetar,25,0,#8c564b,0.0267996229231357,7,1,5,1,6.0,20.0,4.0,0.001694,3.8e-05,0.7143,0.0,0.5714,0.0,broker
loultimo,25,1,#8c564b,0.0333684980869293,7,4,2,1,20.0,10.0,4.0,0.001904,6.3e-05,0.7143,0.0,0.6122,0.8165,broker
newsletter,25,1,#8c564b,0.033368494361639,7,3,3,1,15.0,15.0,4.0,0.001909,3e-06,0.7143,0.0,0.6939,-1.2247,broker
conversacion,25,2,#8c564b,0.033368494361639,7,3,3,1,15.0,15.0,4.0,0.002018,4.3e-05,0.619,0.0,0.6939,-1.2247,broker
resumen,25,2,#8c564b,0.0333684980869293,4,4,0,0,20.0,0.0,0.0,0.001424,3e-06,0.8333,0.0,0.0,0.8165,periferico
informativo,25,2,#8c564b,0.033368494361639,3,3,0,0,15.0,0.0,0.0,0.001149,0.0,1.0,0.0,0.0,-1.2247,periferico
salir,25,0,#8c564b,0.0068814759142696,5,1,2,2,5.0,7.0,8.0,0.00116,0.000175,0.3,0.0,0.72,-1.5275,broker
impactar,25,3,#8c564b,0.0068780216388404,1,0,1,0,0.0,4.0,0.0,0.000507,0.0,0.0,0.0,0.0,-0.9129,periferico
emitir,25,0,#8c564b,0.0267996191978454,6,0,5,1,0.0,20.0,4.0,0.001432,0.0,0.8,0.0,0.2778,0.7638,periferico
abril,25,3,#8c564b,0.0201246328651905,3,0,1,2,0.0,3.0,9.0,0.000734,0.0,0.3333,0.0,0.6667,-0.9129,broker
historia,1,1,#ff7f0e,0.0161447543650865,10,2,4,4,17.0,16.0,21.0,0.002344,0.0,0.4889,0.0,0.82,0.0,broker
vivir,1,1,#ff7f0e,0.0137706464156508,9,2,5,2,18.0,18.0,13.0,0.00222,0.007748,0.4444,0.0,0.8148,0.0,broker
experiencia,1,1,#ff7f0e,0.0182053912431001,18,2,8,8,17.0,33.0,44.0,0.003826,0.008554,0.3072,0.0,0.8827,0.0,broker
agosto,1,0,#ff7f0e,0.0151728373020887,9,2,2,5,11.0,9.0,40.0,0.002579,0.000521,0.4722,0.0,0.8395,-0.5,broker
tampicotecuida,1,0,#ff7f0e,0.0137473288923501,11,2,2,7,11.0,8.0,32.0,0.002252,9e-06,0.3455,0.0,0.843,0.75,broker
jaiba,1,3,#ff7f0e,0.0182245075702667,11,1,3,7,6.0,12.0,39.0,0.002301,0.0,0.6,0.0,0.8595,0.0,broker
unico,1,3,#ff7f0e,0.0206123609095811,8,1,4,3,6.0,13.0,19.0,0.001638,0.0,0.75,0.0,0.75,0.0,broker
contar,1,2,#ff7f0e,0.0129045536741614,8,1,3,4,5.0,13.0,17.0,0.001757,0.000654,0.2143,0.0,0.75,0.0,broker
cultura,1,0,#ff7f0e,0.0091944877058267,6,0,3,3,0.0,12.0,12.0,0.001187,0.0,0.7333,0.0,0.7778,-1.75,broker
arte,1,0,#ff7f0e,0.0183301959186792,8,1,4,3,5.0,13.0,14.0,0.001503,9e-06,0.3571,0.0,0.75,0.75,broker
tampicovacontodo,1,0,#ff7f0e,0.0137760136276483,6,3,0,3,15.0,0.0,12.0,0.001321,0.0,0.6667,0.0,0.6667,0.75,broker
social,1,2,#ff7f0e,0.0183735713362693,5,2,2,1,10.0,8.0,10.0,0.002121,0.004424,0.3,0.0,0.64,1.4142,broker
privado,1,2,#ff7f0e,0.0092754680663347,1,1,0,0,5.0,0.0,0.0,0.000647,0.0,0.0,0.0,0.0,0.0,periferico
domingo,1,3,#ff7f0e,0.0137741798534989,6,0,4,2,0.0,13.0,13.0,0.001212,0.0,0.8,0.0,0.7778,0.0,broker
ciudad,12,2,#98df8a,0.0500435233116149,63,1,13,49,15.0,94.0,330.0,0.015798,0.107138,0.1306,0.0,0.969,0.0,broker
dafne,12,0,#98df8a,0.0394561663269996,48,1,9,38,25.0,95.0,248.0,0.012764,0.081549,0.2039,0.0,0.9627,1.4142,broker
militarizado,12,0,#98df8a,0.0190937314182519,12,1,4,7,25.0,20.0,42.0,0.002994,0.0,0.6364,0.0,0.8889,-0.7071,broker
mante,12,2,#98df8a,0.0206677485257387,11,1,6,4,15.0,31.0,20.0,0.002411,0.0,0.5818,0.0,0.843,0.0,broker
fallecimiento,12,-1,#98df8a,0.009374264627695,6,0,5,1,0.0,33.0,6.0,0.001505,0.0,0.9333,0.0,0.7222,0.0,broker
pedir,12,3,#98df8a,0.0164084043353796,9,1,4,4,5.0,22.0,17.0,0.001851,0.002183,0.3333,0.0,0.8395,1.4142,broker
recibir,12,3,#98df8a,0.0121721290051937,11,1,6,4,5.0,28.0,16.0,0.002062,0.0,0.3273,0.0,0.876,0.0,broker
luis,12,3,#98df8a,0.00659418432042,7,0,4,3,0.0,19.0,13.0,0.001354,0.0,0.3333,0.0,0.8163,0.0,broker
antonio,12,1,#98df8a,0.0368819497525692,6,2,2,2,13.0,6.0,13.0,0.001608,0.0,0.5333,0.0,0.6667,1.7678,broker
evento,12,1,#98df8a,0.0319822430610656,6,1,1,4,7.0,3.0,20.0,0.001442,0.0,0.4667,0.0,0.8333,-0.3536,broker
sosa,12,1,#98df8a,0.0239378083497285,4,1,1,2,6.0,4.0,12.0,0.001129,0.0,1.0,0.0,0.75,-0.3536,broker
reunir,12,1,#98df8a,0.0116540854796767,1,0,1,0,0.0,5.0,0.0,0.000478,0.0,0.0,0.0,0.0,-1.4142,periferico
juan,12,1,#98df8a,0.0200748927891254,4,0,4,0,0.0,13.0,0.0,0.000938,0.0,0.5,0.0,0.625,0.7071,broker
originario,12,2,#98df8a,0.006594281643629,3,0,3,0,0.0,11.0,0.0,0.000659,0.0,1.0,0.0,0.4444,0.0,periferico
localviernes,12,0,#98df8a,0.0133266989141702,3,0,2,1,0.0,7.0,6.0,0.000737,0.0,1.0,0.0,0.6667,-0.7071,broker
hernandez,12,1,#98df8a,0.0295416824519634,2,0,2,0,0.0,6.0,0.0,0.000601,0.0,1.0,0.0,0.5,-0.3536,broker
localdomingo,12,3,#98df8a,0.0125050563365221,2,0,1,1,0.0,3.0,4.0,0.000548,0.0,1.0,0.0,0.5,-1.4142,broker
academia,24,2,#9467bd,0.0610663443803787,32,2,7,23,34.0,127.0,128.0,0.009534,0.01173,0.2722,0.0,0.9434,1.0,broker
director,24,2,#9467bd,0.0540278144180774,17,1,8,8,29.0,87.0,37.0,0.005,0.000227,0.4485,0.0,0.872,1.0,broker
militarizada,24,1,#9467bd,0.0533240288496017,14,3,4,7,55.0,75.0,38.0,0.005265,0.005876,0.6593,0.0,0.8776,0.0,broker
muerte,24,0,#9467bd,0.05490293353796,40,4,9,27,49.0,101.0,164.0,0.010413,0.040547,0.2423,0.0,0.9463,1.0928,broker
doenitz,24,1,#9467bd,0.0531879775226116,20,3,6,11,54.0,63.0,61.0,0.005715,0.003773,0.4842,0.0,0.91,0.0,broker
madero,24,0,#9467bd,0.0315348021686077,36,2,8,26,36.0,42.0,192.0,0.009566,0.02864,0.2714,0.0,0.9429,1.0928,broker
amenazar,24,0,#9467bd,0.0492169633507728,10,2,5,3,25.0,41.0,16.0,0.003126,0.004291,0.4444,0.0,0.68,1.0928,broker
seguridad,24,1,#9467bd,0.0490263365209102,18,3,4,11,49.0,21.0,57.0,0.004609,0.007805,0.268,0.0,0.8889,0.0,broker
temer,24,1,#9467bd,0.0492955036461353,10,3,3,4,48.0,24.0,20.0,0.003144,0.00081,0.6667,0.0,0.8,0.0,broker
septiembre,24,0,#9467bd,0.0414587557315826,15,3,3,9,27.0,11.0,57.0,0.00366,0.000431,0.4,0.0,0.8444,1.0928,broker
cobrar,24,2,#9467bd,0.0059530404396355,5,1,3,1,5.0,11.0,4.0,0.000909,0.0,1.0,0.0,0.72,-1.0,broker
dano,24,0,#9467bd,0.0083774123340845,2,1,1,0,5.0,4.0,0.0,0.000597,0.0,1.0,0.0,0.0,-0.6428,periferico
denunciar,24,2,#9467bd,0.0064141252078115,4,0,4,0,0.0,17.0,0.0,0.00081,0.0,1.0,0.0,0.5,-1.0,broker
revelar,24,3,#9467bd,0.0116761466488242,7,0,5,2,0.0,20.0,8.0,0.001294,0.0,0.8571,0.0,0.6939,0.0,broker
sexo,24,3,#9467bd,0.0116761624813079,6,0,4,2,0.0,16.0,8.0,0.001175,0.0,0.9333,0.0,0.7222,0.0,broker
nombre,24,3,#9467bd,0.011896077543497,6,0,4,2,0.0,15.0,8.0,0.001141,0.0,0.8,0.0,0.7778,0.0,broker
fecha,24,0,#9467bd,0.0063585038296878,2,0,2,0,0.0,7.0,0.0,0.000535,0.0,1.0,0.0,0.0,-0.6428,periferico
informe,24,0,#9467bd,0.0086442371830344,2,0,2,0,0.0,6.0,0.0,0.000514,0.0,1.0,0.0,0.0,-0.6428,periferico
administracion,24,0,#9467bd,0.0064337868243455,1,0,1,0,0.0,3.0,0.0,0.000416,0.0,0.0,0.0,0.0,-1.2214,periferico
marzo,24,0,#9467bd,0.0093905180692672,1,0,1,0,0.0,3.0,0.0,0.000422,0.0,0.0,0.0,0.0,-1.2214,periferico
monica,16,0,#f7b6d2,0.0336961708962917,19,2,4,13,28.0,17.0,79.0,0.004598,0.003888,0.3626,0.0,0.8975,0.9129,broker
villarreal,16,0,#f7b6d2,0.0328598544001579,22,2,4,16,28.0,18.0,94.0,0.00514,0.000152,0.3074,0.0,0.9132,0.9129,broker
prevencion,16,1,#f7b6d2,0.0313742533326149,21,2,6,13,16.0,35.0,72.0,0.00485,0.001617,0.2667,0.0,0.9297,0.0,broker
programa,16,1,#f7b6d2,0.0107283759862184,8,1,2,5,9.0,8.0,22.0,0.001823,0.000114,0.4286,0.0,0.7812,0.0,broker
jornada,16,2,#f7b6d2,0.022398505359888,10,1,4,5,6.0,22.0,34.0,0.00249,0.0,0.6,0.0,0.86,0.7071,broker
bienestar,16,1,#f7b6d2,0.011203565634787,9,1,3,5,7.0,10.0,27.0,0.001876,0.0,0.5,0.0,0.8148,0.0,broker
saludable,16,2,#f7b6d2,0.0170534253120422,5,1,1,3,6.0,7.0,16.0,0.001326,0.0,1.0,0.0,0.8,0.7071,broker
oferta,16,0,#f7b6d2,0.0086133498698472,6,2,0,4,12.0,0.0,20.0,0.00137,0.0,0.8667,0.0,0.7778,0.0,broker
fortalecer,16,0,#f7b6d2,0.0103571200743317,5,0,2,3,0.0,7.0,17.0,0.001118,0.0,1.0,0.0,0.72,0.0,broker
servicio,16,1,#f7b6d2,0.0099586164578795,5,0,3,2,0.0,11.0,12.0,0.001189,9.5e-05,0.6,0.0,0.56,0.0,broker
extraordinario,16,-1,#f7b6d2,0.0085298838093876,3,0,3,0,0.0,9.0,0.0,0.000614,0.0,1.0,0.0,0.4444,0.0,periferico
formar,5,0,#8c564b,0.0211421400308609,9,2,4,3,18.0,13.0,13.0,0.002092,0.0,0.3611,0.0,0.7407,0.4082,broker
municipal,5,0,#8c564b,0.0149213941767811,15,2,5,8,22.0,17.0,49.0,0.0037,0.003505,0.3333,0.0,0.8178,1.1227,broker
desarrollo,5,0,#8c564b,0.0258049312978982,15,4,1,10,24.0,4.0,47.0,0.00359,0.010428,0.2476,0.0,0.8444,1.1227,broker
panuco,5,1,#8c564b,0.0148555133491754,2,2,0,0,13.0,0.0,0.0,0.00101,0.0,1.0,0.0,0.0,0.0,periferico
rio,5,1,#8c564b,0.0148663586005568,4,2,0,2,13.0,0.0,9.0,0.001478,0.003495,0.3333,0.0,0.625,0.0,broker
manana,5,3,#8c564b,0.0075728958472609,5,1,1,3,5.0,5.0,14.0,0.001193,0.0,0.5,0.0,0.8,0.0,broker
crecimiento,5,0,#8c564b,0.0134270871058106,2,1,1,0,5.0,3.0,0.0,0.000636,0.0,1.0,0.0,0.0,-1.0206,periferico
carmen,5,1,#8c564b,0.0221498496830463,12,3,1,8,15.0,3.0,39.0,0.003062,0.006313,0.2121,0.0,0.8056,1.8257,broker
gracias,5,1,#8c564b,0.0221870597451925,3,1,0,2,5.0,0.0,8.0,0.000821,0.0,0.3333,0.0,0.6667,-0.9129,broker
alcalde,5,0,#8c564b,0.0148960137739777,1,1,0,0,5.0,0.0,0.0,0.000529,0.0,0.0,0.0,0.0,-1.7351,periferico
viernes,5,3,#8c564b,0.0280504524707794,5,1,2,2,5.0,6.0,8.0,0.001014,0.0,0.3,0.0,0.72,0.0,broker
claudia,5,2,#8c564b,0.007577255833894,1,1,0,0,5.0,0.0,0.0,0.000692,0.0,0.0,0.0,0.0,0.0,periferico
cuidar,5,2,#8c564b,0.0075662098824977,5,1,2,2,5.0,6.0,11.0,0.001897,0.008573,0.2,0.0,0.72,1.4142,broker
desarrollar,5,0,#8c564b,0.0289159379899501,5,0,4,1,0.0,14.0,4.0,0.001025,0.0,0.5,0.0,0.32,0.4082,periferico
limpieza,5,0,#8c564b,0.0234209261834621,14,0,3,11,0.0,11.0,62.0,0.003156,0.009404,0.3846,0.0,0.8673,-0.3062,broker
habitante,5,1,#8c564b,0.0075756362639367,1,0,1,0,0.0,3.0,0.0,0.000462,0.0,0.0,0.0,0.0,-0.9129,periferico
carpeta,5,2,#8c564b,0.0076013449579477,1,0,1,0,0.0,3.0,0.0,0.000545,0.0,0.0,0.0,0.0,0.0,periferico
madre,10,0,#aec7e8,0.0168758518993854,26,2,9,15,23.0,43.0,79.0,0.005113,0.004825,0.3323,0.0,0.929,1.4142,broker
militar,10,0,#aec7e8,0.017428295686841,18,1,7,10,15.0,36.0,44.0,0.003527,0.000691,0.3268,0.0,0.9074,-0.7071,broker
menor,10,1,#aec7e8,0.0274199750274419,39,2,13,24,12.0,74.0,132.0,0.007817,0.022262,0.2578,0.0,0.952,1.4142,broker
alejandra,10,0,#aec7e8,0.0067455181851983,7,1,4,2,8.0,15.0,8.0,0.001299,0.0,0.7143,0.0,0.8163,-0.7071,broker
actividad,10,1,#aec7e8,0.0145964911207556,8,1,5,2,7.0,18.0,11.0,0.001533,0.0,0.5,0.0,0.8438,-0.7071,broker
medico,10,2,#aec7e8,0.0209113582968711,13,1,7,5,7.0,24.0,23.0,0.002625,0.002996,0.1923,0.0,0.8639,1.4142,broker
salud,10,2,#aec7e8,0.0187968574464321,17,1,2,14,7.0,7.0,76.0,0.004019,0.010604,0.2353,0.0,0.9204,-0.7071,broker
presunto,10,3,#aec7e8,0.0213489178568124,20,0,8,12,0.0,36.0,55.0,0.003538,0.003125,0.2,0.0,0.89,0.0,broker
video,10,3,#aec7e8,0.0098138228058815,14,0,8,6,0.0,32.0,30.0,0.002398,0.000237,0.4176,0.0,0.898,0.0,broker
presentar,10,-1,#aec7e8,0.0245175082236528,21,0,12,9,0.0,51.0,46.0,0.003868,0.009405,0.2952,0.0,0.9116,1.0,broker
sufrir,10,-1,#aec7e8,0.0068277111276984,7,0,6,1,0.0,28.0,4.0,0.001463,0.000123,0.4762,0.0,0.7755,-1.0,broker
violencia,10,-1,#aec7e8,0.0309383664280176,12,0,9,3,0.0,36.0,15.0,0.002053,0.0,0.5606,0.0,0.8333,1.0,broker
macay,10,4,#aec7e8,0.0071853627450764,1,1,0,0,5.0,0.0,0.0,0.002169,0.0,0.0,0.0,0.0,0.7071,periferico
mariela,10,4,#aec7e8,0.0071857515722513,1,1,0,0,5.0,0.0,0.0,0.002169,0.0,0.0,0.0,0.0,0.7071,periferico
revisar,10,1,#aec7e8,0.006105956621468,2,1,1,0,5.0,3.0,0.0,0.000577,0.0,1.0,0.0,0.5,-0.7071,broker
reportar,10,-1,#aec7e8,0.0125207686796784,6,0,5,1,0.0,16.0,4.0,0.001019,0.0,0.6667,0.0,0.7222,-1.0,broker
declaracion,10,3,#aec7e8,0.0076141133904457,3,0,3,0,0.0,10.0,0.0,0.000647,0.0,1.0,0.0,0.4444,0.0,periferico
victima,10,2,#aec7e8,0.0093947993591427,5,0,5,0,0.0,17.0,0.0,0.00091,0.0,0.9,0.0,0.72,-0.7071,broker
exigir,10,4,#aec7e8,0.0108449505642056,11,0,4,7,0.0,14.0,37.0,0.001929,0.0,0.7636,0.0,0.8926,-1.4142,broker
escuela,20,0,#1f77b4,0.0198782198131084,44,2,7,35,18.0,58.0,241.0,0.011545,0.07485,0.1829,0.0,0.9607,1.4142,broker
presidenta,20,1,#1f77b4,0.0121595729142427,13,1,5,7,12.0,31.0,39.0,0.00326,0.000625,0.3974,0.0,0.8757,-0.7071,broker
verano,20,1,#1f77b4,0.0129541419446468,21,2,3,16,17.0,18.0,79.0,0.00442,0.002584,0.2524,0.0,0.9116,1.4142,broker
instalacion,20,0,#1f77b4,0.0045828348957002,1,1,0,0,9.0,0.0,0.0,0.000604,0.0,0.0,0.0,0.0,-0.7071,periferico
disciplina,20,0,#1f77b4,0.0060343509539961,3,1,1,1,9.0,4.0,5.0,0.000905,0.0,0.6667,0.0,0.6667,-0.7071,broker
maestro,20,-1,#1f77b4,0.0091979689896106,5,0,5,0,0.0,27.0,0.0,0.001348,0.0,0.9,0.0,0.72,0.0,broker
fuerza,20,2,#1f77b4,0.0056482627987861,8,1,5,2,6.0,21.0,10.0,0.002023,0.007095,0.2857,0.0,0.8125,0.0,broker
metro,20,-1,#1f77b4,0.0225306767970323,11,0,6,5,0.0,27.0,21.0,0.002165,0.003779,0.3455,0.0,0.843,0.0,broker
alumno,20,-1,#1f77b4,0.009591270238161,6,0,6,0,0.0,25.0,0.0,0.001266,0.0,0.8,0.0,0.7222,0.0,broker
estatal,20,2,#1f77b4,0.0068291467614471,2,1,1,0,6.0,3.0,0.0,0.00084,0.0,1.0,0.0,0.0,0.0,periferico
ninos,20,1,#1f77b4,0.0067796595394611,5,1,2,2,5.0,7.0,18.0,0.001526,0.001459,0.5,0.0,0.8,-0.7071,broker
iniciar,20,2,#1f77b4,0.0061023305170238,3,0,3,0,0.0,9.0,0.0,0.000833,0.0,0.3333,0.0,0.4444,0.0,periferico
abuso,15,-1,#c49c94,0.0165855102241039,13,0,7,6,0.0,45.0,26.0,0.002704,0.000592,0.4487,0.0,0.8876,0.7071,broker
caso,15,-1,#c49c94,0.0341634005308151,30,0,9,21,0.0,81.0,116.0,0.007017,0.033203,0.2805,0.0,0.9422,0.7071,broker
familia,15,3,#c49c94,0.0308214854449033,45,2,8,35,17.0,66.0,182.0,0.009902,0.049883,0.1657,0.0,0.9649,1.4142,broker
joven,15,0,#c49c94,0.0326058641076087,13,2,5,6,17.0,34.0,25.0,0.003144,0.01283,0.3205,0.0,0.8757,1.118,broker
delito,15,1,#c49c94,0.0365093871951103,24,1,7,16,6.0,36.0,79.0,0.004808,0.018317,0.2391,0.0,0.875,1.4142,broker
existir,15,0,#c49c94,0.0165313780307769,6,2,4,0,16.0,14.0,0.0,0.001512,3.8e-05,0.5333,0.0,0.6667,0.0,broker
mar,15,3,#c49c94,0.012476846575737,4,1,2,1,10.0,6.0,5.0,0.001176,0.000729,0.3333,0.0,0.75,-0.7071,broker
instancia,15,3,#c49c94,0.0059934654273092,3,1,2,0,7.0,8.0,0.0,0.000796,0.0,1.0,0.0,0.4444,-0.7071,periferico
ocurrir,15,1,#c49c94,0.0130794793367385,15,0,7,8,0.0,31.0,35.0,0.002724,0.000142,0.3048,0.0,0.9067,0.0,broker
veracruz,15,1,#c49c94,0.0201538391411304,4,1,3,0,6.0,11.0,0.0,0.000938,0.0,0.6667,0.0,0.5,0.0,broker
declarar,15,0,#c49c94,0.0124880019575357,6,2,4,0,11.0,15.0,0.0,0.001275,0.0,0.6667,0.0,0.6111,1.118,broker
mes,15,0,#c49c94,0.012476853094995,2,0,2,0,0.0,7.0,0.0,0.000567,0.0,1.0,0.0,0.5,-1.118,broker
considerar,15,1,#c49c94,0.0165283679962158,2,0,2,0,0.0,6.0,0.0,0.000555,0.0,0.0,0.0,0.5,-1.4142,broker
mantener,15,0,#c49c94,0.0083719864487648,5,0,4,1,0.0,12.0,4.0,0.000912,0.0,0.6,0.0,0.72,-1.118,broker
bodies,23,1,#d62728,0.0402283556759357,11,2,3,6,24.0,12.0,39.0,0.002861,0.0,0.5273,0.0,0.8595,0.0,broker
exposicion,23,1,#d62728,0.1016145199537277,32,2,8,22,24.0,60.0,138.0,0.008429,0.013113,0.2077,0.0,0.9434,0.0,broker
entrada,23,-1,#d62728,0.0553198382258415,15,0,7,8,0.0,40.0,42.0,0.003185,0.0,0.4667,0.0,0.8889,0.0,broker
gratuito,23,-1,#d62728,0.0453218556940555,13,0,5,8,0.0,41.0,53.0,0.003527,7.6e-05,0.4615,0.0,0.8994,0.0,broker
cultural,23,3,#d62728,0.0406755730509758,17,1,8,8,5.0,37.0,42.0,0.003227,9e-06,0.3603,0.0,0.8858,1.4142,broker
dia,23,0,#d62728,0.0273890309035778,23,1,10,12,11.0,32.0,71.0,0.005054,0.017041,0.2253,0.0,0.9187,2.1828,broker
llegar,23,0,#d62728,0.021501874551177,11,1,3,7,11.0,12.0,34.0,0.002299,0.000152,0.3273,0.0,0.8926,-0.3638,broker
metropolitano,23,4,#d62728,0.0419290289282798,13,0,8,5,0.0,37.0,28.0,0.002557,0.0,0.5128,0.0,0.8876,1.4142,broker
disfrutar,23,4,#d62728,0.0275991223752498,7,0,4,3,0.0,17.0,20.0,0.001578,0.0,0.6667,0.0,0.8571,-0.7071,broker
descubrir,23,3,#d62728,0.0353297777473926,7,1,2,4,5.0,8.0,19.0,0.00152,9e-06,0.4286,0.0,0.8163,-0.7071,broker
turistico,23,1,#d62728,0.0184226036071777,7,2,1,4,10.0,4.0,27.0,0.001672,0.0,0.9048,0.0,0.6939,0.0,broker
compartir,23,0,#d62728,0.0074389581568539,3,0,2,1,0.0,7.0,5.0,0.000772,0.0,0.3333,0.0,0.6667,-0.3638,broker
tamaulipeco,23,0,#d62728,0.0074389460496604,2,0,2,0,0.0,7.0,0.0,0.001223,0.004291,0.0,0.0,0.0,0.4851,periferico
tampiqueno,23,0,#d62728,0.0145387696102261,1,0,1,0,0.0,4.0,0.0,0.000919,0.0,0.0,0.0,0.0,-0.3638,periferico
especial,23,3,#d62728,0.0214997343719005,5,0,3,2,0.0,9.0,8.0,0.000902,0.0,0.9,0.0,0.8,-0.7071,broker
profundo,23,0,#d62728,0.0074389572255313,1,0,1,0,0.0,3.0,0.0,0.000438,0.0,0.0,0.0,0.0,-0.3638,periferico
jardin,23,4,#d62728,0.0214967541396617,6,0,4,2,0.0,12.0,11.0,0.001136,0.0,0.7333,0.0,0.8333,-0.7071,broker
familiar,16,2,#f7b6d2,0.0086533818393945,1,0,0,1,0.0,0.0,6.0,0.000535,0.0,0.0,0.0,0.0,-1.4142,periferico
entorno,11,1,#ffbb78,0.0143939582630991,6,0,0,6,0.0,0.0,28.0,0.001284,0.0,1.0,0.0,0.8333,-0.8944,broker
recurso,9,3,#17becf,0.0243024844676256,2,0,0,2,0.0,0.0,14.0,0.000807,0.0,1.0,0.0,0.5,-0.8165,broker
localsabado,15,-1,#c49c94,0.0124768400564789,1,0,0,1,0.0,0.0,6.0,0.000527,0.0,0.0,0.0,0.0,-1.4142,periferico
generacion,9,2,#17becf,0.0123788993805646,1,0,0,1,0.0,0.0,5.0,0.000491,0.0,0.0,0.0,0.0,-1.4142,periferico
presencia,22,2,#2ca02c,0.0080598322674632,1,0,0,1,0.0,0.0,4.0,0.000458,0.0,0.0,0.0,0.0,-1.4142,periferico
riesgo,21,2,#ff7f0e,0.0080018816515803,1,0,0,1,0.0,0.0,4.0,0.000463,0.0,0.0,0.0,0.0,-1.7321,periferico
clase,9,3,#17becf,0.0123803913593292,2,0,0,2,0.0,0.0,9.0,0.000621,0.0,1.0,0.0,0.5,-0.8165,broker
exito,21,0,#ff7f0e,0.0080018769949674,1,0,0,1,0.0,0.0,5.0,0.000519,0.0,0.0,0.0,0.0,-1.3416,periferico
afirmar,1,2,#ff7f0e,0.0047248122282326,1,0,0,1,0.0,0.0,4.0,0.000463,0.0,0.0,0.0,0.0,-1.4142,periferico
acudir,16,0,#f7b6d2,0.006594268605113,1,0,0,1,0.0,0.0,4.0,0.000443,0.0,0.0,0.0,0.0,-1.8257,periferico
noche,23,0,#d62728,0.007438946980983,1,0,0,1,0.0,0.0,4.0,0.000437,0.0,0.0,0.0,0.0,-1.2127,periferico
visitante,5,2,#8c564b,0.0076013449579477,1,0,0,1,0.0,0.0,4.0,0.000454,0.0,0.0,0.0,0.0,-1.4142,periferico
